"year","economy","economycode","regionwb","pop_adult","wpid_random","wgt","female","age","educ","inc_q","emp_in","urbanicity","account_fin","account_mob","account","dig_account","borrowed","saved","receive_wages","receive_transfers","receive_pensions","receive_agriculture","merchantpay_dig","pay_utilities","domestic_remittances","anydigpayment","fin2","fin3","fin4","fin5","fin6","fin7","fin8","fin9a","fin9b","fin10","fin11_0","fin11_1","fin11_2","fin11a","fin11b","fin11c","fin11d","fin11e","fin11f","fin13_1","fin13a","fin13b","fin13c","fin13d","fin13e","fin13f","fin13f_1","fin14a","fin14b","fin14c","fin14d","fin14e","fin15","fin16","fin17a","fin17b","fin17c","fin17d","fin17e","fin17f","fin18","fin19","fin20","fin21","fin22a","fin22a_1","fin22b","fin22c","fin22d","fin22e","fin22f","fin22g","fin22h","fin23","fin24","fin24a","fin24b","fin24c","fin24d1","fin24d2","fin24d3","fin25e1","fin25e2","fin25e3","fin25e4","fin26a","fin26b","fin27","fh1","fin28","fh2","fin29","fh2a","fin30","fin31a","fin31b","fin31c","fin31d","fin32","fin33","fin34a","fin34b","fin34c","fin34d","fin35","fin36","fin36a","fin37","fin38","fin39a","fin39b","fin39c","fin39d","fin40","fin41","fin41a","fin42","fin43a","fin43b","fin43c","fin43d","fin44","fin45","internet_use","con1","con2a","con2b","con2c","con2d","con2e","con2f","con2g","con3","con4","con5","con6","con7","con8","con9","con10","con11","con12","con13","con14","con15","con16","con17","con18","con19","con20","con21","con22","con23","con24","con25","con26","con27","con28","con29","con30a","con30b","con30c","con30d","con30e","con30f","con30g","con30h","con31a","con31b","con31c","con31d","con31e","con31f","con31g","con31h","con32","fin46","fin47","fin48a","fin48b","fin48c","fin48d","fin48e","fin48f","fin49a","fin49b","fin49c","fin49d","fin49e","fin49f","fin50","fin51"
2024,"Pakistan","PAK","South Asia",155833628,111142768,0.764136451073312,2,22,2,3,1,2,1,1,1,1,1,0,4,2,4,4,0,2,1,1,2,2,2,2,2,,1,1,2,2,,,,,,,,,,,2,2,2,1,2,2,,,,,,,,,2,2,2,,,,2,2,2,,2,2,1,,1,2,1,,,,1,1,3,2,,,,2,2,,4,1,2,,2,,1,1,2,1,2,2,,1,2,,,,,,,,,1,2,2,2,1,,,,,2,,,,,,4,1,1,,,,,,,,,,,,,,1,,1,1,,1,1,1,1,1,1,1,2,,2,1,,1,1,2,,1,1,1,1,2,2,2,2,,,,,,,,,,1,2,,,,,,,,,,,,,,
2024,"Pakistan","PAK","South Asia",155833628,111284662,0.938224881556437,2,26,3,3,2,2,0,0,0,0,1,0,4,4,4,4,0,4,3,0,2,,,,,,,,,,2,2,1,2,1,2,1,2,2,,,,,,,,,2,1,2,1,2,2,2,2,,2,,,,2,2,2,,2,,1,,2,2,1,,,,2,2,4,2,,,,,,,,,,,2,,2,,2,2,,,,,2,,,,,,,,,2,2,,,,,,,,2,,,,,,4,1,1,,,,,,,,,,,,,,1,,1,1,,1,1,1,2,1,1,2,2,,2,1,,1,1,3,,1,1,1,2,2,2,2,2,,,,,,,,,,1,2,,,,,,,,,,,,,,
2024,"Pakistan","PAK","South Asia",155833628,111293546,0.285730633617055,1,24,1,3,2,2,0,0,0,0,1,0,4,4,4,4,0,4,3,0,2,,,,,,,,,,2,2,1,1,1,2,1,2,2,,,,,,,,,3,1,1,1,2,2,2,2,,2,,,,2,2,2,,2,,1,,1,2,2,,,,2,2,1,1,1,1,,,,,,,,,2,,2,,2,2,,,,,2,,,,,,,,,2,2,,,,,,,,2,,,,,,4,0,2,1,1,1,2,2,2,2,1,2,,,,1,,,,,,,,,,,,,,,,2,2,,,,,,,,,,,,,,,,,,,,,,1,2,,,,,,,,,,,,,,
2024,"Pakistan","PAK","South Asia",155833628,111305616,0.930535409825352,2,40,2,3,1,2,0,0,0,0,0,0,4,4,4,4,0,4,3,0,2,,,,,,,,,,2,2,2,2,2,2,2,2,2,,,,,,,,,1,2,2,2,1,2,2,2,,2,,,,2,2,2,,2,,2,,2,2,2,,,2,2,2,3,1,2,1,,,,,,,,,2,,2,,2,2,,,,,2,,,,,,,,,2,2,,,,,,,,2,,,,,,4,1,1,,,,,,,,,,,,,,1,,1,1,,1,1,2,2,2,,2,2,,2,1,,1,1,3,,1,1,2,2,2,2,2,2,,,,,,,,,,1,2,,,,,,,,,,,,,,
2024,"Pakistan","PAK","South Asia",155833628,111427338,0.628841811134897,2,34,2,2,1,1,0,0,0,0,0,0,2,4,4,4,0,4,3,0,2,,,,,,,,,,2,2,1,1,1,2,1,2,2,,,,,,,,,2,1,2,1,1,2,2,2,,2,,,,2,2,2,,2,,2,,2,2,2,,,2,5,1,4,1,1,1,,,,,,,,,2,,2,,2,2,,,,,1,2,2,2,1,,,,,2,2,,,,,,,,2,,,,,,2,1,1,,,,,,,,,,,,,,1,,1,1,,1,1,1,1,1,1,2,1,2,1,1,,1,1,3,,1,1,1,1,2,2,2,2,,,,,,,,,,1,2,,,,,,,,,,,,,,
2024,"Pakistan","PAK","South Asia",155833628,111435821,1.18819524993555,2,30,1,4,1,1,0,0,0,0,0,0,4,4,4,4,0,4,3,0,2,,,,,,,,,,2,2,1,1,1,2,1,2,2,,,,,,,,,1,2,2,1,2,2,2,2,,2,,,,2,2,2,,2,,2,,2,2,2,,,2,2,2,4,2,,,,,,,,,,,2,,2,,2,2,,,,,2,,,,,,,,,2,2,,,,,,,,2,,,,,,4,0,1,,,,,,,,,,,,,,2,2,1,1,,2,,,2,2,,2,2,,2,2,2,,,,,,,,,,,,,1,2,2,2,2,2,2,1,8,1,2,,,,,,,,,,,,,,
2024,"Pakistan","PAK","South Asia",155833628,111492102,1.11188510846827,2,20,1,3,1,1,0,0,0,0,1,1,3,4,4,4,0,4,3,0,2,,,,,,,,,,2,2,2,2,2,2,1,2,2,,,,,,,,,2,2,2,1,2,2,2,2,,2,,,,1,2,2,,2,,1,,1,2,2,,,,3,1,2,1,1,1,,,,,,,,,2,,2,,2,2,,,,,1,2,2,2,2,2,,,,2,2,,,,,,,,2,,,,,,2,1,1,,,,,,,,,,,,,,1,,1,1,,1,1,1,2,1,2,2,2,,2,1,,1,1,3,,1,1,1,1,2,2,2,2,,,,,,,,,,1,2,,,,,,,,,,,,,,
2024,"Pakistan","PAK","South Asia",155833628,111503555,1.71138259884262,2,30,1,4,1,1,0,0,0,0,0,0,2,4,4,4,0,2,3,0,2,,,,,,,,,,2,2,1,2,1,2,1,2,2,,,,,,,,,2,1,2,1,1,2,2,2,,2,,,,2,2,2,,2,,2,,2,2,2,,,2,2,1,1,2,,,,,,,,,,,2,,2,,2,1,2,2,,1,1,2,2,2,1,,,,,2,2,,,,,,,,2,,,,,,4,0,1,,,,,,,,,,,,,,2,2,1,1,,2,,,2,1,1,2,2,,2,2,2,,,,,,,,,,,,,1,2,1,1,2,2,2,2,1,1,2,,,,,,,,,,,,,,
2024,"Pakistan","PAK","South Asia",155833628,111625900,0.82486747825776,2,40,1,5,2,2,0,0,0,0,1,0,2,4,4,4,0,2,1,0,2,,,,,,,,,,2,2,2,2,3,1,1,2,2,,,,,,,,,2,2,1,1,2,2,2,2,,2,,,,2,2,2,,2,,2,,2,2,1,,,1,3,3,2,2,,,,,,,,,,,1,1,2,,2,1,2,2,,1,1,2,2,2,1,,,,,2,2,,,,,,,,2,,,,,,1,0,1,,,,,,,,,,,,,,2,2,2,1,,2,,,2,2,,2,2,,2,2,2,,,,,,,,,,,,,1,2,2,1,2,2,2,1,1,2,,2,2,2,1,2,2,1,2,1,1,2,2,,
2024,"Pakistan","PAK","South Asia",155833628,111629400,0.840851980703735,1,17,1,1,2,2,0,0,0,0,1,0,4,3,4,4,0,4,3,0,2,,,,,,,,,,2,2,1,1,3,2,1,2,2,,,,,,,,,1,2,2,2,2,2,2,2,,2,,,,2,2,2,,1,,2,,2,2,2,,,,3,1,1,2,,,,,,,,,,,2,,2,,2,2,,,,,2,,,,,,,,,1,2,2,2,2,2,,,,2,,,,,,2,0,2,2,1,2,2,2,2,2,2,2,,,,1,,,,,,,,,,,,,,,,2,2,,,,,,,,,,,,,,,,,,,,,,,,,,,,,,,,,,,,,
2024,"Pakistan","PAK","South Asia",155833628,111740281,0.513569290215426,2,41,2,2,2,2,0,0,0,0,1,0,4,4,4,4,0,2,3,0,2,,,,,,,,,,2,1,1,2,2,2,1,2,2,,,,,,,,,2,2,2,1,2,2,2,2,,2,,,,2,2,2,,2,,1,,1,2,1,,,,2,1,2,1,1,2,,,,,,,,,2,,2,,2,1,2,2,,1,2,,,,,,,,,2,2,,,,,,,,2,,,,,,2,0,1,,,,,,,,,,,,,,2,2,1,1,,1,2,2,2,2,,2,2,,2,2,2,,,,,,,,,,,,,1,1,2,2,2,2,2,2,2,1,2,,,,,,,,,,,,,,
2024,"Pakistan","PAK","South Asia",155833628,111766807,1.44089499504701,2,32,3,4,1,2,1,1,1,1,1,1,1,4,4,4,0,1,1,1,1,1,1,2,2,,2,1,2,2,,,,,,,,,,,2,2,2,2,2,2,,,,,,,,,2,2,1,,,,,2,2,,2,2,1,1,1,2,1,,,,2,1,1,1,1,2,1,2,2,,1,2,1,2,1,1,2,,2,1,2,1,,,1,2,1,1,,,2,1,,2,2,,,,,,,,2,,,,,,4,1,1,,,,,,,,,,,,,,1,,1,1,,1,1,1,2,2,,2,1,2,2,1,,1,1,2,,1,1,1,1,1,2,2,2,,,,,,,,,,1,2,,,,,,,,,,,,,,
2024,"Pakistan","PAK","South Asia",155833628,111769566,2.48419955626754,1,45,1,1,1,1,0,0,0,0,1,0,4,4,4,4,0,4,3,0,2,,,,,,,,,,2,2,1,2,2,2,2,2,2,,,,,,,,,2,2,2,2,2,2,2,2,,2,,,,2,2,2,,2,,1,,2,1,2,,,,3,1,1,2,,,,,,,,,,,2,,2,,2,2,,,,,2,,,,,,,,,2,2,,,,,,,,2,,,,,,2,0,2,1,1,2,2,2,2,1,1,2,,,,2,,,,,,,,,,,,,,,,2,2,,,,,,,,,,,,,,,,,,,,,,1,2,,,,,,,,,,,,,,
2024,"Pakistan","PAK","South Asia",155833628,111848835,1.00755911110222,2,38,2,4,1,2,1,1,1,1,1,1,1,3,4,4,1,1,1,1,1,1,2,3,2,,1,1,1,2,,,,,,,,,,,2,2,2,1,1,2,,,,,,,,,2,1,1,3,2,2,,1,1,1,1,1,2,1,2,2,1,,,,4,2,3,2,,,,1,1,2,,1,2,,1,1,1,1,2,1,1,1,,,1,2,1,1,,,2,2,,1,2,2,2,2,2,,,,2,,,,,,4,1,1,,,,,,,,,,,,,,1,,1,1,,1,1,1,1,1,1,1,2,,2,1,,1,1,1,,1,1,1,1,1,1,1,2,,,,,,,,,,1,2,,,,,,,,,,,,,,
2024,"Pakistan","PAK","South Asia",155833628,111886409,1.46315088822628,1,35,1,2,2,1,0,0,0,0,0,0,4,4,4,4,0,4,3,0,2,,,,,,,,,,2,2,2,1,1,1,1,2,2,,,,,,,,,1,1,1,1,1,2,2,2,,2,,,,2,2,2,,2,,2,,2,2,2,,,2,2,1,2,1,2,1,,,,,,,,,2,,2,,2,2,,,,,2,,,,,,,,,2,2,,,,,,,,2,,,,,,2,0,2,1,1,1,2,2,1,1,7,1,2,2,2,,,,,,,,,,,,,,,,,2,2,,,,,,,,,,,,,,,,,,,,,,1,2,,,,,,,,,,,,,,
2024,"Pakistan","PAK","South Asia",155833628,111912188,1.0147837277758,2,23,2,5,2,2,0,0,0,0,1,0,4,3,4,4,0,4,3,0,2,,,,,,,,,,2,2,3,2,2,1,1,1,1,,,,,,,,,3,3,2,2,3,2,2,2,,2,,,,2,2,1,2,2,,1,,2,2,1,,,,7,,1,2,,,,,,,,,,,2,,2,,2,2,,,,,2,,,,,,,,,1,2,2,2,2,2,,,,2,,,,,,5,1,1,,,,,,,,,,,,,,1,,2,1,,1,1,1,1,1,1,2,2,,1,1,,1,1,4,,1,1,1,1,1,2,1,1,,,,,,,,,,1,2,,,,,,,,,,,,,,
2024,"Pakistan","PAK","South Asia",155833628,112030462,1.71138259884262,2,34,1,3,1,1,0,0,0,0,1,1,4,4,4,2,0,2,1,0,2,,,,,,,,,,2,2,1,2,1,2,1,2,2,,,,,,,,,2,1,2,1,1,1,2,2,,1,,,,,1,2,,2,,1,2,1,1,1,,,,2,1,2,2,,,,,,,,,,,2,,1,1,2,1,2,2,,1,2,,,,,,,,,2,2,,,,,,,,1,2,2,1,,2,4,1,1,,,,,,,,,,,,,,1,,1,1,,1,1,1,1,1,1,2,2,,2,1,,1,1,2,,1,1,1,1,2,2,2,2,,,,,,,,,,1,2,,,,,,,,,,,,,,
2024,"Pakistan","PAK","South Asia",155833628,112134998,0.446769103750129,2,45,1,5,1,2,1,0,1,0,0,1,4,4,4,4,0,1,3,1,1,2,2,1,2,,1,1,1,2,,,,,,,,,,,,,,,,,,,,,,,,,1,1,2,2,2,2,,2,2,,2,2,2,,2,2,2,,,2,1,3,1,2,,,,2,2,,4,2,2,,2,,2,,2,1,1,2,,,2,,,,,,,,,2,2,,,,,,,,2,,,,,,8,1,1,,,,,,,,,,,,,,1,,1,1,,1,1,1,1,1,1,2,2,,2,1,,1,1,3,,1,1,1,1,2,2,2,2,,,,,,,,,,1,2,,,,,,,,,,,,,,
2024,"Pakistan","PAK","South Asia",155833628,112219320,0.390399922506024,1,40,1,5,1,1,0,0,0,0,1,1,4,4,4,4,0,4,3,0,2,,,,,,,,,,2,2,2,2,3,3,3,1,2,,,,,,,,,3,3,3,1,2,2,2,2,,1,,,,,2,2,,2,,1,2,2,2,2,,,,7,,1,2,,,,,,,,,,,2,,2,,2,2,,,,,2,,,,,,,,,2,2,,,,,,,,2,,,,,,4,0,2,1,8,8,2,1,2,2,1,2,,,,1,,,,,,,,,,,,,,,,2,2,,,,,,,,,,,,,,,,,,,,,,1,2,,,,,,,,,,,,,,
2024,"Pakistan","PAK","South Asia",155833628,112410769,1.71138259884262,2,25,1,1,2,1,0,0,0,0,1,0,2,4,4,4,0,4,2,0,2,,,,,,,,,,2,2,2,1,1,3,2,2,2,,,,,,,,,2,2,1,1,1,2,2,2,,2,,,,2,2,2,,2,,2,,2,2,1,,,1,7,,1,2,,,,,,,,,,,2,,1,2,2,2,,,,,1,2,2,2,1,,,,,2,2,,,,,,,,2,,,,,,4,0,2,1,2,2,1,2,2,2,4,2,,,,2,,,,,,,,,,,,,,,,2,2,,,,,,,,,,,,,,,,,,,,,,1,2,,,,,,,,,,,,,,
2024,"Pakistan","PAK","South Asia",155833628,112437325,0.517813165835169,2,30,3,4,1,2,1,1,1,1,1,1,1,4,4,4,1,1,1,1,1,1,1,2,2,,1,1,2,2,,,,,,,,,,,2,2,1,1,1,1,2,,,,,,,,1,1,1,1,2,1,,2,2,,2,2,1,1,1,1,2,,,,2,2,4,2,,,,1,2,,4,1,1,1,1,1,1,1,2,1,1,1,,,1,2,1,1,,,2,2,,2,2,,,,,,,,2,,,,,,4,1,1,,,,,,,,,,,,,,1,,1,1,,1,1,1,2,1,1,2,2,,2,1,,1,1,3,,1,1,1,1,2,2,2,2,,,,,,,,,,1,2,,,,,,,,,,,,,,
2024,"Pakistan","PAK","South Asia",155833628,112462814,1.27311322635042,1,25,1,3,2,2,0,0,0,0,0,0,4,4,4,4,0,4,3,0,2,,,,,,,,,,2,2,1,2,3,2,2,2,2,,,,,,,,,2,2,2,2,3,2,2,2,,2,,,,2,2,2,,2,,2,,2,2,2,,,2,5,3,4,2,,,,,,,,,,,2,,2,,2,2,,,,,2,,,,,,,,,2,2,,,,,,,,2,,,,,,4,0,2,1,8,8,2,1,8,2,97,2,,,,1,,,,,,,,,,,,,,,,2,2,,,,,,,,,,,,,,,,,,,,,,1,3,,,,,,,,,,,,,,
2024,"Pakistan","PAK","South Asia",155833628,112511715,0.436364090606788,2,52,1,4,1,2,0,0,0,0,1,0,2,4,4,4,0,4,3,0,2,,,,,,,,,,2,2,1,1,1,2,1,2,2,,,,,,,,,1,1,2,1,2,1,2,2,,2,,,,2,2,2,,2,,1,,2,2,1,,,,2,1,2,2,,,,,,,,,,,2,,2,,2,2,,,,,1,2,2,2,1,,,,,2,2,,,,,,,,2,,,,,,4,0,1,,,,,,,,,,,,,,2,2,1,1,,1,1,1,1,2,,2,1,2,2,2,2,,,,,,,,,,,,,1,1,2,2,2,2,2,1,1,1,2,,,,,,,,,,,,,,
2024,"Pakistan","PAK","South Asia",155833628,112584645,0.621976686324849,1,25,1,4,1,1,0,0,0,0,0,0,4,4,4,4,0,4,3,0,2,,,,,,,,,,2,2,3,2,2,2,1,2,2,,,,,,,,,2,2,2,2,2,2,2,2,,2,,,,2,2,2,,2,,2,,2,2,2,,,2,3,3,1,2,,,,,,,,,,,2,,2,,2,2,,,,,2,,,,,,,,,2,2,,,,,,,,2,,,,,,4,0,2,1,2,2,2,2,2,2,1,2,,,,2,,,,,,,,,,,,,,,,2,2,,,,,,,,,,,,,,,,,,,,,,1,2,,,,,,,,,,,,,,
2024,"Pakistan","PAK","South Asia",155833628,112592515,1.11669397001675,2,28,2,2,1,1,0,0,0,0,1,1,2,4,4,4,0,1,1,0,2,,,,,,,,,,2,2,1,2,1,2,1,2,2,,,,,,,,,,,,,,,,2,2,1,,,,,2,2,,2,2,1,1,2,2,1,,,,2,1,1,2,,,,2,2,,4,1,2,,1,1,1,1,2,1,2,1,,,1,2,2,2,1,,,,,2,2,,,,,,,,2,,,,,,4,1,1,,,,,,,,,,,,,,1,,2,1,,1,1,1,3,1,1,2,2,,2,1,,1,1,2,,1,1,1,1,2,2,1,2,,,,,,,,,,1,2,,,,,,,,,,,,,,
2024,"Pakistan","PAK","South Asia",155833628,112670196,1.26267908805699,1,40,1,4,2,2,0,0,0,0,1,0,4,4,4,4,0,4,3,0,2,,,,,,,,,,2,2,2,2,1,2,1,1,2,,,,,,,,,2,2,1,1,2,2,2,2,,2,,,,2,2,1,1,1,,2,,2,1,1,,,,2,2,2,2,,,,,,,,,,,2,,2,,2,2,,,,,2,,,,,,,,,2,2,,,,,,,,2,,,,,,4,0,2,1,1,2,1,2,1,1,2,1,2,2,2,,,,,,,,,,,,,,,,,2,2,,,,,,,,,,,,,,,,,,,,,,1,2,,,,,,,,,,,,,,
2024,"Pakistan","PAK","South Asia",155833628,112832981,2.24083137482365,1,22,1,3,2,2,0,0,0,0,1,0,4,4,4,4,0,4,3,0,2,,,,,,,,,,2,2,3,2,3,2,1,1,2,,,,,,,,,3,3,2,1,2,2,2,2,,2,,,,2,2,2,,2,,1,,1,2,1,,,,2,1,1,2,,,,,,,,,,,2,,2,,2,2,,,,,2,,,,,,,,,2,2,,,,,,,,2,,,,,,4,0,1,,,,,,,,,,,,,,2,2,2,1,,1,1,1,4,2,,2,2,,2,2,2,,,,,,,,,,,,,1,1,8,2,1,8,2,2,5,1,2,,,,,,,,,,,,,,
2024,"Pakistan","PAK","South Asia",155833628,112931002,0.298154916730402,2,45,2,1,1,1,0,0,0,0,1,0,2,4,4,4,0,4,3,0,2,,,,,,,,,,2,2,1,1,1,2,1,2,1,,,,,,,,,1,1,2,1,2,2,2,2,,2,,,,2,2,2,,2,,1,,1,2,1,,,,3,1,4,1,1,1,,,,,,,,,2,,2,,2,2,,,,,1,2,2,2,1,,,,,2,2,,,,,,,,2,,,,,,5,0,1,,,,,,,,,,,,,,2,2,1,1,,2,,,2,2,,2,1,2,2,2,2,,,,,,,,,,,,,1,1,2,2,2,1,2,1,1,1,2,,,,,,,,,,,,,,
2024,"Pakistan","PAK","South Asia",155833628,112963848,1.13839421082097,2,25,3,5,2,1,1,0,1,1,0,1,4,4,4,4,0,1,1,1,1,1,2,1,1,,1,1,1,2,,,,,,,,,,,,,,,,,,2,2,1,1,1,1,2,1,,1,2,2,1,,1,2,,2,,2,2,2,2,2,,,2,1,3,4,2,,,,1,2,,3,1,2,,1,1,2,,2,1,1,2,,,2,,,,,,,,,2,2,,,,,,,,2,,,,,,2,1,1,,,,,,,,,,,,,,1,,1,1,,1,1,1,1,1,1,2,2,,2,1,,1,1,3,,1,1,1,1,2,2,2,2,,,,,,,,,,1,2,,,,,,,,,,,,,,
2024,"Pakistan","PAK","South Asia",155833628,113044530,0.580871716510889,1,30,2,2,2,1,0,0,0,0,0,0,4,4,4,4,0,4,3,0,2,,,,,,,,,,2,2,3,1,1,2,3,2,2,,,,,,,,,1,1,2,2,3,2,2,2,,2,,,,2,2,2,,2,,2,,2,2,2,,,2,5,1,1,2,,,,,,,,,,,2,,2,,2,2,,,,,2,,,,,,,,,2,2,,,,,,,,2,,,,,,2,0,2,1,1,1,2,1,8,2,1,1,2,2,2,,,,,,,,,,,,,,,,,2,2,,,,,,,,,,,,,,,,,,,,,,1,2,,,,,,,,,,,,,,
2024,"Pakistan","PAK","South Asia",155833628,113392774,1.56951280786621,1,40,1,3,1,2,1,0,1,0,1,0,2,1,4,4,0,2,3,1,2,2,1,3,3,2,2,2,2,2,,,,,,,,,,,,,,,,,,2,2,2,1,2,2,2,2,,2,,,,2,2,2,,2,,2,,2,2,1,,,2,3,1,1,2,,,,1,2,,4,2,2,,2,,2,,2,1,2,2,,1,1,2,2,2,1,,,,,1,2,1,2,,,1,2,1,2,,,,,,4,0,2,1,2,2,2,2,2,2,1,2,,,,2,,,,,,,,,,,,,,,,2,2,,,,,,,,,,,,,,,,,,,,,,1,2,,,,,,,,,,,,,,
2024,"Pakistan","PAK","South Asia",155833628,113551442,0.341013544154288,2,36,2,5,1,2,0,0,0,0,0,0,4,4,4,4,0,4,3,0,2,,,,,,,,,,2,1,1,2,1,2,4,2,2,,,,,,,,,1,1,2,1,1,2,2,2,,2,,,,2,2,2,,2,,2,,2,2,2,,,2,3,2,2,2,,,,,,,,,,,2,,2,,2,2,,,,,2,,,,,,,,,2,2,,,,,,,,2,,,,,,4,1,1,,,,,,,,,,,,,,1,,1,1,,1,1,1,1,1,1,2,2,,1,1,,1,1,2,,1,1,1,1,1,2,1,2,,,,,,,,,,1,2,,,,,,,,,,,,,,
2024,"Pakistan","PAK","South Asia",155833628,113598860,0.528433858168865,1,30,3,5,2,2,1,0,1,1,1,0,4,4,4,4,1,4,1,1,1,1,2,2,2,,2,1,1,1,,,,,,,,,,,,,,,,,,,,,,,,,2,2,2,,,,2,2,2,,2,2,2,,2,2,1,1,1,,2,2,2,2,,,,2,1,1,,2,1,2,1,1,1,1,1,2,,,,,2,,,,,,,,,2,2,,,,,,,,2,,,,,,2,1,1,,,,,,,,,,,,,,1,,1,1,,1,1,1,4,1,1,2,1,2,2,1,,1,2,,1,1,1,1,1,2,1,2,2,,,,,,,,,,1,2,,,,,,,,,,,,,,
2024,"Pakistan","PAK","South Asia",155833628,113623401,2.08579515258368,2,19,2,4,1,2,0,0,0,0,0,1,2,4,4,4,0,4,3,0,2,,,,,,,,,,2,2,1,2,1,1,1,1,2,,,,,,,,,2,1,1,1,2,2,2,2,,1,,,,,2,2,,2,,2,2,2,2,2,,,2,2,2,1,2,,,,,,,,,,,2,,2,,2,2,,,,,1,2,2,2,1,,,,,2,2,,,,,,,,2,,,,,,8,0,1,,,,,,,,,,,,,,2,2,1,1,,1,1,1,1,2,,2,2,,2,2,2,,,,,,,,,,,,,1,1,2,2,2,2,1,2,1,1,2,,,,,,,,,,,,,,
2024,"Pakistan","PAK","South Asia",155833628,113651446,0.54930144917378,2,20,2,4,1,1,0,1,1,1,1,1,4,4,4,4,0,2,3,1,2,,,,,,,,,,2,2,2,1,1,1,1,2,1,1,2,2,2,1,2,2,,,,,,,,,2,1,2,1,2,2,,2,2,,2,1,1,,2,1,2,,,,2,1,6,2,,,,2,2,,4,2,2,,2,,2,,2,1,2,2,,1,2,,,,,,,,,2,2,,,,,,,,2,,,,,,4,1,1,,,,,,,,,,,,,,1,,1,1,,1,1,1,2,1,1,1,2,,2,1,,1,1,2,,1,1,1,2,2,1,2,2,,,,,,,,,,1,2,,,,,,,,,,,,,,
2024,"Pakistan","PAK","South Asia",155833628,113698514,0.706467726328304,1,21,2,5,2,2,0,0,0,0,0,0,4,4,4,4,0,4,3,0,2,,,,,,,,,,2,2,1,1,1,1,1,1,2,,,,,,,,,1,1,1,1,2,2,2,2,,2,,,,2,2,2,,2,,2,,2,2,2,,,2,1,1,3,2,,,,,,,,,,,2,,2,,2,2,,,,,2,,,,,,,,,2,2,,,,,,,,2,,,,,,4,0,2,2,1,2,2,1,1,2,5,2,,,,1,,,,,,,,,,,,,,,,2,2,,,,,,,,,,,,,,,,,,,,,,1,2,,,,,,,,,,,,,,
2024,"Pakistan","PAK","South Asia",155833628,113703293,0.719667649581881,2,47,2,3,1,2,0,0,0,0,0,0,4,4,4,4,0,2,3,0,2,,,,,,,,,,2,1,1,2,2,2,1,1,2,,,,,,,,,2,2,2,1,1,2,2,2,,2,,,,2,2,2,,2,,2,,2,2,2,,,2,1,2,1,2,,,,,,,,,,,2,,2,,2,1,2,2,,1,2,,,,,,,,,2,2,,,,,,,,2,,,,,,4,0,1,,,,,,,,,,,,,,2,2,1,1,,2,,,2,2,,2,2,,2,2,2,,,,,,,,,,,,,2,2,2,2,2,2,2,2,,1,2,,,,,,,,,,,,,,
2024,"Pakistan","PAK","South Asia",155833628,113787941,0.786154406757509,1,40,3,4,2,2,0,0,0,0,0,0,4,4,4,4,0,4,3,0,2,,,,,,,,,,2,2,1,2,2,2,2,1,2,,,,,,,,,2,2,2,2,2,2,2,2,,2,,,,2,2,2,,2,,2,,2,2,2,,,2,1,3,4,2,,,,,,,,,,,2,,2,,2,2,,,,,2,,,,,,,,,2,2,,,,,,,,2,,,,,,4,1,1,,,,,,,,,,,,,,1,,2,1,,1,1,2,3,1,1,2,2,,2,1,,1,2,,2,1,1,1,1,2,2,2,2,,,,,,,,,,1,2,,,,,,,,,,,,,,
2024,"Pakistan","PAK","South Asia",155833628,113859612,1.65613303751169,1,50,1,1,2,1,0,0,0,0,0,0,4,4,4,4,0,4,3,0,2,,,,,,,,,,2,2,2,1,3,2,1,2,2,,,,,,,,,3,2,2,2,2,2,2,2,,2,,,,2,2,2,,2,,2,,2,2,2,,,2,7,,1,2,,,,,,,,,,,2,,2,,2,2,,,,,2,,,,,,,,,2,2,,,,,,,,2,,,,,,4,0,2,2,2,2,2,2,1,2,6,2,,,,2,,,,,,,,,,,,,,,,2,2,,,,,,,,,,,,,,,,,,,,,,1,3,,,,,,,,,,,,,,
2024,"Pakistan","PAK","South Asia",155833628,113901559,2.13799884349809,1,55,1,2,2,2,0,0,0,0,1,0,4,4,4,4,0,4,3,0,2,,,,,,,,,,2,2,1,2,2,1,2,1,2,,,,,,,,,2,2,2,2,2,2,2,2,,2,,,,2,2,2,,1,,2,,1,2,1,,,,1,1,1,2,,,,,,,,,,,2,,2,,2,2,,,,,2,,,,,,,,,2,2,,,,,,,,2,,,,,,4,0,2,2,2,2,2,2,2,1,7,2,,,,1,,,,,,,,,,,,,,,,2,2,,,,,,,,,,,,,,,,,,,,,,1,2,,,,,,,,,,,,,,
2024,"Pakistan","PAK","South Asia",155833628,113965449,0.314420905567448,2,30,2,2,1,1,0,0,0,0,1,0,2,4,4,4,0,4,3,0,2,,,,,,,,,,2,2,1,1,1,2,1,2,1,,,,,,,,,1,1,2,1,1,2,2,2,,2,,,,2,2,2,,2,,1,,2,2,1,,,,4,1,1,1,1,1,,,,,,,,,2,,2,,2,2,,,,,1,2,2,2,1,,,,,2,2,,,,,,,,2,,,,,,4,0,1,,,,,,,,,,,,,,2,2,2,1,,1,1,1,2,2,,2,1,2,2,2,2,,,,,,,,,,,,,1,1,1,1,2,1,2,2,1,1,2,,,,,,,,,,,,,,
2024,"Pakistan","PAK","South Asia",155833628,114031574,0.837926031713718,2,25,2,3,1,2,0,0,0,0,0,0,4,4,4,4,0,4,3,0,2,,,,,,,,,,2,2,2,2,2,2,2,2,2,,,,,,,,,2,1,2,2,2,2,2,2,,2,,,,2,2,2,,2,,2,,2,2,2,,,2,2,2,5,2,,,,,,,,,,,2,,2,,2,2,,,,,2,,,,,,,,,2,2,,,,,,,,2,,,,,,4,0,1,,,,,,,,,,,,,,1,,1,1,,2,,,2,2,,2,2,,2,2,8,,,,,2,1,1,2,2,8,1,2,,,,,,,,,,1,2,,,,,,,,,,,,,,
2024,"Pakistan","PAK","South Asia",155833628,114057251,1.13469061135349,1,17,1,2,2,1,0,0,0,0,1,0,4,4,4,4,0,4,3,0,2,,,,,,,,,,2,2,2,1,1,1,1,2,2,,,,,,,,,2,1,1,1,2,2,2,2,,2,,,,2,2,2,,2,,1,,1,2,2,,,,7,,1,2,,,,,,,,,,,2,,2,,2,2,,,,,2,,,,,,,,,2,2,,,,,,,,2,,,,,,4,0,2,1,1,2,2,1,2,2,1,2,,,,1,,,,,,,,,,,,,,,,2,2,,,,,,,,,,,,,,,,,,,,,,,,,,,,,,,,,,,,,
2024,"Pakistan","PAK","South Asia",155833628,114063114,0.764136451073312,2,22,2,4,1,2,1,1,1,1,1,1,1,4,4,1,1,1,1,1,1,1,1,1,2,,1,1,1,1,,,,,,,,,,,1,2,2,1,1,1,2,,,,,,,,1,1,1,1,1,1,,1,1,1,1,1,1,1,1,1,2,2,,,1,3,1,1,1,2,1,1,1,1,,1,2,,1,1,1,1,2,1,1,1,,,1,2,1,1,,,1,1,,2,2,,,,,,,,1,1,1,,,1,2,1,1,,,,,,,,,,,,,,1,,1,1,,1,1,1,1,1,1,1,1,2,1,1,,1,1,2,,1,1,1,1,1,1,1,1,,,,,,,,,,1,2,,,,,,,,,,,,,,
2024,"Pakistan","PAK","South Asia",155833628,114117485,0.312859015042748,2,49,3,4,1,2,0,1,1,1,1,0,4,4,4,4,0,2,1,1,2,,,,,,,,,,2,2,2,2,2,2,1,2,1,2,2,2,2,2,2,2,,,,,,,,,2,2,2,,,,2,2,2,,2,2,1,,1,1,1,,,,2,2,2,1,2,1,1,1,2,,2,2,2,,1,1,1,1,1,1,2,2,,1,2,,,,,,,,,2,2,,,,,,,,2,,,,,,4,1,1,,,,,,,,,,,,,,1,,1,2,,1,1,1,1,1,2,2,2,,1,1,,1,1,1,,2,1,1,1,1,2,2,2,,,,,,,,,,1,2,,,,,,,,,,,,,,
2024,"Pakistan","PAK","South Asia",155833628,114177076,0.480298331682336,2,30,3,5,2,2,0,0,0,0,0,0,4,4,4,4,0,4,3,0,2,,,,,,,,,,2,2,1,2,2,2,2,2,2,,,,,,,,,2,2,2,2,2,2,2,2,,2,,,,2,2,2,,2,,2,,2,2,2,,,2,3,2,2,2,,,,,,,,,,,2,,2,,2,2,,,,,2,,,,,,,,,2,2,,,,,,,,2,,,,,,2,1,1,,,,,,,,,,,,,,1,,1,2,,1,1,1,1,1,2,2,2,,2,1,,1,1,3,,1,1,1,2,1,2,2,2,,,,,,,,,,1,2,,,,,,,,,,,,,,
2024,"Pakistan","PAK","South Asia",155833628,114212709,2.21451862818165,2,54,1,1,1,2,0,0,0,0,1,0,4,4,4,4,0,2,3,0,2,,,,,,,,,,2,2,3,2,2,2,1,2,2,,,,,,,,,2,2,1,1,2,1,2,2,,2,,,,2,2,2,,3,,1,,1,2,1,,,,2,1,1,2,,,,,,,,,,,2,,2,,1,1,2,2,,1,2,,,,,,,,,2,2,,,,,,,,2,,,,,,3,0,1,,,,,,,,,,,,,,2,2,1,1,,2,,,3,2,,2,2,,2,2,2,,,,,,,,,,,,,1,8,8,8,2,2,2,1,1,1,2,,,,,,,,,,,,,,
2024,"Pakistan","PAK","South Asia",155833628,114255940,1.80125261722233,1,70,1,2,2,1,0,0,0,0,1,0,4,4,4,4,0,4,3,0,2,,,,,,,,,,2,2,2,3,3,1,2,2,3,,,,,,,,,3,1,1,1,3,2,2,2,,2,,,,2,2,2,,2,,1,,2,2,1,,,,7,,6,1,1,1,,,,,,,,,2,,2,,2,2,,,,,2,,,,,,,,,2,2,,,,,,,,2,,,,,,1,0,2,1,1,8,1,2,2,2,4,2,,,,1,,,,,,,,,,,,,,,,2,2,,,,,,,,,,,,,,,,,,,,,,1,2,,,,,,,,,,,,,,
2024,"Pakistan","PAK","South Asia",155833628,114690410,0.910901956916975,2,48,2,5,1,2,1,1,1,1,0,1,1,4,4,4,0,2,1,1,1,1,1,2,2,,2,1,2,2,,,,,,,,,,,,,,,,,,,,,,,,,1,,1,2,1,2,,2,2,,2,,2,2,2,2,2,,,2,2,2,3,2,,,,2,2,,1,2,2,,1,1,1,1,1,1,2,2,,1,1,2,1,1,,,1,1,,2,2,,,,,,,,2,,,,,,2,1,1,,,,,,,,,,,,,,1,,1,1,,1,1,1,3,1,1,1,1,1,2,1,,1,1,1,,1,1,1,1,2,2,2,2,,,,,,,,,,1,2,,,,,,,,,,,,,,
2024,"Pakistan","PAK","South Asia",155833628,114766962,1.8023638253026,1,50,1,1,2,1,1,0,1,0,1,1,4,4,4,4,0,2,3,0,2,2,2,4,4,2,2,2,2,2,,,,,,,,,,,,,,,,,,2,1,2,1,2,2,1,1,,2,3,2,2,,2,2,,2,,1,,2,2,1,,,,7,,3,2,,,,2,2,,1,2,2,,2,,2,,2,1,2,2,,1,2,,,,,,,,,2,2,,,,,,,,2,,,,,,4,0,2,1,1,2,1,2,1,1,1,1,2,2,2,,,,,,,,,,,,,,,,,2,2,,,,,,,,,,,,,,,,,,,,,,1,2,,,,,,,,,,,,,,
2024,"Pakistan","PAK","South Asia",155833628,114952319,1.44089499504701,2,29,2,5,1,2,1,1,1,1,1,1,1,4,4,4,0,2,3,1,1,2,1,2,2,,2,2,2,2,,,,,,,,,,,3,3,3,2,1,2,,,,,,,,,2,1,1,2,2,2,,2,2,,2,2,1,1,1,2,1,,,,2,2,4,2,,,,2,2,,4,1,2,,2,,2,,2,1,2,2,,1,1,2,1,2,,,2,2,,2,2,,,,,,,,2,,,,,,3,1,1,,,,,,,,,,,,,,1,,1,1,,1,1,1,1,1,1,2,1,2,2,1,,1,1,2,,1,1,1,1,2,2,2,2,,,,,,,,,,1,2,,,,,,,,,,,,,,
2024,"Pakistan","PAK","South Asia",155833628,115213738,0.848742150900277,1,30,1,5,2,2,0,0,0,0,1,0,4,4,4,4,0,4,2,0,2,,,,,,,,,,2,2,1,2,1,2,1,1,2,,,,,,,,,,,,,,,,2,2,2,,,,2,2,2,,2,2,1,,2,2,2,,,,1,1,1,2,,,,2,2,,1,2,2,,2,,1,2,2,2,,,,,2,,,,,,,,,2,2,,,,,,,,2,,,,,,4,1,1,,,,,,,,,,,,,,1,,1,1,,1,1,1,3,1,2,2,2,,2,1,,2,1,2,,1,1,1,2,1,2,2,2,,,,,,,,,,1,2,,,,,,,,,,,,,,
2024,"Pakistan","PAK","South Asia",155833628,115251761,0.285730633617055,1,32,2,3,2,1,0,0,0,0,0,0,4,4,4,4,0,4,3,0,2,,,,,,,,,,2,2,2,2,2,2,2,2,2,,,,,,,,,,,,,,,,2,2,2,,,,2,2,2,,2,2,2,,2,2,2,,,2,2,1,4,2,,,,2,2,,1,2,2,,2,,2,,2,2,,,,,2,,,,,,,,,2,2,,,,,,,,2,,,,,,1,0,1,,,,,,,,,,,,,,2,2,1,1,,2,,,3,2,,2,2,,2,2,2,,,,,,,,,,,,,2,2,2,2,2,2,2,2,,1,2,,,,,,,,,,,,,,
2024,"Pakistan","PAK","South Asia",155833628,115293199,2.48419955626753,1,50,1,1,2,1,0,0,0,0,1,0,4,2,4,4,0,2,3,0,2,,,,,,,,,,2,2,2,2,2,2,1,2,2,,,,,,,,,2,2,2,1,2,2,2,2,,2,,,,2,2,2,,2,,1,,1,2,2,,,,7,,1,1,2,1,,,,,,,,,2,,2,,2,1,2,2,,1,2,,,,,,,,,1,2,2,2,1,,,,,2,,,,,,4,0,2,1,1,2,1,2,2,2,1,1,1,2,2,,,,,,,,,,,,,,,,,2,2,,,,,,,,,,,,,,,,,,,,,,1,2,,,,,,,,,,,,,,
2024,"Pakistan","PAK","South Asia",155833628,115364352,0.828066518755845,1,45,1,1,1,1,0,0,0,0,1,0,2,4,4,4,0,2,3,0,2,,,,,,,,,,2,2,2,2,1,2,1,2,2,,,,,,,,,2,1,2,1,2,2,2,2,,2,,,,2,2,2,,2,,1,,1,2,2,,,,7,,1,1,1,1,,,,,,,,,2,,2,,2,1,2,2,,1,1,2,2,2,1,,,,,2,2,,,,,,,,2,,,,,,4,0,1,,,,,,,,,,,,,,2,2,1,1,,2,,,2,2,,2,2,,2,2,2,,,,,,,,,,,,,1,1,2,1,2,2,2,1,2,1,2,,,,,,,,,,,,,,
2024,"Pakistan","PAK","South Asia",155833628,115397984,0.51836077288578,1,32,2,4,1,2,0,0,0,0,0,0,4,4,4,4,0,4,3,0,2,,,,,,,,,,2,2,4,2,2,2,1,2,2,,,,,,,,,2,3,2,1,2,2,2,2,,2,,,,2,2,2,,2,,2,,2,2,2,,,2,5,1,3,2,,,,,,,,,,,2,,2,,2,2,,,,,2,,,,,,,,,2,2,,,,,,,,2,,,,,,4,0,2,1,8,1,2,1,2,2,5,2,,,,2,,,,,,,,,,,,,,,,2,2,,,,,,,,,,,,,,,,,,,,,,1,2,,,,,,,,,,,,,,
2024,"Pakistan","PAK","South Asia",155833628,115400326,1.2886426242251,1,21,1,1,2,2,0,0,0,0,1,0,4,4,4,4,0,2,3,0,2,,,,,,,,,,2,2,2,2,2,2,1,2,2,,,,,,,,,2,2,2,2,2,2,2,2,,2,,,,2,2,2,,2,,2,,2,2,1,,,2,7,,1,2,,,,,,,,,,,2,,2,,2,1,2,2,,1,2,,,,,,,,,2,2,,,,,,,,2,,,,,,4,0,2,1,8,2,2,2,2,2,1,2,,,,2,,,,,,,,,,,,,,,,2,2,,,,,,,,,,,,,,,,,,,,,,1,2,,,,,,,,,,,,,,
2024,"Pakistan","PAK","South Asia",155833628,115632526,0.285730633617055,1,45,2,2,2,2,0,1,1,1,1,0,4,4,4,4,0,4,3,1,2,,,,,,,,,,2,2,1,2,1,2,2,2,2,1,3,3,2,2,2,2,,,,,,,,,2,2,2,,,,2,2,2,,2,2,2,,2,2,1,,,1,7,,1,2,,,,2,2,,2,2,2,,2,,2,,2,2,,,,,2,,,,,,,,,2,2,,,,,,,,2,,,,,,4,0,1,,,,,,,,,,,,,,2,2,2,1,,1,1,1,1,2,,2,2,,2,2,2,,,,,,,,,,,,,1,1,2,1,2,1,2,2,1,1,2,,,,,,,,,,,,,,
2024,"Pakistan","PAK","South Asia",155833628,115698158,0.517813165835169,2,31,2,5,1,2,1,1,1,1,1,1,1,4,4,4,1,1,1,1,1,1,2,2,2,,1,1,1,2,,,,,,,,,,,2,2,2,2,1,2,,,,,,,,,2,1,1,2,2,2,,2,2,,2,2,2,2,2,2,1,,,1,5,2,3,2,,,,1,1,2,,1,2,,1,1,1,1,1,1,1,1,,,1,2,1,1,,,3,2,,2,2,,,,,,,,2,,,,,,2,1,1,,,,,,,,,,,,,,1,,1,1,,1,1,1,1,1,1,2,1,2,2,1,,1,1,3,,1,1,1,1,1,2,2,2,,,,,,,,,,1,2,,,,,,,,,,,,,,
2024,"Pakistan","PAK","South Asia",155833628,115730641,0.998893474774625,1,16,1,2,2,1,0,0,0,0,1,0,4,4,4,4,0,4,3,0,2,,,,,,,,,,2,2,2,1,3,2,1,2,1,,,,,,,,,1,1,2,2,2,2,2,2,,2,,,,2,2,2,,2,,2,,2,2,1,,,1,3,1,1,2,,,,,,,,,,,2,,2,,2,2,,,,,2,,,,,,,,,2,2,,,,,,,,2,,,,,,4,0,2,1,1,1,1,1,8,2,1,2,,,,1,,,,,,,,,,,,,,,,2,2,,,,,,,,,,,,,,,,,,,,,,,,,,,,,,,,,,,,,
2024,"Pakistan","PAK","South Asia",155833628,115880946,0.950346337280218,1,29,1,1,2,1,0,0,0,0,1,0,4,4,4,4,0,4,3,0,2,,,,,,,,,,2,2,1,1,1,1,1,2,1,,,,,,,,,2,2,2,2,2,2,2,2,,2,,,,2,2,2,,2,,1,,2,2,1,,,,5,1,1,2,,,,,,,,,,,2,,2,,2,2,,,,,2,,,,,,,,,2,2,,,,,,,,2,,,,,,2,0,2,1,1,2,2,1,2,2,1,2,,,,1,,,,,,,,,,,,,,,,2,2,,,,,,,,,,,,,,,,,,,,,,1,2,,,,,,,,,,,,,,
2024,"Pakistan","PAK","South Asia",155833628,115886253,0.285730633617055,1,35,1,5,2,2,0,0,0,0,0,0,4,4,4,4,0,2,3,0,2,,,,,,,,,,2,2,1,2,1,2,1,2,1,,,,,,,,,,,,,,,,2,2,2,,,,2,2,2,,2,2,2,,2,2,2,,,2,3,1,2,2,,,,2,2,,5,2,2,,2,,2,,2,1,2,2,,1,2,,,,,,,,,2,2,,,,,,,,2,,,,,,4,0,1,,,,,,,,,,,,,,2,2,2,1,,1,1,2,2,2,,2,2,,2,2,2,,,,,,,,,,,,,1,1,2,2,2,1,2,1,8,1,2,,,,,,,,,,,,,,
2024,"Pakistan","PAK","South Asia",155833628,115941092,0.405098054706151,2,27,1,5,1,2,0,1,1,1,1,0,4,4,4,4,0,1,2,1,2,,,,,,,,,,2,2,1,2,1,2,1,2,2,1,2,2,2,2,1,2,,,,,,,,,2,2,2,,,,2,2,1,2,2,2,1,,1,2,2,,,,5,2,2,2,,,,2,2,,1,2,2,,1,2,2,,1,1,2,1,,,2,,,,,,,,,2,2,,,,,,,,2,,,,,,4,1,1,,,,,,,,,,,,,,1,,1,1,,1,1,1,2,2,,2,1,2,2,1,,1,1,2,,1,1,1,1,2,2,2,2,,,,,,,,,,1,2,,,,,,,,,,,,,,
2024,"Pakistan","PAK","South Asia",155833628,116065702,0.311843985350824,2,35,1,5,1,1,0,0,0,0,0,0,2,4,4,4,0,4,3,0,2,,,,,,,,,,2,2,1,1,1,2,1,2,2,,,,,,,,,2,1,2,1,2,2,2,2,,2,,,,2,2,2,,2,,2,,2,2,2,,,2,3,1,4,1,1,2,,,,,,,,,2,,2,,2,2,,,,,1,2,2,2,1,,,,,2,2,,,,,,,,2,,,,,,4,0,1,,,,,,,,,,,,,,2,2,1,1,,1,1,1,2,2,,2,1,2,2,2,2,,,,,,,,,,,,,1,1,1,2,2,1,2,1,1,1,2,,,,,,,,,,,,,,
2024,"Pakistan","PAK","South Asia",155833628,116092561,0.489145456615077,2,45,2,5,1,2,1,0,1,1,1,1,1,4,4,4,0,2,2,1,1,1,1,2,2,,1,1,2,2,,,,,,,,,,,,,,,,,,2,2,2,2,1,2,2,1,,2,2,1,1,,2,2,,2,,1,,2,2,2,,,,2,3,4,2,,,,2,2,,1,2,2,,1,2,1,2,2,1,2,2,,1,1,1,1,2,,,2,2,,2,2,,,,,,,,2,,,,,,4,1,1,,,,,,,,,,,,,,1,,1,1,,1,1,2,2,1,1,2,1,2,1,1,,1,1,3,,1,2,1,1,2,2,2,2,,,,,,,,,,1,2,,,,,,,,,,,,,,
2024,"Pakistan","PAK","South Asia",155833628,116597634,1.38051044769216,2,32,2,2,1,2,0,0,0,0,1,0,4,4,4,4,0,4,3,0,2,,,,,,,,,,2,2,1,2,2,2,1,2,2,,,,,,,,,2,1,2,1,2,2,2,2,,2,,,,2,2,2,,2,,2,,2,2,1,,,1,2,2,4,2,,,,,,,,,,,2,,2,,2,2,,,,,2,,,,,,,,,2,2,,,,,,,,2,,,,,,4,1,1,,,,,,,,,,,,,,1,,1,1,,1,1,1,2,1,1,2,2,,2,1,,1,1,3,,1,1,1,1,2,2,2,2,,,,,,,,,,1,2,,,,,,,,,,,,,,
2024,"Pakistan","PAK","South Asia",155833628,116655134,0.294899931645378,1,50,1,5,2,1,0,0,0,0,0,0,4,4,4,2,0,4,3,0,2,,,,,,,,,,2,2,2,1,1,2,2,2,2,,,,,,,,,2,1,1,2,2,2,2,2,,2,,,,2,2,2,,2,,2,,2,2,2,,,2,7,,3,2,,,,,,,,,,,2,,2,,2,2,,,,,2,,,,,,,,,2,2,,,,,,,,1,2,2,1,,2,1,0,2,1,1,2,1,2,2,2,2,1,2,2,2,,,,,,,,,,,,,,,,,2,2,,,,,,,,,,,,,,,,,,,,,,1,2,,,,,,,,,,,,,,
2024,"Pakistan","PAK","South Asia",155833628,116733456,0.480806265373828,1,30,2,5,2,2,0,0,0,0,0,1,4,4,4,4,0,2,3,0,2,,,,,,,,,,2,2,2,2,2,2,1,1,2,,,,,,,,,2,2,2,2,2,2,2,2,,2,,,,1,2,2,,2,,2,,2,2,2,,,2,7,,3,2,,,,,,,,,,,2,,2,,2,1,2,2,,1,2,,,,,,,,,2,2,,,,,,,,2,,,,,,4,1,1,,,,,,,,,,,,,,1,,1,1,,1,1,1,1,1,1,2,2,,2,1,,1,2,,1,1,1,1,1,2,2,2,2,,,,,,,,,,1,2,,,,,,,,,,,,,,
2024,"Pakistan","PAK","South Asia",155833628,116740982,0.320985609745396,2,38,2,2,1,2,0,0,0,0,1,0,2,4,4,4,0,4,3,0,2,,,,,,,,,,2,2,2,2,2,2,1,2,2,,,,,,,,,2,2,1,1,1,2,2,2,,3,,,,2,2,2,,2,,1,,1,2,2,,,,3,2,4,2,,,,,,,,,,,2,,2,,2,2,,,,,1,2,2,2,1,,,,,2,2,,,,,,,,2,,,,,,4,1,1,,,,,,,,,,,,,,1,,1,1,,1,1,1,2,1,2,2,2,,2,1,,1,1,2,,1,1,1,2,2,2,2,2,,,,,,,,,,1,2,,,,,,,,,,,,,,
2024,"Pakistan","PAK","South Asia",155833628,116744486,0.379464736940323,2,26,2,5,1,2,1,1,1,1,0,0,4,4,4,4,0,4,3,1,1,1,2,2,2,,1,1,2,2,,,,,,,,,,,2,2,2,1,2,2,,,,,,,,,2,2,2,,,,2,2,2,,2,2,2,,2,2,2,,,2,2,1,1,2,,,,2,2,,1,2,2,,2,,2,,2,2,,,,,2,,,,,,,,,2,2,,,,,,,,2,,,,,,4,1,1,,,,,,,,,,,,,,1,,1,3,,1,1,1,2,1,1,2,2,,2,1,,1,1,3,,1,1,1,1,2,2,2,2,,,,,,,,,,1,2,,,,,,,,,,,,,,
2024,"Pakistan","PAK","South Asia",155833628,116887699,0.401777965779482,2,35,2,5,1,1,0,0,0,0,0,0,4,4,4,4,0,4,3,0,2,,,,,,,,,,2,2,2,2,2,2,1,2,2,,,,,,,,,2,1,2,2,2,1,2,2,,2,,,,2,2,2,,2,,2,,2,2,2,,,2,2,1,1,2,,,,,,,,,,,2,,2,,2,2,,,,,2,,,,,,,,,2,2,,,,,,,,2,,,,,,4,1,1,,,,,,,,,,,,,,1,,1,1,,1,1,1,2,1,1,2,2,,2,1,,1,1,3,,2,2,2,2,2,2,2,2,,,,,,,,,,1,2,,,,,,,,,,,,,,
2024,"Pakistan","PAK","South Asia",155833628,116924564,0.401777965779482,2,41,2,3,1,2,0,1,1,1,1,0,4,4,4,4,0,4,1,1,2,,,,,,,,,,2,2,1,1,1,1,1,2,2,1,2,2,2,2,2,2,,,,,,,,,2,2,2,,,,2,2,2,,2,2,2,,1,2,2,,,2,2,2,1,1,2,2,2,2,2,,1,2,2,,1,1,1,1,2,2,,,,,2,,,,,,,,,2,2,,,,,,,,2,,,,,,5,0,1,,,,,,,,,,,,,,2,2,1,1,,1,1,1,1,2,,2,2,,2,2,2,,,,,,,,,,,,,2,1,2,2,2,2,2,1,8,1,2,,,,,,,,,,,,,,
2024,"Pakistan","PAK","South Asia",155833628,117071108,0.320869887404223,1,27,2,4,2,1,0,0,0,0,1,0,4,4,4,4,0,2,3,0,2,,,,,,,,,,2,2,2,1,2,2,2,2,2,,,,,,,,,1,1,2,2,1,2,2,2,,2,,,,2,2,2,,2,,1,,2,2,2,,,,2,1,2,2,,,,,,,,,,,2,,2,,2,1,2,2,,1,2,,,,,,,,,2,2,,,,,,,,2,,,,,,3,0,1,,,,,,,,,,,,,,1,,1,1,,2,,,2,1,1,1,2,,2,2,2,,,,,2,2,2,2,2,2,2,2,,,,,,,,,,1,2,,,,,,,,,,,,,,
2024,"Pakistan","PAK","South Asia",155833628,117184952,0.581941482716791,1,16,2,4,2,2,0,0,0,0,0,0,4,4,4,4,0,4,3,0,2,,,,,,,,,,2,2,2,2,2,2,1,2,2,,,,,,,,,2,2,2,1,2,2,2,2,,2,,,,2,2,2,,2,,2,,2,2,2,,,2,2,3,1,2,,,,,,,,,,,2,,2,,2,2,,,,,2,,,,,,,,,2,2,,,,,,,,2,,,,,,4,1,2,1,2,2,2,2,8,1,1,1,1,2,2,,,,,,,,,,,,,,,,,1,,2,8,,2,2,1,2,2,1,2,2,2,,,,,,,,,,,,,,,,,,,,,,,,,
2024,"Pakistan","PAK","South Asia",155833628,117253653,2.32801113579631,2,20,2,4,1,2,0,1,1,1,1,1,1,4,4,4,0,4,2,1,2,,,,,,,,,,2,2,1,2,2,2,1,2,2,1,3,3,1,1,2,2,,,,,,,,,2,1,2,2,2,2,,2,2,,2,2,1,,2,2,2,,,,3,2,1,2,,,,2,2,,1,2,2,,2,,1,2,2,2,,,,,1,2,2,1,,,2,2,,2,2,,,,,,,,2,,,,,,4,1,1,,,,,,,,,,,,,,1,,1,1,,1,1,1,2,1,1,2,2,,2,1,,1,1,3,,1,1,1,2,1,2,2,1,,,,,,,,,,1,2,,,,,,,,,,,,,,
2024,"Pakistan","PAK","South Asia",155833628,117282205,1.39053010172245,2,16,1,2,1,1,0,0,0,0,1,0,2,4,4,4,0,4,3,0,2,,,,,,,,,,2,2,1,2,1,2,2,2,1,,,,,,,,,1,1,2,2,1,1,2,2,,2,,,,2,2,2,,2,,1,,1,1,1,,,,3,1,3,1,1,1,,,,,,,,,2,,2,,2,2,,,,,1,2,2,2,1,,,,,2,2,,,,,,,,2,,,,,,4,0,1,,,,,,,,,,,,,,2,2,2,1,,2,,,1,2,,1,2,,2,2,2,,,,,,,,,,,,,1,1,2,1,2,1,2,1,2,,,,,,,,,,,,,,,,
2024,"Pakistan","PAK","South Asia",155833628,117292145,0.369180602456848,2,42,1,3,1,2,0,1,1,1,1,1,4,4,4,4,0,2,1,1,2,,,,,,,,,,2,2,1,2,1,2,2,2,1,1,3,3,3,2,2,2,,,,,,,,,2,2,1,,,,,2,2,,2,2,1,2,2,2,2,,,,5,1,1,2,,,,2,2,,4,2,2,,1,1,1,1,2,1,2,2,,1,2,,,,,,,,,2,2,,,,,,,,2,,,,,,4,0,1,,,,,,,,,,,,,,2,2,2,1,,2,,,3,2,,2,2,,2,2,2,,,,,,,,,,,,,2,2,2,1,2,2,2,1,4,1,2,,,,,,,,,,,,,,
2024,"Pakistan","PAK","South Asia",155833628,117578380,0.285730633617055,1,29,2,5,2,2,0,0,0,0,0,0,4,4,4,4,0,4,3,0,2,,,,,,,,,,2,2,1,2,2,2,2,2,2,,,,,,,,,2,2,2,2,2,2,2,2,,2,,,,2,2,2,,2,,2,,2,2,2,,,2,5,2,3,2,,,,,,,,,,,2,,2,,2,2,,,,,2,,,,,,,,,2,2,,,,,,,,2,,,,,,4,1,1,,,,,,,,,,,,,,1,,2,1,,1,1,1,2,1,1,2,2,,2,1,,1,2,,2,1,1,1,1,1,2,2,2,,,,,,,,,,1,2,,,,,,,,,,,,,,
2024,"Pakistan","PAK","South Asia",155833628,117666192,0.737620811798524,1,30,1,4,1,2,0,0,0,0,0,0,2,4,4,4,0,2,3,0,2,,,,,,,,,,2,2,2,1,1,1,1,2,2,,,,,,,,,1,1,1,1,3,2,2,2,,2,,,,2,2,2,,2,,2,,2,2,2,,,2,7,,1,1,2,2,,,,,,,,,2,,2,,2,1,2,2,,1,1,2,2,2,1,,,,,2,2,,,,,,,,2,,,,,,4,0,2,1,1,2,1,2,2,2,2,1,2,2,2,,,,,,,,,,,,,,,,,2,2,,,,,,,,,,,,,,,,,,,,,,1,2,,,,,,,,,,,,,,
2024,"Pakistan","PAK","South Asia",155833628,117735030,2.2509234546092,1,45,1,2,2,2,0,0,0,0,1,0,4,4,4,4,0,4,3,0,2,,,,,,,,,,2,2,2,2,1,2,1,2,1,,,,,,,,,2,3,1,1,2,2,2,2,,2,,,,2,2,2,,2,,2,,2,2,1,,,2,5,1,1,2,,,,,,,,,,,2,,2,,2,2,,,,,2,,,,,,,,,2,2,,,,,,,,2,,,,,,3,0,2,1,1,2,1,2,2,2,1,2,,,,1,,,,,,,,,,,,,,,,2,2,,,,,,,,,,,,,,,,,,,,,,1,2,,,,,,,,,,,,,,
2024,"Pakistan","PAK","South Asia",155833628,117841625,0.597802856867485,2,23,1,5,1,2,1,1,1,1,1,0,1,4,4,4,0,1,1,1,1,1,1,2,2,,2,2,2,2,,,,,,,,,,,2,2,2,2,2,2,,,,,,,,,2,2,2,,,,2,2,2,,2,2,1,,1,2,1,,,,2,1,1,2,,,,2,2,,4,1,2,,2,,1,1,2,1,2,1,,,1,2,2,1,,,2,1,,2,2,,,,,,,,2,,,,,,4,1,1,,,,,,,,,,,,,,1,,1,1,,1,1,1,2,2,,2,2,,2,1,,1,1,2,,1,1,1,1,2,2,2,2,,,,,,,,,,1,2,,,,,,,,,,,,,,
2024,"Pakistan","PAK","South Asia",155833628,117866476,0.359295231752997,2,70,2,3,1,1,0,0,0,0,1,0,2,4,4,4,0,1,1,0,2,,,,,,,,,,2,2,2,1,2,1,1,2,1,,,,,,,,,1,2,2,2,2,2,2,2,,2,,,,2,2,2,,2,,1,,1,1,2,,,,1,1,3,1,2,1,,,,,,,,,1,2,1,1,1,1,2,1,1,,1,2,2,2,1,,,,,2,2,,,,,,,,2,,,,,,4,1,1,,,,,,,,,,,,,,1,,1,3,,1,1,1,2,1,1,1,1,2,1,1,,3,1,3,,1,1,1,1,2,2,2,2,,,,,,,,,,1,2,,,,,,,,,,,,,,
2024,"Pakistan","PAK","South Asia",155833628,117913884,0.753463268572301,2,25,1,5,1,2,1,0,1,0,1,1,3,4,4,4,0,1,1,1,2,,,,,,,,,,,,,,,,,,,,,,,,,,,,,,,,,,2,2,2,,,,1,2,2,,2,2,1,,1,1,2,,,,4,1,2,1,2,1,2,2,2,,1,2,2,,1,1,1,1,1,1,1,2,,,1,2,2,2,2,2,,,,2,2,,,,,,,,2,,,,,,4,1,1,,,,,,,,,,,,,,1,,1,1,,1,1,1,2,1,1,1,2,,1,1,,1,1,1,,1,1,1,1,2,1,2,2,,,,,,,,,,1,2,,,,,,,,,,,,,,
2024,"Pakistan","PAK","South Asia",155833628,117959698,1.39962311096266,2,60,1,3,1,2,0,0,0,0,1,0,4,4,4,4,0,2,2,0,2,,,,,,,,,,2,1,2,2,1,1,1,1,2,,,,,,,,,2,1,2,1,2,2,1,2,,2,,,,2,2,2,,2,,1,,1,2,1,,,,2,1,1,2,,,,,,,,,,,2,,1,2,2,1,2,2,,1,2,,,,,,,,,2,2,,,,,,,,2,,,,,,4,0,1,,,,,,,,,,,,,,2,2,1,1,,2,,,2,2,,2,1,2,2,2,2,,,,,,,,,,,,,1,1,1,2,2,1,1,1,1,1,1,,,,,,,,,,,,,,
2024,"Pakistan","PAK","South Asia",155833628,118031884,2.2599398777152,1,50,1,5,2,2,0,0,0,0,0,0,4,4,4,4,0,4,3,0,2,,,,,,,,,,2,2,2,2,1,1,1,2,1,,,,,,,,,2,2,2,2,2,2,2,2,,2,,,,2,2,2,,2,,2,,2,2,2,,,2,7,,1,2,,,,,,,,,,,2,,2,,2,2,,,,,2,,,,,,,,,2,2,,,,,,,,2,,,,,,4,0,1,,,,,,,,,,,,,,1,,2,1,,2,,,4,8,,2,2,,2,2,2,,,,,2,2,2,2,2,2,2,2,,,,,,,,,,1,2,,,,,,,,,,,,,,
2024,"Pakistan","PAK","South Asia",155833628,118419707,0.424371075450139,1,30,1,2,2,2,0,0,0,0,0,0,4,4,4,4,0,4,3,0,2,,,,,,,,,,2,2,2,2,2,2,1,2,2,,,,,,,,,2,1,2,1,2,2,2,2,,2,,,,2,2,2,,2,,2,,2,2,2,,,2,2,1,2,2,,,,,,,,,,,2,,2,,2,2,,,,,2,,,,,,,,,2,2,,,,,,,,2,,,,,,5,0,2,1,2,2,2,2,1,1,1,1,2,2,2,,,,,,,,,,,,,,,,,2,2,,,,,,,,,,,,,,,,,,,,,,1,2,,,,,,,,,,,,,,
2024,"Pakistan","PAK","South Asia",155833628,118440411,1.37198487935881,2,28,1,3,2,1,0,0,0,0,1,1,4,4,4,4,0,4,3,0,2,,,,,,,,,,2,2,1,2,2,2,2,2,2,,,,,,,,,1,1,2,1,2,2,2,2,,1,,,,,2,2,,2,,1,2,2,2,1,,,,2,2,3,2,,,,,,,,,,,2,,2,,2,2,,,,,2,,,,,,,,,2,2,,,,,,,,2,,,,,,4,0,1,,,,,,,,,,,,,,2,2,1,1,,2,,,3,2,,2,2,,2,2,2,,,,,,,,,,,,,1,2,2,1,2,2,2,1,1,1,2,,,,,,,,,,,,,,
2024,"Pakistan","PAK","South Asia",155833628,118479578,0.480298331682336,2,25,2,5,1,1,0,0,0,0,1,0,4,4,4,4,0,4,3,0,2,,,,,,,,,,2,2,2,2,1,2,2,2,2,,,,,,,,,1,1,1,2,1,1,1,2,,2,,,,2,2,1,2,2,,1,,2,2,2,,,,2,2,3,2,,,,,,,,,,,2,,2,,2,2,,,,,2,,,,,,,,,2,2,,,,,,,,2,,,,,,3,1,1,,,,,,,,,,,,,,1,,1,2,,1,1,1,1,1,1,1,1,2,1,1,,3,1,2,,1,1,1,2,2,2,1,2,,,,,,,,,,1,2,,,,,,,,,,,,,,
2024,"Pakistan","PAK","South Asia",155833628,118535399,0.938224881556437,2,28,2,3,1,2,0,0,0,0,1,0,4,4,4,4,0,4,3,0,2,,,,,,,,,,2,2,1,2,1,2,1,2,2,,,,,,,,,2,1,2,1,2,2,2,2,,2,,,,2,2,2,,2,,1,,2,2,1,,,,2,1,4,2,,,,,,,,,,,2,,2,,2,2,,,,,2,,,,,,,,,2,2,,,,,,,,2,,,,,,4,1,1,,,,,,,,,,,,,,1,,1,1,,1,1,1,2,1,1,2,2,,2,1,,1,1,2,,1,1,1,1,2,2,2,2,,,,,,,,,,1,2,,,,,,,,,,,,,,
2024,"Pakistan","PAK","South Asia",155833628,118721912,0.303948834906495,2,45,2,5,1,1,1,1,1,1,1,1,4,4,4,4,0,4,1,1,1,1,2,1,1,,1,2,1,2,,,,,,,,,,,1,1,1,1,2,2,,,,,,,,,1,1,1,1,2,2,,2,2,,2,2,1,2,2,2,2,,,,1,2,2,1,1,1,1,2,2,,1,2,2,,1,1,1,1,1,2,,,,,2,,,,,,,,,2,2,,,,,,,,2,,,,,,3,1,1,,,,,,,,,,,,,,1,,1,1,,1,1,1,1,1,1,1,2,,2,1,,1,1,2,,1,1,1,2,2,2,2,2,,,,,,,,,,1,2,,,,,,,,,,,,,,
2024,"Pakistan","PAK","South Asia",155833628,118874702,2.7416131005568,2,54,1,1,1,1,0,0,0,0,1,0,2,4,4,4,0,4,2,0,2,,,,,,,,,,2,2,2,1,1,1,1,2,2,,,,,,,,,1,1,1,1,2,2,2,2,,2,,,,2,2,2,,2,,1,,1,2,1,,,,4,1,1,1,1,1,,,,,,,,,2,,1,2,2,2,,,,,1,2,2,2,1,,,,,2,2,,,,,,,,2,,,,,,3,0,1,,,,,,,,,,,,,,2,2,1,1,,2,,,2,2,,2,2,,2,2,2,,,,,,,,,,,,,1,1,2,1,2,2,2,1,4,1,2,,,,,,,,,,,,,,
2024,"Pakistan","PAK","South Asia",155833628,119290150,3.36249473672386,2,55,1,3,1,1,0,1,1,1,1,0,4,4,4,4,0,1,1,1,2,,,,,,,,,,2,2,2,1,1,2,1,2,2,1,3,3,3,1,2,2,,,,,,,,,2,2,2,,,,2,2,2,,2,2,1,,2,2,2,,,,3,2,2,2,,,,2,2,,4,1,2,,1,1,1,1,2,1,2,1,,,2,,,,,,,,,2,2,,,,,,,,2,,,,,,4,0,1,,,,,,,,,,,,,,2,2,2,1,,2,,,2,2,,2,2,,2,2,2,,,,,,,,,,,,,1,1,2,1,2,2,2,1,1,1,2,,,,,,,,,,,,,,
2024,"Pakistan","PAK","South Asia",155833628,119302071,3.36249473672386,2,62,1,1,1,1,0,0,0,0,1,0,4,4,4,4,0,4,2,0,2,,,,,,,,,,2,2,1,2,2,2,2,2,2,,,,,,,,,2,2,2,2,2,2,2,2,,2,,,,2,2,2,,2,,1,,1,2,2,,,,5,1,1,2,,,,,,,,,,,2,,1,2,2,2,,,,,2,,,,,,,,,2,2,,,,,,,,2,,,,,,4,0,1,,,,,,,,,,,,,,2,2,1,1,,2,,,2,2,,2,2,,2,2,2,,,,,,,,,,,,,1,1,2,1,2,2,2,2,1,1,2,,,,,,,,,,,,,,
2024,"Pakistan","PAK","South Asia",155833628,119313094,0.60947592975509,2,28,1,4,1,1,0,1,1,1,1,0,4,4,4,2,0,2,3,1,2,,,,,,,,,,2,2,2,1,1,2,1,2,2,1,2,2,2,2,2,2,,,,,,,,,2,2,2,,,,2,2,1,1,2,2,1,,1,2,1,,,,7,,1,1,2,1,2,2,2,,1,1,2,,2,,2,,1,1,2,2,,1,2,,,,,,,,,2,2,,,,,,,,1,2,2,1,,1,4,1,1,,,,,,,,,,,,,,1,,1,1,,2,,,2,2,,2,2,,2,1,,1,1,1,,1,1,1,1,2,2,2,2,,,,,,,,,,1,2,,,,,,,,,,,,,,
2024,"Pakistan","PAK","South Asia",155833628,119393682,0.310988343162425,1,30,1,1,2,1,1,0,1,0,1,0,4,1,4,5,0,4,3,1,2,,,,,,,,,,,,,,,,,,,,,,,,,,,,,,,,,,2,2,2,,,,2,2,2,,2,2,1,,2,1,2,,,,2,1,4,2,,,,2,2,,4,2,2,,2,,2,,2,2,,,,,2,,,,,,,,,1,2,1,2,,,3,2,2,3,,,,,,1,0,1,,,,,,,,,,,,,,2,2,2,1,,2,,,3,2,,1,2,,2,2,2,,,,,,,,,,,,,2,2,2,2,1,1,2,2,5,1,2,,,,,,,,,,,,,,
2024,"Pakistan","PAK","South Asia",155833628,119406073,1.74262061789898,1,17,1,1,2,1,0,0,0,0,0,0,4,4,4,4,0,4,3,0,2,,,,,,,,,,2,2,2,1,1,1,1,2,2,,,,,,,,,1,1,1,1,2,2,2,2,,2,,,,2,2,2,,2,,2,,2,2,2,,,2,3,1,2,1,2,1,,,,,,,,,2,,2,,2,2,,,,,2,,,,,,,,,2,2,,,,,,,,2,,,,,,4,0,2,1,1,1,1,2,1,1,7,1,2,2,2,,,,,,,,,,,,,,,,,2,2,,,,,,,,,,,,,,,,,,,,,,,,,,,,,,,,,,,,,
2024,"Pakistan","PAK","South Asia",155833628,119599064,1.14423025273392,2,23,1,4,1,2,0,0,0,0,1,0,4,4,4,4,0,1,3,0,2,,,,,,,,,,2,2,2,1,1,2,1,2,1,,,,,,,,,2,1,2,1,1,2,1,2,,2,,,,2,2,1,2,2,,2,,1,2,1,,,1,2,1,3,2,,,,,,,,,,,2,,2,,2,1,2,1,2,,2,,,,,,,,,2,2,,,,,,,,2,,,,,,2,1,1,,,,,,,,,,,,,,1,,1,1,,1,1,1,1,1,2,1,1,2,1,1,,2,1,3,,1,2,1,1,1,2,2,2,,,,,,,,,,1,2,,,,,,,,,,,,,,
2024,"Pakistan","PAK","South Asia",155833628,119718757,1.09860289834756,2,17,2,3,1,1,0,0,0,0,0,0,4,4,4,4,0,4,3,0,2,,,,,,,,,,2,2,1,2,1,1,1,2,2,,,,,,,,,2,1,1,1,2,2,2,2,,2,,,,2,2,2,,2,,2,,2,2,2,,,2,2,2,1,1,2,2,,,,,,,,,2,,2,,2,2,,,,,2,,,,,,,,,2,2,,,,,,,,2,,,,,,4,1,1,,,,,,,,,,,,,,1,,2,1,,1,1,1,2,1,1,1,2,,2,1,,1,1,2,,1,1,1,2,2,2,2,2,,,,,,,,,,,,,,,,,,,,,,,,,
2024,"Pakistan","PAK","South Asia",155833628,119744378,1.72942582247626,1,70,1,5,2,1,0,0,0,0,1,0,4,4,4,4,0,3,3,0,2,,,,,,,,,,2,2,2,2,1,1,1,2,2,,,,,,,,,2,2,1,1,2,2,2,2,,2,,,,2,2,2,,2,,1,,2,2,2,,,,8,,1,2,,,,,,,,,,,2,,2,,2,1,2,2,,2,2,,,,,,,,,2,2,,,,,,,,2,,,,,,3,0,1,,,,,,,,,,,,,,2,2,2,1,,2,,,4,2,,2,2,,2,2,2,,,,,,,,,,,,,1,1,2,2,2,2,2,1,8,1,2,,,,,,,,,,,,,,
2024,"Pakistan","PAK","South Asia",155833628,119871234,0.71026113237744,1,18,2,1,2,1,0,0,0,0,0,0,4,4,4,4,0,4,3,0,2,,,,,,,,,,2,2,1,1,1,2,1,2,1,,,,,,,,,2,2,1,1,2,2,2,2,,2,,,,2,2,2,,2,,2,,2,2,2,,,2,2,1,2,1,1,1,,,,,,,,,2,,2,,2,2,,,,,2,,,,,,,,,2,2,,,,,,,,2,,,,,,2,0,2,2,2,2,2,1,1,2,5,2,,,,1,,,,,,,,,,,,,,,,2,2,,,,,,,,,,,,,,,,,,,,,,1,2,,,,,,,,,,,,,,
2024,"Pakistan","PAK","South Asia",155833628,119889140,0.933082073975105,2,76,1,3,1,2,0,0,0,0,0,0,2,4,4,4,0,4,3,0,2,,,,,,,,,,2,2,1,2,3,2,2,2,2,,,,,,,,,2,2,2,2,1,2,2,2,,2,,,,2,2,2,,2,,2,,2,2,2,,,2,2,2,2,2,,,,,,,,,,,2,,2,,2,2,,,,,1,2,2,2,1,,,,,2,2,,,,,,,,2,,,,,,3,0,1,,,,,,,,,,,,,,2,2,1,1,,1,1,1,2,2,,2,2,,2,2,2,,,,,,,,,,,,,1,1,2,2,2,2,2,1,1,1,2,,,,,,,,,,,,,,
2024,"Pakistan","PAK","South Asia",155833628,120137268,0.873242096935539,1,25,1,3,2,1,0,0,0,0,1,0,4,4,4,4,0,4,3,0,2,,,,,,,,,,2,2,2,2,2,2,2,2,1,,,,,,,,,2,2,2,2,1,2,2,2,,2,,,,2,2,2,,2,,1,,1,2,2,,,,1,2,2,2,,,,,,,,,,,2,,2,,2,2,,,,,2,,,,,,,,,2,2,,,,,,,,2,,,,,,4,0,2,2,2,1,2,1,2,1,7,1,2,2,2,,,,,,,,,,,,,,,,,2,2,,,,,,,,,,,,,,,,,,,,,,1,2,,,,,,,,,,,,,,
2024,"Pakistan","PAK","South Asia",155833628,120214277,1.09622644857328,1,35,1,4,2,2,0,0,0,0,1,0,4,4,4,4,0,4,1,0,2,,,,,,,,,,2,2,1,2,1,2,1,2,2,,,,,,,,,2,1,1,2,2,1,1,2,,2,,,,2,2,1,2,2,,1,,1,2,2,,,,7,,1,2,,,,,,,,,,,2,,1,1,2,2,,,,,2,,,,,,,,,2,2,,,,,,,,2,,,,,,4,0,1,,,,,,,,,,,,,,2,2,1,1,,2,,,4,2,,2,2,,2,2,2,,,,,,,,,,,,,1,1,2,1,2,2,2,2,1,1,2,,,,,,,,,,,,,,
2024,"Pakistan","PAK","South Asia",155833628,120239501,0.951214262595287,2,60,3,5,1,2,1,0,1,0,0,1,1,4,4,4,0,4,3,1,1,2,1,2,2,,1,1,1,2,,,,,,,,,,,,,,,,,,2,2,2,2,1,2,2,1,,2,2,2,2,,2,2,,2,,2,,2,2,2,,,2,1,2,3,2,,,,2,2,,4,2,2,,2,,2,,2,2,,,,,1,1,1,2,,,2,2,,2,2,,,,,,,,2,,,,,,7,1,1,,,,,,,,,,,,,,1,,1,1,,1,1,1,2,2,,2,2,,2,1,,1,2,,2,1,1,1,1,2,2,2,2,,,,,,,,,,1,2,,,,,,,,,,,,,,
2024,"Pakistan","PAK","South Asia",155833628,120358175,2.0372181006014,2,24,2,2,1,2,0,1,1,1,1,0,2,4,4,4,0,4,3,1,2,,,,,,,,,,2,2,2,2,2,2,2,2,2,2,2,5,2,1,2,2,,,,,,,,,2,2,2,,,,2,2,2,,2,2,1,,2,2,2,,,,2,1,3,1,2,1,2,2,2,,1,2,2,,2,,2,,2,2,,,,,1,2,2,2,1,,,,,2,2,,,,,,,,2,,,,,,4,1,1,,,,,,,,,,,,,,1,,1,1,,1,1,1,2,1,2,2,2,,2,1,,1,1,3,,1,1,1,2,2,2,2,2,,,,,,,,,,1,2,,,,,,,,,,,,,,
2024,"Pakistan","PAK","South Asia",155833628,120436418,1.2886426242251,1,23,1,4,2,1,0,0,0,0,1,0,4,4,4,4,0,4,3,0,2,,,,,,,,,,2,2,2,2,2,2,2,2,2,,,,,,,,,2,2,2,2,2,2,2,2,,2,,,,2,2,2,,2,,1,,2,1,2,,,,2,2,4,2,,,,,,,,,,,2,,2,,2,2,,,,,2,,,,,,,,,2,2,,,,,,,,2,,,,,,3,0,1,,,,,,,,,,,,,,2,2,1,1,,2,,,3,2,,1,2,,2,2,2,,,,,,,,,,,,,2,2,2,1,1,2,2,2,5,1,2,,,,,,,,,,,,,,
2024,"Pakistan","PAK","South Asia",155833628,120466769,1.39053010172245,2,22,1,3,1,1,1,1,1,1,1,1,1,4,4,1,1,4,3,1,1,1,1,2,2,,1,2,1,2,,,,,,,,,,,2,2,2,2,2,1,2,,,,,,,,2,1,1,2,1,1,,1,2,,1,2,2,2,2,2,1,,,,3,1,5,2,,,,2,1,2,,2,2,,2,,2,,2,2,,,,,1,2,2,1,,,1,1,,2,2,,,,,,,,1,1,2,,,2,4,0,1,,,,,,,,,,,,,,1,,1,1,,1,1,1,1,1,1,1,2,,2,2,2,,,,,2,2,2,2,2,2,2,2,,,,,,,,,,1,2,,,,,,,,,,,,,,
2024,"Pakistan","PAK","South Asia",155833628,120559017,1.64973495651552,2,40,1,4,1,2,0,0,0,0,1,1,2,4,4,4,0,2,2,0,2,,,,,,,,,,2,1,2,2,2,2,1,1,1,,,,,,,,,2,3,1,1,1,1,1,2,,1,,,,,2,2,,2,,1,2,2,2,1,,,,2,2,1,2,,,,,,,,,,,1,2,1,2,2,1,2,2,,1,1,2,2,2,1,,,,,2,2,,,,,,,,2,,,,,,4,1,1,,,,,,,,,,,,,,1,,1,1,,1,1,1,2,1,2,1,2,,2,1,,1,1,3,,1,1,1,1,2,2,2,2,,,,,,,,,,1,2,,,,,,,,,,,,,,
2024,"Pakistan","PAK","South Asia",155833628,120597580,0.35983382479094,2,51,2,2,1,1,1,0,1,0,1,0,4,4,4,4,0,1,2,1,2,2,2,2,2,,2,1,1,2,,,,,,,,,,,,,,,,,,2,1,2,2,2,2,2,2,,2,,,,2,2,2,,2,,1,,2,2,2,,,,2,2,2,1,2,2,2,2,2,,4,2,2,,1,2,2,,2,1,1,2,,,2,,,,,,,,,2,2,,,,,,,,2,,,,,,5,0,1,,,,,,,,,,,,,,2,2,1,1,,2,,,1,2,,2,1,2,2,2,2,,,,,,,,,,,,,1,1,2,2,2,1,2,2,6,1,2,,,,,,,,,,,,,,
2024,"Pakistan","PAK","South Asia",155833628,120622504,0.362839177624497,2,32,1,4,1,1,0,0,0,0,1,1,4,4,4,2,0,2,1,0,2,,,,,,,,,,2,2,1,2,2,2,2,2,2,,,,,,,,,,,,,,,,2,1,2,2,1,2,,2,2,,2,2,1,,1,1,2,,,,2,1,2,1,2,1,2,2,1,2,,2,2,,1,1,1,2,1,1,2,2,,1,2,,,,,,,,,2,2,,,,,,,,1,2,2,1,,1,4,1,1,,,,,,,,,,,,,,1,,1,1,,1,1,1,2,1,1,2,1,2,2,1,,1,1,3,,1,1,1,1,1,2,2,2,,,,,,,,,,1,2,,,,,,,,,,,,,,
2024,"Pakistan","PAK","South Asia",155833628,120645310,0.285730633617055,2,36,2,4,1,2,0,1,1,1,1,0,2,4,4,4,0,2,3,1,2,,,,,,,,,,2,2,1,2,1,2,1,2,2,2,3,2,3,2,1,2,,,,,,,,,2,2,2,,,,2,2,2,,2,2,1,,2,2,2,,,,2,1,3,2,,,,2,2,,4,2,2,,2,,2,,2,1,2,2,,1,1,2,2,2,1,,,,,2,2,,,,,,,,2,,,,,,3,0,1,,,,,,,,,,,,,,2,2,1,1,,1,1,1,1,1,1,1,1,2,2,2,2,,,,,,,,,,,,,1,1,1,2,2,1,2,2,1,1,2,,,,,,,,,,,,,,
2024,"Pakistan","PAK","South Asia",155833628,120702718,0.420893029352331,1,35,1,2,2,2,0,0,0,0,0,0,4,4,4,4,0,4,3,0,2,,,,,,,,,,2,2,1,2,2,2,2,2,2,,,,,,,,,2,1,2,1,2,2,2,2,,2,,,,2,2,2,,2,,2,,2,2,2,,,2,2,1,1,2,,,,,,,,,,,2,,2,,2,2,,,,,2,,,,,,,,,2,2,,,,,,,,2,,,,,,2,0,2,1,2,2,2,2,1,2,1,2,,,,2,,,,,,,,,,,,,,,,2,2,,,,,,,,,,,,,,,,,,,,,,1,2,,,,,,,,,,,,,,
2024,"Pakistan","PAK","South Asia",155833628,120862385,2.29240935321994,2,20,2,5,2,2,0,0,0,0,1,1,4,4,4,4,0,4,2,0,2,,,,,,,,,,2,2,1,2,2,2,1,1,2,,,,,,,,,1,2,1,1,2,2,2,2,,1,,,,,2,2,,2,,2,2,2,2,2,,,1,2,2,2,2,,,,,,,,,,,1,2,1,2,2,2,,,,,2,,,,,,,,,2,2,,,,,,,,2,,,,,,5,1,1,,,,,,,,,,,,,,1,,1,1,,1,1,1,1,2,,1,2,,2,1,,2,2,,1,1,1,1,1,1,1,1,1,,,,,,,,,,1,2,,,,,,,,,,,,,,
2024,"Pakistan","PAK","South Asia",155833628,120948133,1.6228473591185,2,50,1,5,1,1,0,0,0,0,1,1,2,4,4,4,0,2,2,0,2,,,,,,,,,,2,2,1,2,1,2,1,2,2,,,,,,,,,2,1,2,1,2,2,2,2,,1,,,,,2,2,,2,,1,2,1,2,2,,,,3,1,1,2,,,,,,,,,,,2,,1,2,2,1,2,2,,1,1,2,2,2,1,,,,,2,2,,,,,,,,2,,,,,,3,0,1,,,,,,,,,,,,,,2,2,1,1,,2,,,2,2,,2,2,,2,2,2,,,,,,,,,,,,,1,2,2,1,2,2,2,1,1,1,2,,,,,,,,,,,,,,
2024,"Pakistan","PAK","South Asia",155833628,120948759,0.737620811798524,1,30,1,2,1,1,0,0,0,0,1,0,2,4,4,4,0,4,2,0,2,,,,,,,,,,2,2,1,2,2,2,1,2,2,,,,,,,,,2,2,2,1,2,2,2,2,,2,,,,2,2,2,,2,,1,,1,2,2,,,,3,1,4,1,2,1,,,,,,,,,1,2,1,2,2,2,,,,,1,2,2,2,1,,,,,2,2,,,,,,,,2,,,,,,4,0,1,,,,,,,,,,,,,,2,2,2,1,,2,,,2,2,,1,2,,2,2,2,,,,,,,,,,,,,1,2,2,2,2,2,2,2,1,1,2,,,,,,,,,,,,,,
2024,"Pakistan","PAK","South Asia",155833628,120962154,0.285730633617055,1,35,2,5,2,2,0,0,0,0,0,1,4,4,4,4,0,2,3,0,2,,,,,,,,,,2,2,1,2,2,2,2,1,2,,,,,,,,,2,3,2,1,3,2,2,2,,1,,,,,2,2,,2,,2,2,2,2,2,,,2,1,2,2,2,,,,,,,,,,,2,,2,,2,1,2,2,,1,2,,,,,,,,,2,2,,,,,,,,2,,,,,,4,1,2,2,2,2,2,1,2,1,7,1,1,2,2,,,,,,,,,,,,,,,,,1,,1,1,3,,1,1,1,1,1,2,2,2,,,,,,,,,,1,2,,,,,,,,,,,,,,
2024,"Pakistan","PAK","South Asia",155833628,120973128,3.36249473672386,1,50,1,5,2,2,0,0,0,0,1,0,4,4,4,4,0,4,3,0,2,,,,,,,,,,2,2,2,1,1,1,1,2,2,,,,,,,,,2,3,3,1,2,2,2,2,,2,,,,2,2,2,,2,,1,,2,2,2,,,,2,1,1,2,,,,,,,,,,,2,,2,,2,2,,,,,2,,,,,,,,,2,2,,,,,,,,2,,,,,,4,0,2,1,1,2,1,2,2,1,4,1,1,2,2,,,,,,,,,,,,,,,,,2,2,,,,,,,,,,,,,,,,,,,,,,1,2,,,,,,,,,,,,,,
2024,"Pakistan","PAK","South Asia",155833628,121072917,0.560567987135824,1,20,1,4,2,1,0,0,0,0,1,0,4,4,4,4,0,4,3,0,2,,,,,,,,,,2,2,2,2,2,2,2,2,2,,,,,,,,,1,1,2,2,2,2,2,2,,2,,,,2,2,2,,2,,2,,2,2,1,,,2,2,1,1,2,,,,,,,,,,,2,,2,,2,2,,,,,2,,,,,,,,,2,2,,,,,,,,2,,,,,,4,0,2,1,1,1,1,1,1,2,4,1,2,1,2,,,,,,,,,,,,,,,,,2,2,,,,,,,,,,,,,,,,,,,,,,1,2,,,,,,,,,,,,,,
2024,"Pakistan","PAK","South Asia",155833628,121145388,1.04810520916198,1,50,1,5,2,2,0,1,1,1,1,1,4,4,4,4,0,4,3,1,2,,,,,,,,,,2,1,1,1,1,2,1,1,1,2,2,3,2,1,2,2,,,,,,,,,1,1,1,2,1,2,,1,2,,1,1,1,1,2,2,2,,,,3,2,2,1,1,1,1,1,2,,4,1,1,2,2,,2,,2,2,,,,,2,,,,,,,,,2,2,,,,,,,,2,,,,,,4,1,1,,,,,,,,,,,,,,1,,1,1,,1,1,1,1,1,2,2,2,,2,1,,1,1,2,,1,2,1,1,1,2,2,2,,,,,,,,,,1,2,,,,,,,,,,,,,,
2024,"Pakistan","PAK","South Asia",155833628,121238475,0.503779555551112,2,40,1,2,1,2,0,0,0,0,1,0,2,4,4,4,0,2,3,0,2,,,,,,,,,,2,2,1,2,2,2,1,2,2,,,,,,,,,2,2,2,1,2,1,2,2,,2,,,,2,2,2,,2,,1,,2,1,1,,,,3,1,1,2,,,,,,,,,,,2,,2,,2,1,2,2,,1,1,2,2,2,1,,,,,2,2,,,,,,,,2,,,,,,4,0,1,,,,,,,,,,,,,,2,2,1,1,,1,1,1,1,2,,2,2,,2,2,2,,,,,,,,,,,,,1,2,2,2,2,2,2,2,1,1,2,,,,,,,,,,,,,,
2024,"Pakistan","PAK","South Asia",155833628,121260753,1.16174707859932,1,17,1,5,2,2,0,0,0,0,1,1,4,4,4,4,0,2,3,0,2,,,,,,,,,,2,2,1,2,3,1,1,2,1,,,,,,,,,2,1,1,1,3,2,2,2,,2,,,,1,2,2,,2,,1,,1,2,2,,,,7,,1,1,1,1,,,,,,,,,2,,2,,2,1,2,2,,1,2,,,,,,,,,2,2,,,,,,,,2,,,,,,3,0,2,1,1,2,2,1,2,2,1,1,2,2,2,,,,,,,,,,,,,,,,,2,2,,,,,,,,,,,,,,,,,,,,,,,,,,,,,,,,,,,,,
2024,"Pakistan","PAK","South Asia",155833628,121292784,0.831683763902543,2,27,1,3,1,2,0,0,0,0,1,0,2,4,4,4,0,2,2,0,2,,,,,,,,,,2,2,2,1,1,1,2,2,4,,,,,,,,,2,1,1,2,3,1,1,2,,2,,,,2,2,2,,2,,1,,2,2,1,,,,2,1,1,2,,,,,,,,,,,1,2,1,2,2,1,2,2,,1,1,2,2,2,1,,,,,2,2,,,,,,,,2,,,,,,4,1,1,,,,,,,,,,,,,,1,,1,1,,2,,,2,1,2,2,2,,2,1,,1,1,3,,1,1,1,1,2,2,2,2,,,,,,,,,,1,2,,,,,,,,,,,,,,
2024,"Pakistan","PAK","South Asia",155833628,121400352,0.285730633617055,1,43,1,4,2,1,0,0,0,0,1,1,4,4,4,4,0,4,3,0,2,,,,,,,,,,2,2,1,2,2,2,2,1,2,,,,,,,,,2,2,2,2,2,2,2,2,,1,,,,,1,2,,2,,1,2,2,2,2,,,,2,1,4,2,,,,,,,,,,,2,,2,,2,2,,,,,2,,,,,,,,,2,2,,,,,,,,2,,,,,,1,0,1,,,,,,,,,,,,,,2,2,2,1,,2,,,3,2,,2,2,,2,2,2,,,,,,,,,,,,,2,2,2,2,1,2,1,2,5,1,2,,,,,,,,,,,,,,
2024,"Pakistan","PAK","South Asia",155833628,121406705,0.559975791510384,2,20,2,2,1,1,0,1,1,1,1,0,2,4,4,4,0,4,3,1,2,,,,,,,,,,2,2,1,1,2,1,1,2,1,1,1,2,2,1,1,2,,,,,,,,,2,2,2,,,,2,2,2,,2,2,2,,2,2,1,,,2,1,1,2,2,,,,2,2,,1,2,2,,2,,2,,2,2,,,,,1,2,2,2,1,,,,,2,2,,,,,,,,2,,,,,,4,0,1,,,,,,,,,,,,,,2,2,1,1,,1,1,1,1,2,,2,1,2,2,2,2,,,,,,,,,,,,,1,2,2,2,2,2,2,2,1,1,2,,,,,,,,,,,,,,
2024,"Pakistan","PAK","South Asia",155833628,121545938,0.285730633617055,1,25,2,4,2,2,0,0,0,0,1,1,4,4,4,4,0,4,2,0,2,,,,,,,,,,2,2,2,2,2,2,2,2,2,,,,,,,,,2,2,2,2,2,2,2,1,,2,3,2,2,,2,2,,2,,1,,2,2,2,,,,1,2,3,2,,,,,,,,,,,2,,1,2,2,2,,,,,2,,,,,,,,,2,2,,,,,,,,2,,,,,,5,0,2,2,2,2,2,1,1,1,5,1,1,2,1,,,,,,,,,,,,,,,,,2,2,,,,,,,,,,,,,,,,,,,,,,1,2,,,,,,,,,,,,,,
2024,"Pakistan","PAK","South Asia",155833628,121771154,1.19161600732836,1,25,1,3,2,2,0,0,0,0,0,0,4,4,4,4,0,4,3,0,2,,,,,,,,,,2,2,1,2,1,2,2,2,1,,,,,,,,,2,1,2,2,2,2,2,2,,2,,,,2,2,2,,2,,2,,2,2,2,,,2,3,1,1,2,,,,,,,,,,,2,,2,,2,2,,,,,2,,,,,,,,,2,2,,,,,,,,2,,,,,,4,0,2,1,1,1,1,2,8,2,1,2,,,,1,,,,,,,,,,,,,,,,2,2,,,,,,,,,,,,,,,,,,,,,,1,2,,,,,,,,,,,,,,
2024,"Pakistan","PAK","South Asia",155833628,122019203,3.20699826524713,1,65,1,2,2,2,0,0,0,0,1,0,4,4,4,4,0,2,2,0,2,,,,,,,,,,2,2,2,2,1,2,1,1,2,,,,,,,,,2,1,2,1,2,2,2,2,,2,,,,2,2,2,,2,,1,,2,2,1,,,,5,1,1,2,,,,,,,,,,,2,,1,2,2,1,2,2,,1,2,,,,,,,,,2,2,,,,,,,,2,,,,,,4,0,1,,,,,,,,,,,,,,2,2,2,1,,2,,,2,2,,2,2,,2,2,2,,,,,,,,,,,,,1,8,2,1,2,2,2,1,8,1,2,,,,,,,,,,,,,,
2024,"Pakistan","PAK","South Asia",155833628,122019954,0.285730633617055,1,25,2,5,2,1,0,0,0,0,0,1,4,4,4,4,0,2,3,0,2,,,,,,,,,,2,2,1,1,2,2,1,1,2,,,,,,,,,2,2,2,2,2,2,2,2,,2,,,,1,2,2,,2,,2,,2,2,2,,,2,3,2,2,1,2,1,,,,,,,,,2,,2,,2,1,2,2,,1,2,,,,,,,,,2,2,,,,,,,,2,,,,,,2,1,1,,,,,,,,,,,,,,1,,1,1,,1,1,1,4,1,1,1,1,2,2,1,,1,1,4,,1,1,1,2,2,2,2,2,,,,,,,,,,1,2,,,,,,,,,,,,,,
2024,"Pakistan","PAK","South Asia",155833628,122161451,0.294899931645378,1,45,1,3,2,2,0,1,1,1,1,0,4,4,4,4,0,4,3,1,2,,,,,,,,,,2,2,2,2,3,3,2,2,2,1,1,4,1,2,2,2,,,,,,,,,2,2,2,,,,2,2,2,,1,2,2,,2,2,1,,,,4,1,1,2,,,,2,2,,1,2,2,,2,,2,,2,2,,,,,2,,,,,,,,,2,2,,,,,,,,2,,,,,,4,0,1,,,,,,,,,,,,,,2,2,1,1,,2,,,8,2,,2,8,,2,2,2,,,,,,,,,,,,,1,1,1,1,1,8,2,8,1,1,2,,,,,,,,,,,,,,
2024,"Pakistan","PAK","South Asia",155833628,122254774,0.480298331682336,2,32,2,3,1,2,1,0,1,0,0,1,2,4,4,4,0,1,3,1,1,2,1,2,2,,1,1,2,2,,,,,,,,,,,,,,,,,,2,2,2,2,2,1,2,1,,2,2,2,2,,2,2,,2,,2,,2,2,2,,,2,1,3,3,2,,,,2,2,,4,2,2,,2,,2,,2,1,1,2,,,1,2,2,2,1,,,,,2,2,,,,,,,,2,,,,,,4,1,1,,,,,,,,,,,,,,1,,1,1,,1,1,1,2,1,1,2,2,,2,1,,1,1,2,,1,1,1,1,2,2,2,2,,,,,,,,,,1,2,,,,,,,,,,,,,,
2024,"Pakistan","PAK","South Asia",155833628,122395019,0.499446737387312,1,20,1,2,2,1,0,0,0,0,0,0,4,4,4,4,0,4,3,0,2,,,,,,,,,,2,2,2,1,1,1,2,2,1,,,,,,,,,1,1,2,2,2,2,2,2,,2,,,,2,2,2,,2,,2,,2,2,2,,,2,2,1,2,2,,,,,,,,,,,2,,2,,2,2,,,,,2,,,,,,,,,2,2,,,,,,,,2,,,,,,3,0,2,1,1,2,1,2,2,1,1,1,2,2,2,,,,,,,,,,,,,,,,,2,2,,,,,,,,,,,,,,,,,,,,,,1,2,,,,,,,,,,,,,,
2024,"Pakistan","PAK","South Asia",155833628,122604376,1.74262061789898,1,15,1,2,2,1,0,0,0,0,0,0,4,4,4,4,0,4,3,0,2,,,,,,,,,,2,2,2,1,1,2,1,2,1,,,,,,,,,1,1,1,1,2,2,2,2,,2,,,,2,2,2,,2,,2,,2,2,2,,,2,3,1,2,1,1,1,,,,,,,,,2,,2,,2,2,,,,,2,,,,,,,,,2,2,,,,,,,,2,,,,,,5,0,2,1,1,1,1,2,1,1,1,1,2,2,2,,,,,,,,,,,,,,,,,2,2,,,,,,,,,,,,,,,,,,,,,,,,,,,,,,,,,,,,,
2024,"Pakistan","PAK","South Asia",155833628,122660342,0.60947592975509,2,30,1,1,1,1,0,0,0,0,1,0,2,4,4,4,0,2,3,0,2,,,,,,,,,,2,2,2,2,2,2,1,2,2,,,,,,,,,2,2,2,1,2,2,2,2,,2,,,,2,2,2,,2,,1,,2,2,1,,,,3,1,1,2,,,,,,,,,,,2,,2,,2,1,2,2,,1,1,2,2,2,1,,,,,2,2,,,,,,,,2,,,,,,4,0,1,,,,,,,,,,,,,,2,2,1,1,,2,,,2,2,,2,2,,2,2,2,,,,,,,,,,,,,1,2,2,1,2,2,2,1,1,1,2,,,,,,,,,,,,,,
2024,"Pakistan","PAK","South Asia",155833628,122710450,0.873242096935539,1,34,1,1,2,1,0,0,0,0,0,1,4,4,4,4,0,4,3,0,2,,,,,,,,,,2,2,2,2,2,2,1,2,2,,,,,,,,,2,2,2,1,2,2,2,2,,1,,,,,2,2,,2,,2,2,2,2,2,,,2,1,1,1,2,,,,,,,,,,,2,,2,,2,2,,,,,2,,,,,,,,,2,2,,,,,,,,2,,,,,,4,0,1,,,,,,,,,,,,,,2,2,2,1,,2,,,2,2,,2,2,,2,2,2,,,,,,,,,,,,,1,2,2,1,2,2,2,1,1,1,1,,,,,,,,,,,,,,
2024,"Pakistan","PAK","South Asia",155833628,122793445,2.48419955626754,1,54,1,1,2,1,0,0,0,0,1,0,4,4,4,4,0,4,3,0,2,,,,,,,,,,2,2,2,2,2,2,1,2,2,,,,,,,,,2,2,2,1,2,2,2,2,,2,,,,2,2,2,,2,,2,,1,1,2,,,2,1,1,1,2,,,,,,,,,,,2,,2,,2,2,,,,,2,,,,,,,,,2,2,,,,,,,,2,,,,,,4,0,1,,,,,,,,,,,,,,2,2,2,1,,2,,,2,2,,2,2,,2,2,2,,,,,,,,,,,,,2,2,2,2,2,2,2,2,,1,2,,,,,,,,,,,,,,
2024,"Pakistan","PAK","South Asia",155833628,122899060,0.825940307146824,2,33,2,5,1,1,1,1,1,1,1,1,1,3,4,1,1,1,1,1,1,1,2,2,2,,1,2,1,2,,,,,,,,,,,2,2,1,1,2,2,,,,,,,,,1,1,1,2,2,2,,2,2,,2,2,1,2,2,1,2,,,,2,2,4,2,,,,1,1,2,,1,1,3,1,1,1,1,2,1,1,1,,,1,2,2,1,,,2,2,,1,2,2,2,2,2,,,,1,1,1,,,1,4,1,1,,,,,,,,,,,,,,1,,1,1,,1,1,1,2,1,1,2,1,2,2,1,,1,1,2,,1,1,1,2,2,2,2,2,,,,,,,,,,1,2,,,,,,,,,,,,,,
2024,"Pakistan","PAK","South Asia",155833628,122991773,1.05970158949246,1,19,3,2,2,2,0,0,0,0,0,0,4,4,4,4,0,4,3,0,2,,,,,,,,,,2,2,2,1,1,1,1,2,2,,,,,,,,,2,1,1,1,1,2,2,2,,2,,,,2,2,2,,2,,2,,2,2,2,,,2,5,1,4,2,,,,,,,,,,,2,,2,,2,2,,,,,2,,,,,,,,,2,2,,,,,,,,2,,,,,,2,0,2,1,1,2,2,2,2,1,1,2,,,,1,,,,,,,,,,,,,,,,2,2,,,,,,,,,,,,,,,,,,,,,,1,2,,,,,,,,,,,,,,
2024,"Pakistan","PAK","South Asia",155833628,123328464,0.873242096935539,1,25,1,4,2,1,0,0,0,0,0,0,4,4,4,4,0,2,3,0,2,,,,,,,,,,2,2,2,1,3,2,1,2,2,,,,,,,,,2,3,2,1,2,2,2,2,,2,,,,2,2,2,,2,,2,,2,2,2,,,2,7,,1,2,,,,,,,,,,,2,,2,,2,1,2,2,,1,2,,,,,,,,,2,2,,,,,,,,2,,,,,,4,0,2,1,8,1,1,2,1,1,7,1,2,2,2,,,,,,,,,,,,,,,,,2,2,,,,,,,,,,,,,,,,,,,,,,1,2,,,,,,,,,,,,,,
2024,"Pakistan","PAK","South Asia",155833628,123330442,1.35814540040093,2,24,2,3,1,2,0,1,1,1,1,0,2,4,4,4,0,4,3,1,2,,,,,,,,,,2,2,2,2,2,2,2,2,2,2,2,5,2,1,2,2,,,,,,,,,2,2,2,,,,2,2,2,,2,2,1,,2,2,2,,,,4,2,3,1,2,1,2,2,2,,1,2,2,,2,,2,,2,2,,,,,1,2,2,2,1,,,,,2,2,,,,,,,,2,,,,,,4,1,1,,,,,,,,,,,,,,1,,1,1,,1,1,1,2,1,2,2,2,,2,1,,1,1,3,,1,1,1,2,2,2,2,2,,,,,,,,,,1,2,,,,,,,,,,,,,,
2024,"Pakistan","PAK","South Asia",155833628,123335471,0.804834032490788,1,45,1,5,2,2,0,0,0,0,0,0,4,4,4,4,0,2,3,0,2,,,,,,,,,,2,2,1,2,3,2,1,2,1,,,,,,,,,2,2,2,1,2,2,2,2,,2,,,,2,2,2,,2,,2,,2,2,2,,,2,5,1,3,2,,,,,,,,,,,2,,2,,2,1,2,2,,1,2,,,,,,,,,2,2,,,,,,,,2,,,,,,4,0,1,,,,,,,,,,,,,,2,2,2,1,,1,2,2,2,2,,1,2,,2,2,2,,,,,,,,,,,,,1,1,2,1,2,2,2,1,8,1,2,,,,,,,,,,,,,,
2024,"Pakistan","PAK","South Asia",155833628,123357128,2.48419955626754,1,50,1,5,2,2,1,0,1,0,0,0,4,4,4,4,0,2,3,0,1,2,2,2,2,,2,2,2,2,,,,,,,,,,,,,,,,,,2,2,2,1,2,2,2,2,,2,,,,2,2,2,,2,,2,,2,2,2,,,2,7,,3,2,,,,2,2,,4,2,2,,2,,2,,2,1,2,2,,1,2,,,,,,,,,2,2,,,,,,,,2,,,,,,4,0,2,1,1,2,2,2,2,1,1,2,,,,1,,,,,,,,,,,,,,,,2,2,,,,,,,,,,,,,,,,,,,,,,1,2,,,,,,,,,,,,,,
2024,"Pakistan","PAK","South Asia",155833628,123422866,2.09838405614435,1,46,1,2,2,1,0,0,0,0,1,0,4,3,4,4,0,2,3,0,2,,,,,,,,,,2,2,2,1,1,1,1,2,2,,,,,,,,,1,3,1,2,2,2,2,2,,2,,,,2,2,2,,2,,1,,1,2,1,,,,1,1,1,1,2,2,,,,,,,,,2,,2,,2,1,2,2,,1,2,,,,,,,,,1,2,2,2,2,2,,,,2,,,,,,4,0,2,1,8,2,1,1,1,1,5,1,2,2,2,,,,,,,,,,,,,,,,,2,2,,,,,,,,,,,,,,,,,,,,,,1,2,,,,,,,,,,,,,,
2024,"Pakistan","PAK","South Asia",155833628,123482347,1.90069267456044,1,28,1,2,2,2,0,0,0,0,0,0,4,4,4,4,0,4,3,0,2,,,,,,,,,,2,2,2,2,1,3,2,2,2,,,,,,,,,1,1,3,2,2,2,2,2,,2,,,,2,2,2,,2,,2,,2,2,2,,,2,5,1,1,2,,,,,,,,,,,2,,2,,2,2,,,,,2,,,,,,,,,2,2,,,,,,,,2,,,,,,4,0,2,1,8,1,1,1,2,2,5,1,2,2,1,,,,,,,,,,,,,,,,,2,2,,,,,,,,,,,,,,,,,,,,,,1,2,,,,,,,,,,,,,,
2024,"Pakistan","PAK","South Asia",155833628,123601406,3.36249473672386,2,25,1,5,2,2,1,0,1,0,0,0,4,4,4,4,0,2,3,0,2,2,2,3,3,1,1,3,2,2,,,,,,,,,,,,,,,,,,2,2,1,2,2,2,2,2,,2,,,,2,2,2,,2,,2,,2,2,2,,,2,3,2,2,2,,,,2,2,,1,2,2,,2,,2,,2,1,2,2,,1,2,,,,,,,,,2,2,,,,,,,,2,,,,,,2,0,1,,,,,,,,,,,,,,2,2,1,1,,2,,,3,2,,2,2,,2,2,2,,,,,,,,,,,,,2,2,2,1,2,2,2,1,8,1,2,,,,,,,,,,,,,,
2024,"Pakistan","PAK","South Asia",155833628,123697079,3.36249473672386,1,60,1,2,2,2,0,0,0,0,0,0,4,3,4,4,0,4,3,0,2,,,,,,,,,,2,2,1,2,2,2,2,2,2,,,,,,,,,2,2,2,2,2,2,2,2,,2,,,,2,2,2,,2,,2,,2,2,2,,,2,5,2,1,2,,,,,,,,,,,2,,2,,2,2,,,,,2,,,,,,,,,1,2,2,2,2,2,,,,2,,,,,,4,0,2,2,2,2,2,2,2,2,,2,,,,2,,,,,,,,,,,,,,,,2,2,,,,,,,,,,,,,,,,,,,,,,1,2,,,,,,,,,,,,,,
2024,"Pakistan","PAK","South Asia",155833628,123735251,1.27311322635042,1,32,1,1,2,2,0,0,0,0,1,0,4,4,4,4,0,2,3,0,2,,,,,,,,,,2,2,2,2,1,1,1,1,2,,,,,,,,,2,2,2,1,2,2,2,2,,2,,,,2,2,2,,2,,1,,1,2,1,,,,2,1,2,2,,,,,,,,,,,2,,2,,2,1,2,2,,1,2,,,,,,,,,2,2,,,,,,,,2,,,,,,2,0,1,,,,,,,,,,,,,,2,2,2,1,,2,,,2,2,,2,2,,2,2,2,,,,,,,,,,,,,1,8,2,1,2,2,2,2,1,1,2,,,,,,,,,,,,,,
2024,"Pakistan","PAK","South Asia",155833628,123790282,0.338447532360629,1,25,1,5,1,1,0,0,0,0,1,0,2,4,4,4,0,4,3,0,2,,,,,,,,,,2,2,2,1,1,2,1,2,2,,,,,,,,,1,1,2,2,2,2,2,2,,2,,,,2,2,2,,2,,1,,2,2,2,,,,2,1,1,2,,,,,,,,,,,2,,2,,2,2,,,,,1,2,2,2,1,,,,,2,2,,,,,,,,2,,,,,,4,0,2,2,1,2,1,2,8,1,7,1,2,1,2,,,,,,,,,,,,,,,,,2,2,,,,,,,,,,,,,,,,,,,,,,1,2,,,,,,,,,,,,,,
2024,"Pakistan","PAK","South Asia",155833628,123814082,0.491544329080602,1,45,1,2,2,2,0,0,0,0,0,0,4,4,4,4,0,4,3,0,2,,,,,,,,,,2,2,2,2,2,2,2,2,2,,,,,,,,,2,2,2,2,2,2,2,2,,2,,,,2,2,2,,2,,2,,2,2,2,,,2,2,1,1,2,,,,,,,,,,,2,,2,,2,2,,,,,2,,,,,,,,,2,2,,,,,,,,2,,,,,,4,0,1,,,,,,,,,,,,,,2,2,2,1,,2,,,2,2,,2,2,,2,2,2,,,,,,,,,,,,,2,2,2,2,2,2,2,2,,1,2,,,,,,,,,,,,,,
2024,"Pakistan","PAK","South Asia",155833628,123905194,0.514112409206706,1,36,2,2,2,2,0,0,0,0,1,0,4,4,4,4,0,3,3,0,2,,,,,,,,,,2,2,2,2,1,2,1,2,1,,,,,,,,,2,2,2,2,2,2,2,2,,2,,,,2,2,2,,2,,1,,2,2,2,,,,1,1,3,2,,,,,,,,,,,2,,2,,2,1,2,2,,2,2,,,,,,,,,2,2,,,,,,,,2,,,,,,4,0,2,2,2,2,2,2,2,2,,2,,,,2,,,,,,,,,,,,,,,,2,2,,,,,,,,,,,,,,,,,,,,,,1,2,,,,,,,,,,,,,,
2024,"Pakistan","PAK","South Asia",155833628,123908650,2.8231921624413,1,55,1,1,2,1,0,0,0,0,1,0,4,4,4,4,0,2,3,0,2,,,,,,,,,,2,2,2,1,1,2,1,1,2,,,,,,,,,2,1,2,1,2,2,2,2,,2,,,,2,2,2,,2,,2,,2,2,1,,,1,7,,2,2,,,,,,,,,,,2,,2,,2,1,2,2,,1,2,,,,,,,,,2,2,,,,,,,,2,,,,,,4,0,2,1,1,2,1,2,1,1,7,2,,,,1,,,,,,,,,,,,,,,,2,2,,,,,,,,,,,,,,,,,,,,,,1,3,,,,,,,,,,,,,,
2024,"Pakistan","PAK","South Asia",155833628,124083756,0.320985609745396,2,38,1,2,2,2,0,0,0,0,0,0,4,4,4,4,0,4,3,0,2,,,,,,,,,,2,2,2,2,2,2,2,2,2,,,,,,,,,2,2,2,2,2,2,2,2,,2,,,,2,2,2,,2,,2,,2,2,2,,,2,2,2,3,2,,,,,,,,,,,2,,2,,2,2,,,,,2,,,,,,,,,2,2,,,,,,,,2,,,,,,5,0,2,2,2,2,2,1,2,2,5,2,,,,1,,,,,,,,,,,,,,,,2,2,,,,,,,,,,,,,,,,,,,,,,2,,1,2,2,2,2,2,2,2,2,2,2,3,,
2024,"Pakistan","PAK","South Asia",155833628,124091619,0.285730633617055,1,38,2,5,2,2,0,0,0,0,1,0,4,4,4,4,0,2,1,0,2,,,,,,,,,,2,2,1,2,1,2,1,1,1,,,,,,,,,2,1,2,1,1,2,2,2,,2,,,,2,2,2,,2,,1,,2,2,2,,,,2,1,5,2,,,,,,,,,,,1,1,1,1,2,1,2,2,,1,2,,,,,,,,,2,2,,,,,,,,2,,,,,,4,0,1,,,,,,,,,,,,,,2,2,1,1,,2,,,8,1,1,2,2,,2,2,2,,,,,,,,,,,,,1,8,2,2,2,2,2,2,1,1,2,,,,,,,,,,,,,,
2024,"Pakistan","PAK","South Asia",155833628,124290898,1.55343949750551,2,28,2,4,1,2,1,1,1,1,1,1,1,4,4,1,1,1,1,1,1,1,1,2,1,,1,2,1,1,,,,,,,,,,,2,2,1,1,1,1,2,,,,,,,,2,1,2,1,1,1,,2,2,,2,2,1,,2,2,2,1,1,,2,2,4,2,,,,1,1,2,,1,1,3,1,1,1,1,2,1,1,1,,,1,2,1,1,,,1,2,,2,2,,,,,,,,1,2,1,,,1,3,1,1,,,,,,,,,,,,,,1,,1,1,,1,1,1,2,1,1,1,2,,2,1,,1,1,3,,1,1,1,1,2,1,1,1,,,,,,,,,,1,2,,,,,,,,,,,,,,
2024,"Pakistan","PAK","South Asia",155833628,124389223,0.415529292950835,2,44,1,3,1,2,0,0,0,0,0,0,3,4,4,4,0,4,3,0,2,,,,,,,,,,2,2,2,2,2,1,2,2,2,,,,,,,,,1,2,2,2,2,2,2,2,,2,,,,2,2,2,,2,,2,,2,2,2,,,2,1,1,2,2,,,,,,,,,,,2,,2,,2,2,,,,,1,2,2,2,2,2,,,,2,2,,,,,,,,2,,,,,,4,0,1,,,,,,,,,,,,,,2,2,1,1,,2,,,2,2,,2,2,,2,2,2,,,,,,,,,,,,,2,2,2,2,2,2,2,2,,1,2,,,,,,,,,,,,,,
2024,"Pakistan","PAK","South Asia",155833628,124418863,1.35814540040093,2,22,1,2,1,1,0,0,0,0,1,0,2,4,4,4,0,4,3,0,2,,,,,,,,,,2,2,1,2,1,2,1,1,2,,,,,,,,,2,1,2,2,1,2,2,2,,2,,,,2,2,2,,2,,1,,2,2,1,,,,2,1,3,2,,,,,,,,,,,2,,2,,2,2,,,,,1,2,2,2,1,,,,,2,2,,,,,,,,2,,,,,,4,1,1,,,,,,,,,,,,,,1,,1,1,,1,1,1,1,1,1,2,2,,2,1,,1,1,3,,1,1,1,1,2,2,2,2,,,,,,,,,,1,2,,,,,,,,,,,,,,
2024,"Pakistan","PAK","South Asia",155833628,124426485,0.810196109412302,2,28,2,3,1,1,1,1,1,1,1,1,1,4,4,1,0,2,1,1,1,1,1,3,2,,1,2,1,2,,,,,,,,,,,2,3,3,1,2,2,,,,,,,,,1,1,1,2,2,2,,2,1,1,1,1,1,2,2,2,2,,,,2,2,2,2,,,,2,2,,4,1,2,,1,1,1,1,2,1,2,2,,1,1,2,2,1,,,2,2,,2,2,,,,,,,,1,2,1,,,1,3,1,1,,,,,,,,,,,,,,1,,1,1,,1,1,1,2,1,1,1,1,2,2,1,,1,1,2,,1,1,1,1,1,1,2,2,,,,,,,,,,1,2,,,,,,,,,,,,,,
2024,"Pakistan","PAK","South Asia",155833628,124435791,0.416139545936172,2,26,2,4,2,1,1,0,1,0,0,0,4,4,4,4,0,4,3,0,2,2,2,4,4,2,2,2,2,2,,,,,,,,,,,,,,,,,,1,1,2,2,1,1,2,2,,2,,,,2,2,2,,2,,2,,2,2,2,,,2,2,2,4,2,,,,2,2,,4,2,2,,2,,2,,2,2,,,,,2,,,,,,,,,2,2,,,,,,,,2,,,,,,4,1,1,,,,,,,,,,,,,,1,,1,1,,1,1,2,1,1,1,2,1,2,2,1,,1,1,2,,1,1,1,2,8,1,2,2,,,,,,,,,,1,2,,,,,,,,,,,,,,
2024,"Pakistan","PAK","South Asia",155833628,124585493,0.604480807557036,2,37,1,2,1,1,0,1,1,1,1,0,4,4,4,4,0,1,1,1,2,,,,,,,,,,2,2,1,1,1,2,1,1,2,1,2,2,2,1,1,2,,,,,,,,,2,2,2,,,,2,2,2,,2,2,1,,2,2,2,,,,7,,2,2,,,,2,2,,4,1,2,,1,1,1,1,2,1,2,1,,,2,,,,,,,,,2,2,,,,,,,,2,,,,,,4,1,1,,,,,,,,,,,,,,1,,2,1,,1,1,1,1,1,1,2,1,2,2,1,,1,1,2,,1,1,1,1,2,2,2,2,,,,,,,,,,1,2,,,,,,,,,,,,,,
2024,"Pakistan","PAK","South Asia",155833628,124603489,1.72942582247626,1,60,1,1,1,2,0,0,0,0,1,0,2,3,4,4,0,4,3,0,2,,,,,,,,,,2,2,2,1,1,1,1,2,1,,,,,,,,,1,1,2,2,2,2,2,2,,2,,,,2,2,2,,2,,2,,2,2,1,,,2,3,1,1,2,,,,,,,,,,,2,,2,,2,2,,,,,1,2,2,2,1,,,,,1,2,2,2,2,2,,,,2,,,,,,4,0,2,1,1,2,1,2,2,1,1,1,2,1,1,,,,,,,,,,,,,,,,,2,2,,,,,,,,,,,,,,,,,,,,,,1,2,,,,,,,,,,,,,,
2024,"Pakistan","PAK","South Asia",155833628,124817669,1.31570872140495,2,37,1,4,1,1,0,0,0,0,0,0,2,4,4,4,0,4,3,0,2,,,,,,,,,,2,2,2,2,3,2,1,2,2,,,,,,,,,2,1,2,2,2,2,2,2,,2,,,,2,2,2,,2,,2,,2,2,2,,,2,5,1,1,2,,,,,,,,,,,2,,2,,2,2,,,,,1,2,2,2,1,,,,,2,2,,,,,,,,2,,,,,,4,0,1,,,,,,,,,,,,,,2,2,1,1,,2,,,2,1,2,2,2,,2,2,2,,,,,,,,,,,,,1,2,2,1,2,2,2,2,4,1,2,,,,,,,,,,,,,,
2024,"Pakistan","PAK","South Asia",155833628,124819151,1.00755911110222,2,38,2,5,1,2,1,1,1,1,1,1,1,4,4,4,0,1,1,1,1,1,2,2,2,,2,1,1,2,,,,,,,,,,,3,3,2,1,2,3,,,,,,,,,2,2,1,,,,,2,2,,2,2,1,2,2,2,1,,,,2,3,3,2,,,,2,2,,4,1,2,,1,1,1,1,1,1,2,1,,,1,2,2,1,,,2,3,,2,2,,,,,,,,2,,,,,,2,1,1,,,,,,,,,,,,,,1,,1,1,,1,1,1,1,1,1,2,1,2,2,1,,1,1,2,,1,1,1,1,1,2,2,2,,,,,,,,,,1,1,,,,,,,,,,,,,,
2024,"Pakistan","PAK","South Asia",155833628,124844332,0.384458650600365,1,33,1,2,2,2,0,0,0,0,0,0,4,4,4,4,0,2,3,0,2,,,,,,,,,,2,2,2,2,1,1,1,2,2,,,,,,,,,2,1,1,1,3,2,2,2,,2,,,,2,2,2,,2,,2,,2,2,2,,,2,1,1,1,1,1,2,,,,,,,,,2,,2,,2,1,2,2,,1,2,,,,,,,,,2,2,,,,,,,,2,,,,,,2,0,2,1,1,1,2,2,1,1,1,1,2,2,2,,,,,,,,,,,,,,,,,2,2,,,,,,,,,,,,,,,,,,,,,,1,2,,,,,,,,,,,,,,
2024,"Pakistan","PAK","South Asia",155833628,124970283,0.477360169260779,1,36,2,3,2,1,0,0,0,0,0,0,4,4,4,4,0,4,3,0,2,,,,,,,,,,2,2,2,2,2,2,2,1,2,,,,,,,,,2,2,2,2,2,2,2,2,,2,,,,2,2,2,,2,,2,,2,2,2,,,2,1,1,2,2,,,,,,,,,,,2,,2,,2,2,,,,,2,,,,,,,,,2,2,,,,,,,,2,,,,,,4,0,1,,,,,,,,,,,,,,1,,1,1,,2,,,1,1,1,1,2,,2,2,2,,,,,2,2,2,2,2,2,2,2,,,,,,,,,,1,2,,,,,,,,,,,,,,
2024,"Pakistan","PAK","South Asia",155833628,125125085,0.47350742158496,1,23,2,3,2,1,0,0,0,0,0,0,4,4,4,4,0,2,3,0,2,,,,,,,,,,2,2,2,2,2,2,2,2,2,,,,,,,,,3,3,2,3,2,2,2,2,,2,,,,2,2,2,,2,,2,,2,2,2,,,2,1,1,1,1,2,2,,,,,,,,,2,,2,,2,1,2,2,,1,2,,,,,,,,,2,2,,,,,,,,2,,,,,,3,0,2,1,8,2,2,1,8,2,5,2,,,,1,,,,,,,,,,,,,,,,2,2,,,,,,,,,,,,,,,,,,,,,,1,2,,,,,,,,,,,,,,
2024,"Pakistan","PAK","South Asia",155833628,125195863,1.65613303751169,1,50,1,1,2,1,0,0,0,0,1,0,4,4,4,4,0,2,3,0,2,,,,,,,,,,2,2,2,2,3,2,1,1,2,,,,,,,,,2,2,2,1,2,2,2,2,,2,,,,2,2,2,,2,,1,,2,2,2,,,,7,,2,2,,,,,,,,,,,2,,2,,2,1,2,2,,1,2,,,,,,,,,2,2,,,,,,,,2,,,,,,4,0,2,1,1,1,2,2,1,2,1,2,,,,1,,,,,,,,,,,,,,,,2,2,,,,,,,,,,,,,,,,,,,,,,1,3,,,,,,,,,,,,,,
2024,"Pakistan","PAK","South Asia",155833628,125336191,0.424226209424505,2,26,3,5,2,1,0,0,0,0,0,0,4,4,4,4,0,4,3,0,2,,,,,,,,,,2,2,1,2,2,2,2,2,1,,,,,,,,,2,2,2,2,2,2,2,2,,2,,,,2,2,2,,2,,2,,2,2,2,,,2,2,1,1,2,,,,,,,,,,,2,,2,,2,2,,,,,2,,,,,,,,,2,2,,,,,,,,2,,,,,,2,1,1,,,,,,,,,,,,,,1,,1,1,,1,2,1,1,1,1,2,2,,2,1,,1,1,3,,1,1,1,2,2,2,2,2,,,,,,,,,,1,2,,,,,,,,,,,,,,
2024,"Pakistan","PAK","South Asia",155833628,125347956,2.19456287921826,2,47,1,3,1,2,1,1,1,1,0,0,1,4,4,4,0,1,3,1,2,,,,,,,,,,,,,,,,,,,1,2,3,2,2,2,2,,,,,,,,,2,2,2,,,,2,2,2,,2,2,2,,2,2,2,,,2,2,2,2,2,,,,2,2,,4,2,2,,2,,2,,2,1,2,1,,,1,2,1,1,,,2,1,,2,2,,,,,,,,2,,,,,,4,0,1,,,,,,,,,,,,,,2,2,1,1,,1,1,1,1,1,1,2,2,,2,2,2,,,,,,,,,,,,,2,1,2,2,2,1,2,1,8,1,2,,,,,,,,,,,,,,
2024,"Pakistan","PAK","South Asia",155833628,125355301,0.285730633617055,1,30,1,5,2,1,0,0,0,0,0,0,4,4,4,4,0,4,3,0,2,,,,,,,,,,2,2,2,1,1,2,2,2,2,,,,,,,,,2,2,2,2,2,2,2,2,,2,,,,2,2,2,,2,,2,,2,2,2,,,2,1,1,4,2,,,,,,,,,,,2,,2,,2,2,,,,,2,,,,,,,,,2,2,,,,,,,,2,,,,,,3,0,2,1,2,1,1,1,2,2,1,2,,,,1,,,,,,,,,,,,,,,,2,2,,,,,,,,,,,,,,,,,,,,,,1,2,,,,,,,,,,,,,,
2024,"Pakistan","PAK","South Asia",155833628,125392129,0.460170149230721,2,29,1,3,1,1,0,0,0,0,1,0,4,4,4,4,0,4,3,0,2,,,,,,,,,,2,2,1,2,1,2,1,2,2,,,,,,,,,2,1,2,1,2,2,2,2,,2,,,,2,2,2,,2,,1,,2,2,1,,,,2,2,4,2,,,,,,,,,,,2,,2,,2,2,,,,,2,,,,,,,,,2,2,,,,,,,,2,,,,,,4,0,1,,,,,,,,,,,,,,2,2,1,1,,1,2,2,2,2,,2,2,,2,2,2,,,,,,,,,,,,,1,2,2,1,2,2,2,2,1,1,2,,,,,,,,,,,,,,
2024,"Pakistan","PAK","South Asia",155833628,125556476,0.38141008424464,2,22,1,2,1,1,0,0,0,0,1,0,4,4,4,4,0,4,3,0,2,,,,,,,,,,2,2,1,1,1,1,1,2,2,,,,,,,,,1,1,1,1,1,2,2,2,,2,,,,2,2,2,,2,,2,,2,2,1,,,2,2,3,1,2,,,,,,,,,,,2,,2,,2,2,,,,,2,,,,,,,,,2,2,,,,,,,,2,,,,,,3,0,1,,,,,,,,,,,,,,2,2,1,1,,2,,,2,2,,2,2,,2,2,2,,,,,,,,,,,,,1,1,2,2,2,2,2,1,2,1,2,,,,,,,,,,,,,,
2024,"Pakistan","PAK","South Asia",155833628,125697676,0.476361918870696,2,38,2,5,1,2,0,1,1,1,1,1,4,4,4,4,0,1,3,1,2,,,,,,,,,,2,2,1,2,1,2,1,2,2,2,1,2,2,1,1,2,,,,,,,,,2,1,2,2,2,2,,2,2,,2,2,1,,2,2,1,,,,2,1,1,2,,,,2,2,,4,1,2,,2,,2,,2,1,2,1,,,2,,,,,,,,,2,2,,,,,,,,2,,,,,,3,1,1,,,,,,,,,,,,,,1,,1,1,,1,1,1,1,1,1,2,1,2,2,1,,1,1,2,,1,1,1,1,2,1,2,2,,,,,,,,,,1,2,,,,,,,,,,,,,,
2024,"Pakistan","PAK","South Asia",155833628,125718978,1.00755911110222,2,42,1,2,1,2,0,1,1,1,1,1,2,4,4,4,0,2,1,1,2,,,,,,,,,,2,1,1,1,1,1,1,2,2,1,2,2,2,1,2,2,,,,,,,,,2,1,1,2,2,2,,2,2,,2,2,1,2,2,2,1,,,,2,2,3,2,,,,2,2,,4,1,2,,1,1,1,1,2,1,2,2,,1,1,2,2,2,1,,,,,2,2,,,,,,,,2,,,,,,4,1,1,,,,,,,,,,,,,,1,,1,1,,1,1,1,1,1,1,1,2,,2,1,,1,1,3,,1,1,1,1,2,2,2,2,,,,,,,,,,1,2,,,,,,,,,,,,,,
2024,"Pakistan","PAK","South Asia",155833628,126130652,0.369180602456848,2,35,1,4,1,2,0,0,0,0,0,0,2,4,4,4,0,2,3,0,2,,,,,,,,,,2,2,1,2,2,2,1,2,1,,,,,,,,,2,2,2,2,1,2,2,2,,2,,,,2,2,2,,2,,2,,2,2,2,,,2,3,1,3,2,,,,,,,,,,,2,,2,,2,1,2,2,,1,1,2,2,2,1,,,,,2,2,,,,,,,,2,,,,,,1,1,1,,,,,,,,,,,,,,1,,2,1,,1,1,1,1,2,,2,2,,2,1,,1,1,1,,1,1,1,2,2,2,2,2,,,,,,,,,,1,2,,,,,,,,,,,,,,
2024,"Pakistan","PAK","South Asia",155833628,126141450,1.13839778312812,2,24,1,3,1,2,0,0,0,0,0,0,4,4,4,4,0,2,3,0,2,,,,,,,,,,2,2,1,1,1,1,1,2,1,,,,,,,,,2,2,2,2,1,2,2,2,,2,,,,2,2,2,,2,,2,,2,2,2,,,2,2,2,2,2,,,,,,,,,,,2,,2,,2,1,2,2,,1,2,,,,,,,,,2,2,,,,,,,,2,,,,,,4,0,1,,,,,,,,,,,,,,2,2,1,1,,2,,,2,2,,2,2,,2,2,2,,,,,,,,,,,,,1,1,2,1,2,2,2,1,1,1,2,,,,,,,,,,,,,,
2024,"Pakistan","PAK","South Asia",155833628,126243915,0.405098054706151,2,31,2,4,1,1,0,0,0,0,1,0,4,4,4,4,0,2,3,0,2,,,,,,,,,,2,2,2,2,1,1,1,2,2,,,,,,,,,2,1,1,1,2,2,2,2,,2,,,,2,2,2,,2,,2,,1,2,2,,,1,2,1,2,2,,,,,,,,,,,2,,2,,2,1,2,2,,1,2,,,,,,,,,2,2,,,,,,,,2,,,,,,2,1,1,,,,,,,,,,,,,,1,,1,1,,1,1,1,1,1,1,2,1,2,2,1,,1,1,3,,1,1,1,1,2,2,2,2,,,,,,,,,,1,2,,,,,,,,,,,,,,
2024,"Pakistan","PAK","South Asia",155833628,126395088,0.872728181213576,2,52,1,3,1,2,0,0,0,0,1,1,3,4,4,4,0,2,1,0,2,,,,,,,,,,2,2,2,2,1,2,2,2,2,,,,,,,,,2,1,2,1,2,2,2,1,,1,2,1,2,,2,2,,2,,1,2,1,1,2,,,,4,2,4,2,,,,,,,,,,,2,,1,1,1,1,2,2,,1,1,2,2,2,2,2,,,,2,2,,,,,,,,2,,,,,,4,1,1,,,,,,,,,,,,,,1,,1,1,,1,1,1,2,1,1,1,1,2,2,1,,1,1,1,,1,1,1,1,1,1,2,2,,,,,,,,,,1,2,,,,,,,,,,,,,,
2024,"Pakistan","PAK","South Asia",155833628,126419009,1.10528510684481,1,30,1,1,2,1,0,0,0,0,0,0,4,4,4,4,0,4,3,0,2,,,,,,,,,,2,2,2,1,1,1,1,2,1,,,,,,,,,1,1,2,1,2,2,2,2,,2,,,,2,2,2,,2,,2,,2,2,2,,,2,5,1,2,1,2,2,,,,,,,,,2,,2,,2,2,,,,,2,,,,,,,,,2,2,,,,,,,,2,,,,,,2,0,1,,,,,,,,,,,,,,2,2,2,1,,2,,,3,2,,2,2,,2,2,2,,,,,,,,,,,,,1,1,1,1,1,2,2,1,1,1,2,,,,,,,,,,,,,,
2024,"Pakistan","PAK","South Asia",155833628,126760708,0.294899931645378,1,50,1,3,2,1,0,0,0,0,0,0,4,4,4,4,0,4,3,0,2,,,,,,,,,,2,2,2,2,3,4,1,2,2,,,,,,,,,2,1,4,2,2,2,2,2,,2,,,,2,2,2,,2,,2,,2,2,2,,,2,3,1,2,2,,,,,,,,,,,2,,2,,2,2,,,,,2,,,,,,,,,2,2,,,,,,,,2,,,,,,2,0,2,1,1,8,1,2,2,1,1,1,2,8,8,,,,,,,,,,,,,,,,,2,2,,,,,,,,,,,,,,,,,,,,,,1,2,,,,,,,,,,,,,,
2024,"Pakistan","PAK","South Asia",155833628,126790708,0.764944554334962,1,16,1,2,2,2,0,0,0,0,0,0,4,4,4,4,0,4,1,0,2,,,,,,,,,,2,2,2,2,3,2,3,2,1,,,,,,,,,1,3,3,2,2,1,2,2,,2,,,,2,2,2,,2,,2,,2,2,2,,,2,3,1,1,1,2,2,,,,,,,,,1,2,1,1,2,2,,,,,2,,,,,,,,,2,2,,,,,,,,2,,,,,,1,1,2,1,1,2,2,1,1,2,5,2,,,,1,,,,,,,,,,,,,,,,2,1,3,1,4,,2,2,1,2,2,2,2,2,,,,,,,,,,,,,,,,,,,,,,,,,
2024,"Pakistan","PAK","South Asia",155833628,127029409,1.54070787064628,2,35,3,4,1,2,1,1,1,1,1,1,1,4,4,4,0,4,1,1,1,1,1,3,2,,1,1,2,2,,,,,,,,,,,2,2,2,1,1,2,,,,,,,,,1,1,1,2,2,2,,2,2,,1,1,1,1,2,2,2,,,,3,2,2,2,,,,1,2,,4,1,2,,1,1,1,1,2,2,,,,,1,2,1,1,,,2,2,,2,2,,,,,,,,2,,,,,,4,1,1,,,,,,,,,,,,,,1,,1,1,,1,1,1,2,1,1,1,1,2,2,1,,1,1,4,,1,1,1,1,2,2,1,2,,,,,,,,,,1,2,,,,,,,,,,,,,,
2024,"Pakistan","PAK","South Asia",155833628,127099304,0.35476269967373,1,23,2,3,2,2,0,0,0,0,1,1,4,4,4,4,0,4,3,0,2,,,,,,,,,,2,2,2,1,1,2,2,2,1,,,,,,,,,2,2,2,2,1,2,2,2,,1,,,,,2,1,2,2,,1,1,1,2,2,,,,3,1,2,1,2,1,,,,,,,,,2,,2,,2,2,,,,,2,,,,,,,,,2,2,,,,,,,,2,,,,,,2,0,1,,,,,,,,,,,,,,2,2,1,2,,2,,,4,2,,2,1,2,2,2,2,,,,,,,,,,,,,2,1,1,1,2,1,1,1,4,1,2,,,,,,,,,,,,,,
2024,"Pakistan","PAK","South Asia",155833628,127131986,1.09860289834756,2,21,1,4,1,1,1,1,1,1,0,0,4,4,4,4,0,4,3,1,1,2,2,3,3,1,1,1,1,2,,,,,,,,,,,1,1,1,1,2,2,,,,,,,,,2,2,2,,,,2,2,2,,2,2,2,,2,2,2,,,2,2,1,2,2,,,,2,2,,1,2,2,,2,,2,,2,2,,,,,2,,,,,,,,,2,2,,,,,,,,2,,,,,,4,1,1,,,,,,,,,,,,,,1,,1,1,,1,1,1,1,2,,2,2,,2,1,,1,1,2,,1,1,1,1,2,2,2,2,,,,,,,,,,1,2,,,,,,,,,,,,,,
2024,"Pakistan","PAK","South Asia",155833628,127247714,0.35983382479094,2,50,2,4,1,1,1,0,1,0,1,1,4,4,4,2,0,2,2,0,2,2,2,3,3,1,1,2,2,2,,,,,,,,,,,,,,,,,,2,2,2,1,2,2,2,1,,2,3,2,2,,2,2,,1,,1,,2,1,1,,,,3,3,3,1,2,1,1,2,2,,4,2,2,,2,,1,2,2,1,2,2,,1,2,,,,,,,,,2,2,,,,,,,,1,2,2,1,,2,6,0,1,,,,,,,,,,,,,,2,2,1,1,,1,1,2,1,2,,2,1,2,2,2,2,,,,,,,,,,,,,2,1,2,2,2,2,2,1,8,1,2,,,,,,,,,,,,,,
2024,"Pakistan","PAK","South Asia",155833628,127405131,0.469784812965145,1,50,2,1,1,2,0,1,1,1,1,0,4,4,4,4,0,4,3,1,2,,,,,,,,,,2,2,1,2,1,1,2,2,2,1,3,3,1,1,2,2,,,,,,,,,2,2,2,,,,2,2,2,,2,2,2,,2,2,1,,,2,3,1,3,2,,,,1,2,,1,1,2,,2,,2,,2,2,,,,,2,,,,,,,,,2,2,,,,,,,,2,,,,,,4,0,1,,,,,,,,,,,,,,2,2,1,1,,1,1,1,4,2,,2,2,,2,2,2,,,,,,,,,,,,,1,1,2,2,2,1,1,2,1,1,2,,,,,,,,,,,,,,
2024,"Pakistan","PAK","South Asia",155833628,127572755,0.775301157967481,1,18,1,4,2,1,0,0,0,0,0,0,4,4,4,4,0,4,3,0,2,,,,,,,,,,2,2,1,2,2,1,1,2,2,,,,,,,,,2,2,1,1,2,2,2,2,,2,,,,2,2,2,,2,,2,,2,2,2,,,2,1,1,2,1,2,2,,,,,,,,,2,,2,,2,2,,,,,2,,,,,,,,,2,2,,,,,,,,2,,,,,,2,0,2,2,2,2,2,1,2,2,5,2,,,,1,,,,,,,,,,,,,,,,2,2,,,,,,,,,,,,,,,,,,,,,,2,,2,2,2,1,2,2,1,2,2,1,2,2,,
2024,"Pakistan","PAK","South Asia",155833628,127840417,1.82842778926527,2,28,1,4,1,2,0,0,0,0,1,0,2,4,4,4,0,2,3,0,2,,,,,,,,,,2,2,1,2,1,2,1,2,2,,,,,,,,,2,1,2,1,2,2,2,2,,2,,,,2,2,2,,2,,1,,2,2,1,,,,7,,1,2,,,,,,,,,,,2,,2,,2,1,2,2,,1,1,2,2,2,1,,,,,2,2,,,,,,,,2,,,,,,4,0,1,,,,,,,,,,,,,,2,2,2,1,,2,,,2,2,,2,2,,2,2,2,,,,,,,,,,,,,1,2,2,1,2,2,2,2,4,1,2,,,,,,,,,,,,,,
2024,"Pakistan","PAK","South Asia",155833628,127875968,2.18897899183273,1,55,1,1,2,1,0,0,0,0,1,0,4,4,4,4,0,4,3,0,2,,,,,,,,,,2,2,2,2,2,2,1,2,2,,,,,,,,,2,2,2,2,2,2,2,2,,2,,,,2,2,2,,2,,1,,2,2,2,,,,2,1,1,1,2,2,,,,,,,,,2,,2,,2,2,,,,,2,,,,,,,,,2,2,,,,,,,,2,,,,,,4,0,2,2,8,2,1,1,2,2,4,2,,,,2,,,,,,,,,,,,,,,,2,2,,,,,,,,,,,,,,,,,,,,,,1,2,,,,,,,,,,,,,,
2024,"Pakistan","PAK","South Asia",155833628,127983166,0.285730633617055,1,27,3,5,2,2,0,0,0,0,0,0,4,4,4,4,0,2,3,0,2,,,,,,,,,,2,2,1,2,1,2,1,2,2,,,,,,,,,2,1,2,1,2,2,2,2,,2,,,,2,2,2,,2,,2,,2,2,2,,,2,2,1,3,2,,,,,,,,,,,2,,2,,2,1,2,2,,1,2,,,,,,,,,2,2,,,,,,,,2,,,,,,4,1,1,,,,,,,,,,,,,,1,,1,1,,1,1,1,1,1,1,2,2,,2,1,,1,2,,1,1,1,1,2,2,2,2,2,,,,,,,,,,1,2,,,,,,,,,,,,,,
2024,"Pakistan","PAK","South Asia",155833628,128116678,0.285730633617055,1,35,2,5,2,1,0,0,0,0,1,0,4,4,4,4,0,4,3,0,2,,,,,,,,,,2,2,1,2,2,2,1,2,2,,,,,,,,,2,2,2,1,2,2,2,2,,2,,,,2,2,2,,2,,1,,2,2,2,,,,5,1,3,1,2,1,,,,,,,,,2,,2,,2,2,,,,,2,,,,,,,,,2,2,,,,,,,,2,,,,,,2,1,1,,,,,,,,,,,,,,1,,2,1,,1,1,1,2,1,1,1,2,,2,1,,1,1,3,,1,1,1,1,1,2,2,2,,,,,,,,,,1,2,,,,,,,,,,,,,,
2024,"Pakistan","PAK","South Asia",155833628,128122066,0.285730633617055,2,47,2,5,1,2,1,1,1,1,1,1,4,4,4,4,0,4,1,1,1,1,2,2,3,,1,2,1,2,,,,,,,,,,,2,2,2,1,2,2,,,,,,,,,1,1,2,2,1,2,,2,2,,2,2,1,,1,2,2,,,,3,1,2,2,,,,2,2,,1,1,2,,1,1,1,1,2,2,,,,,2,,,,,,,,,2,2,,,,,,,,2,,,,,,4,1,1,,,,,,,,,,,,,,1,,1,2,,1,1,1,1,1,1,1,2,,2,1,,1,1,1,,1,1,1,1,1,2,2,2,,,,,,,,,,1,2,,,,,,,,,,,,,,
2024,"Pakistan","PAK","South Asia",155833628,128216214,0.446769103750129,2,52,2,5,1,2,0,0,0,0,1,1,4,4,4,4,0,2,3,0,2,,,,,,,,,,2,2,1,2,2,2,1,2,2,,,,,,,,,2,1,2,1,2,2,2,2,,1,,,,,2,2,,2,,1,1,2,2,2,,,,1,2,4,2,,,,,,,,,,,2,,2,,2,1,2,2,,1,2,,,,,,,,,2,2,,,,,,,,2,,,,,,1,0,1,,,,,,,,,,,,,,2,2,1,1,,1,1,1,1,1,1,2,2,,2,2,2,,,,,,,,,,,,,1,1,2,2,2,1,2,1,2,1,2,,,,,,,,,,,,,,
2024,"Pakistan","PAK","South Asia",155833628,128232554,0.399014453728418,1,24,1,3,2,2,0,0,0,0,1,1,4,4,4,4,0,4,1,0,2,,,,,,,,,,2,2,1,2,1,2,2,2,2,,,,,,,,,2,2,2,2,1,2,2,1,,1,4,2,2,,2,2,,2,,1,1,2,2,2,,,,1,1,4,2,,,,,,,,,,,2,,1,1,1,2,,,,,2,,,,,,,,,2,2,,,,,,,,2,,,,,,5,0,2,1,1,2,2,1,1,2,1,2,,,,2,,,,,,,,,,,,,,,,2,2,,,,,,,,,,,,,,,,,,,,,,1,2,,,,,,,,,,,,,,
2024,"Pakistan","PAK","South Asia",155833628,128255649,0.513569290215426,2,36,2,5,1,2,1,1,1,1,1,1,1,4,4,4,1,1,1,1,1,1,2,2,2,,1,1,1,2,,,,,,,,,,,2,2,1,1,2,2,,,,,,,,,2,1,1,3,2,2,,2,2,,2,2,1,2,2,2,1,,,,4,2,2,2,,,,1,1,3,,1,1,2,1,1,1,1,1,1,1,1,,,1,2,1,1,,,2,2,,2,2,,,,,,,,2,,,,,,2,1,1,,,,,,,,,,,,,,1,,1,1,,1,1,1,4,1,1,2,2,,2,1,,1,1,3,,1,1,1,1,2,2,2,2,,,,,,,,,,1,2,,,,,,,,,,,,,,
2024,"Pakistan","PAK","South Asia",155833628,128364191,1.96574613454639,1,30,1,2,2,1,0,0,0,0,1,0,4,4,4,4,0,4,3,0,2,,,,,,,,,,2,2,1,2,1,2,1,1,2,,,,,,,,,2,1,2,1,2,2,2,2,,2,,,,2,2,2,,2,,1,,2,2,2,,,,5,1,2,2,,,,,,,,,,,2,,2,,2,2,,,,,2,,,,,,,,,2,2,,,,,,,,2,,,,,,4,0,2,1,1,2,2,2,2,1,1,2,,,,1,,,,,,,,,,,,,,,,2,2,,,,,,,,,,,,,,,,,,,,,,1,2,,,,,,,,,,,,,,
2024,"Pakistan","PAK","South Asia",155833628,128396057,3.36249473672386,2,21,1,3,1,1,0,0,0,0,1,0,2,4,4,4,0,4,3,0,2,,,,,,,,,,2,2,1,1,1,2,1,2,2,,,,,,,,,2,1,1,1,2,2,2,2,,2,,,,2,2,2,,2,,1,,2,2,2,,,,5,1,1,1,2,1,,,,,,,,,2,,2,,2,2,,,,,1,2,2,2,1,,,,,2,2,,,,,,,,2,,,,,,2,0,1,,,,,,,,,,,,,,2,2,1,1,,2,,,2,2,,2,1,2,2,2,2,,,,,,,,,,,,,1,1,1,1,2,2,2,2,1,1,2,,,,,,,,,,,,,,
2024,"Pakistan","PAK","South Asia",155833628,128401568,0.285730633617055,2,34,2,4,1,2,0,0,0,0,1,1,4,4,4,4,0,4,2,0,2,,,,,,,,,,2,2,1,1,1,2,1,2,2,,,,,,,,,2,1,2,1,1,1,2,2,,1,,,,,2,2,,1,,1,2,2,2,1,,,,1,1,2,2,,,,,,,,,,,2,,1,2,2,2,,,,,2,,,,,,,,,2,2,,,,,,,,2,,,,,,2,1,1,,,,,,,,,,,,,,1,,1,1,,1,1,1,1,1,1,2,2,,2,1,,1,1,2,,1,1,1,2,2,2,2,2,,,,,,,,,,1,2,,,,,,,,,,,,,,
2024,"Pakistan","PAK","South Asia",155833628,128415370,1.37677570530304,1,20,1,1,2,2,0,0,0,0,1,0,4,4,4,4,0,4,3,0,2,,,,,,,,,,2,2,2,1,1,3,1,2,2,,,,,,,,,1,1,2,2,2,2,2,2,,2,,,,2,2,1,1,1,,2,,2,2,1,,,,4,1,1,2,,,,,,,,,,,2,,2,,2,2,,,,,2,,,,,,,,,2,2,,,,,,,,2,,,,,,4,1,2,1,1,1,1,1,8,1,7,1,1,2,2,,,,,,,,,,,,,,,,,1,,1,1,2,,2,1,1,2,2,2,2,2,,,,,,,,,,2,,1,2,1,3,1,1,1,1,1,1,2,2,,
2024,"Pakistan","PAK","South Asia",155833628,128611427,1.54962268214871,1,19,1,1,1,2,0,0,0,0,1,0,4,4,4,4,0,4,3,0,2,,,,,,,,,,2,2,1,1,1,1,1,1,2,,,,,,,,,1,1,1,1,1,2,2,2,,2,,,,2,2,2,,2,,1,,1,2,1,,,,2,1,5,1,2,2,,,,,,,,,2,,2,,2,2,,,,,2,,,,,,,,,2,2,,,,,,,,2,,,,,,5,0,2,1,1,2,2,1,1,1,5,2,,,,1,,,,,,,,,,,,,,,,2,2,,,,,,,,,,,,,,,,,,,,,,2,,1,1,1,2,1,2,1,1,1,2,1,1,,
2024,"Pakistan","PAK","South Asia",155833628,128686280,0.307950838056029,1,55,1,5,2,2,0,0,0,0,1,1,4,4,4,4,0,3,3,0,2,,,,,,,,,,2,2,2,2,2,2,2,2,2,,,,,,,,,2,1,2,1,2,2,2,2,,1,,,,,2,2,,2,,1,2,2,2,1,,,,5,1,1,2,,,,,,,,,,,2,,2,,2,1,2,2,,2,2,,,,,,,,,2,2,,,,,,,,2,,,,,,4,0,2,1,1,2,2,2,2,1,1,1,2,2,2,,,,,,,,,,,,,,,,,2,2,,,,,,,,,,,,,,,,,,,,,,1,2,,,,,,,,,,,,,,
2024,"Pakistan","PAK","South Asia",155833628,128806931,0.285730633617055,1,39,3,5,2,2,0,0,0,0,1,0,4,4,4,4,0,2,2,0,2,,,,,,,,,,2,2,1,2,1,2,1,2,2,,,,,,,,,2,1,2,1,2,1,2,2,,2,,,,2,2,2,,2,,1,,2,2,1,,,,5,1,1,2,,,,,,,,,,,1,2,1,2,2,1,2,2,,1,2,,,,,,,,,2,2,,,,,,,,2,,,,,,4,1,1,,,,,,,,,,,,,,1,,2,1,,1,1,1,4,1,1,2,2,,2,1,,1,1,3,,1,1,1,2,1,2,2,2,,,,,,,,,,1,2,,,,,,,,,,,,,,
2024,"Pakistan","PAK","South Asia",155833628,128834569,0.511603398259641,2,40,1,5,1,2,0,1,1,1,1,1,3,4,4,1,0,1,3,1,2,,,,,,,,,,2,2,1,2,1,1,1,1,1,,,,,,,,,,,,,,,,1,,1,1,2,2,,2,2,,1,,2,2,2,1,2,,,,4,1,5,1,2,1,,,,,,,,,2,,2,,2,1,2,1,1,,1,2,2,2,2,2,,,,2,2,,,,,,,,1,2,1,,,2,1,0,2,2,2,1,2,2,1,2,3,2,,,,1,,,,,,,,,,,,,,,,2,2,,,,,,,,,,,,,,,,,,,,,,1,2,,,,,,,,,,,,,,
2024,"Pakistan","PAK","South Asia",155833628,128840589,1.39197199362084,2,20,2,4,1,1,0,0,0,0,0,0,2,4,4,4,0,4,3,0,2,,,,,,,,,,2,2,2,1,1,1,1,2,1,,,,,,,,,1,1,1,1,1,2,2,2,,2,,,,2,2,2,,2,,2,,2,2,2,,,2,5,1,3,1,1,1,,,,,,,,,2,,2,,2,2,,,,,1,2,2,2,1,,,,,2,2,,,,,,,,2,,,,,,4,1,1,,,,,,,,,,,,,,1,,1,1,,1,1,1,1,1,1,2,2,,2,1,,1,1,3,,1,1,1,1,2,2,2,1,,,,,,,,,,1,2,,,,,,,,,,,,,,
2024,"Pakistan","PAK","South Asia",155833628,128850211,1.76488475068375,2,60,1,4,1,1,0,1,1,1,1,0,2,4,4,4,0,4,3,1,2,,,,,,,,,,2,2,2,2,2,2,2,2,1,1,2,2,3,1,2,2,,,,,,,,,2,2,2,,,,2,2,2,,2,2,1,,1,2,2,,,,2,1,1,1,2,1,2,2,2,,1,2,2,,2,,2,,2,2,,,,,1,2,2,2,1,,,,,2,2,,,,,,,,2,,,,,,3,1,1,,,,,,,,,,,,,,1,,1,1,,1,1,1,2,1,2,2,2,,2,1,,1,1,3,,1,1,2,1,2,2,2,2,,,,,,,,,,1,2,,,,,,,,,,,,,,
2024,"Pakistan","PAK","South Asia",155833628,128864902,0.507942533778707,2,32,2,3,1,2,1,1,1,1,1,1,1,4,4,4,0,2,3,1,2,1,2,2,2,,1,2,2,2,,,,,,,,,,,2,3,3,1,2,2,,,,,,,,,2,1,1,3,2,1,,2,2,,2,1,1,2,2,2,2,,,,2,2,4,1,2,2,2,2,2,,4,2,2,,2,,2,,2,1,2,2,,1,1,2,2,1,,,2,2,,2,2,,,,,,,,2,,,,,,4,1,1,,,,,,,,,,,,,,1,,1,1,,1,1,1,2,1,1,1,1,2,2,1,,1,1,2,,1,1,1,1,2,2,2,2,,,,,,,,,,1,2,,,,,,,,,,,,,,
2024,"Pakistan","PAK","South Asia",155833628,128913971,0.576111027755665,1,35,2,3,2,1,0,0,0,0,0,1,4,4,4,4,0,2,3,0,2,,,,,,,,,,2,2,2,2,2,2,2,2,2,,,,,,,,,2,2,2,2,2,2,2,2,,2,,,,1,2,2,,2,,2,,2,2,2,,,2,1,2,2,1,2,2,,,,,,,,,2,,2,,2,1,2,2,,1,2,,,,,,,,,2,2,,,,,,,,2,,,,,,3,1,1,,,,,,,,,,,,,,1,,2,1,,1,1,1,1,1,1,2,2,,2,1,,1,2,,2,1,2,1,2,2,2,2,2,,,,,,,,,,1,2,,,,,,,,,,,,,,
2024,"Pakistan","PAK","South Asia",155833628,128984586,0.951214262595287,2,55,2,4,1,1,1,1,1,1,1,1,1,4,4,1,1,4,3,1,1,1,1,2,2,,1,1,2,2,,,,,,,,,,,2,2,3,1,2,2,,,,,,,,,1,1,1,2,2,1,,2,2,,2,2,1,1,2,2,2,,,,3,2,3,2,,,,2,2,,1,1,1,3,2,,2,,2,2,,,,,1,2,1,1,,,2,2,,2,2,,,,,,,,1,2,1,,,1,1,1,1,,,,,,,,,,,,,,1,,1,1,,1,1,1,2,1,1,2,1,2,2,3,1,1,1,3,,1,1,1,2,2,2,2,2,,,,,,,,,,1,2,,,,,,,,,,,,,,
2024,"Pakistan","PAK","South Asia",155833628,129065416,0.47350742158496,1,15,1,1,2,1,0,0,0,0,0,0,4,4,4,4,0,4,3,0,2,,,,,,,,,,2,2,1,2,2,2,1,2,2,,,,,,,,,2,2,2,1,2,2,2,2,,2,,,,2,2,2,,2,,2,,2,2,2,,,2,1,1,3,1,2,1,,,,,,,,,2,,2,,2,2,,,,,2,,,,,,,,,2,2,,,,,,,,2,,,,,,4,0,2,1,2,2,2,1,2,2,1,2,,,,1,,,,,,,,,,,,,,,,2,2,,,,,,,,,,,,,,,,,,,,,,,,,,,,,,,,,,,,,
2024,"Pakistan","PAK","South Asia",155833628,129111724,1.49914073538408,2,20,2,4,1,2,0,0,0,0,1,0,2,4,4,4,0,2,2,0,2,,,,,,,,,,2,2,1,2,3,2,1,1,4,,,,,,,,,2,1,2,2,3,2,2,2,,2,,,,2,2,2,,2,,1,,2,2,1,,,,2,1,1,2,,,,,,,,,,,1,2,1,2,2,1,2,2,,1,1,2,2,2,1,,,,,2,2,,,,,,,,2,,,,,,2,1,1,,,,,,,,,,,,,,1,,2,1,,1,1,1,1,1,1,2,2,,2,1,,1,1,3,,1,1,1,1,1,2,2,2,,,,,,,,,,1,2,,,,,,,,,,,,,,
2024,"Pakistan","PAK","South Asia",155833628,129152115,2.52548585434095,2,17,1,4,1,1,0,0,0,0,1,0,4,4,4,2,0,2,3,0,2,,,,,,,,,,2,2,3,1,2,1,1,2,2,,,,,,,,,2,2,1,1,1,2,2,2,,2,,,,2,2,2,,2,,2,,2,2,1,,,1,2,1,3,2,,,,,,,,,,,2,,2,,2,1,2,2,,1,2,,,,,,,,,2,2,,,,,,,,1,2,2,1,,2,4,0,1,,,,,,,,,,,,,,2,2,2,1,,2,,,2,2,,2,2,,2,2,2,,,,,,,,,,,,,1,2,2,1,2,2,2,2,1,,,,,,,,,,,,,,,,
2024,"Pakistan","PAK","South Asia",155833628,129154523,0.47686568965643,1,35,1,1,2,1,0,0,0,0,0,0,4,4,4,4,0,4,3,0,2,,,,,,,,,,2,2,2,1,1,1,2,2,1,,,,,,,,,1,1,2,1,1,2,2,2,,2,,,,2,2,2,,2,,2,,2,2,2,,,2,3,1,2,1,1,1,,,,,,,,,2,,2,,2,2,,,,,2,,,,,,,,,2,2,,,,,,,,2,,,,,,1,0,2,1,1,1,1,2,1,2,2,2,,,,2,,,,,,,,,,,,,,,,2,2,,,,,,,,,,,,,,,,,,,,,,1,2,,,,,,,,,,,,,,
2024,"Pakistan","PAK","South Asia",155833628,129159685,0.285730633617055,1,27,2,5,2,2,0,0,0,0,1,0,4,4,4,4,0,2,3,0,2,,,,,,,,,,2,2,1,2,2,2,1,2,2,,,,,,,,,2,2,2,1,1,2,2,2,,2,,,,2,2,2,,2,,1,,2,2,2,,,,8,,3,2,,,,,,,,,,,2,,2,,2,1,2,2,,1,2,,,,,,,,,2,2,,,,,,,,2,,,,,,4,1,1,,,,,,,,,,,,,,1,,2,1,,1,1,1,1,1,1,2,2,,2,1,,1,2,,1,1,2,1,1,2,2,2,2,,,,,,,,,,1,2,,,,,,,,,,,,,,
2024,"Pakistan","PAK","South Asia",155833628,129211926,1.18087796719612,1,100,1,5,2,1,0,1,1,1,1,1,4,1,4,4,0,4,3,1,2,,,,,,,,,,2,2,2,3,3,1,1,2,2,,,,,,,,,,,,,,,,2,,1,,,,,2,2,,2,,1,2,1,2,1,,,,7,,1,1,2,1,,,,,,,,,2,,2,,2,2,,,,,2,,,,,,,,,1,2,2,1,,,1,1,1,2,,,,,,7,0,2,2,8,2,2,2,1,8,6,2,,,,1,,,,,,,,,,,,,,,,2,2,,,,,,,,,,,,,,,,,,,,,,1,2,,,,,,,,,,,,,,
2024,"Pakistan","PAK","South Asia",155833628,129310765,0.857191900996943,1,20,2,3,2,1,0,0,0,0,1,0,4,2,4,4,0,4,3,0,2,,,,,,,,,,2,2,1,1,1,3,3,1,1,,,,,,,,,1,3,2,2,2,2,2,2,,2,,,,2,2,2,,2,,3,,2,2,1,,,1,5,1,2,2,,,,,,,,,,,2,,2,,2,2,,,,,2,,,,,,,,,1,2,2,2,1,,,,,2,,,,,,4,0,2,1,1,1,2,2,1,1,1,1,2,2,8,,,,,,,,,,,,,,,,,2,2,,,,,,,,,,,,,,,,,,,,,,1,2,,,,,,,,,,,,,,
2024,"Pakistan","PAK","South Asia",155833628,129312313,0.335673695529286,1,37,1,1,2,1,0,0,0,0,1,0,4,4,4,4,0,4,1,0,2,,,,,,,,,,2,2,2,2,2,1,2,2,2,,,,,,,,,2,2,2,2,2,2,2,2,,2,,,,2,2,2,,2,,1,,2,2,1,,,,2,1,1,2,,,,,,,,,,,2,,1,1,2,2,,,,,2,,,,,,,,,2,2,,,,,,,,2,,,,,,4,0,2,1,1,1,1,2,1,1,1,1,2,2,2,,,,,,,,,,,,,,,,,2,2,,,,,,,,,,,,,,,,,,,,,,1,2,,,,,,,,,,,,,,
2024,"Pakistan","PAK","South Asia",155833628,129596188,0.74957036769204,2,24,1,5,2,2,1,1,1,1,1,1,1,4,4,4,0,4,1,1,1,1,1,2,2,,1,1,1,2,,,,,,,,,,,2,2,6,1,2,2,,,,,,,,,1,1,1,2,1,2,,2,1,1,1,1,1,1,1,1,2,,,,2,2,2,2,,,,1,2,,7,1,2,,1,1,1,1,2,2,,,,,1,2,1,1,,,2,2,,2,2,,,,,,,,2,,,,,,2,1,1,,,,,,,,,,,,,,1,,1,1,,1,1,1,1,1,1,2,1,1,1,1,,1,1,1,,1,1,1,1,1,1,2,2,,,,,,,,,,1,1,,,,,,,,,,,,,,
2024,"Pakistan","PAK","South Asia",155833628,129632219,1.37677570530304,1,16,1,1,2,2,1,0,1,0,1,1,4,1,4,4,0,4,3,1,2,2,1,4,4,2,2,2,1,1,,,,,,,,,,,,,,,,,,1,1,1,2,1,1,1,2,,1,,,,,1,2,,2,,2,1,1,1,2,2,,,1,1,4,2,,,,2,2,,4,2,2,,2,,2,,1,2,,,,,2,,,,,,,,,1,2,1,2,,,1,1,3,2,,,,,,4,1,1,,,,,,,,,,,,,,9,,2,7,2,2,,,2,2,,2,1,2,2,2,1,4,9,,1,1,1,2,2,1,1,2,1,2,2,2,2,1,1,1,1,7,,,,,,,,,,,,,,,,
2024,"Pakistan","PAK","South Asia",155833628,129664532,1.67992737453115,2,20,2,3,1,1,0,1,1,1,1,1,2,4,4,4,0,4,1,1,2,,,,,,,,,,2,2,1,2,2,1,2,2,1,1,2,3,3,1,2,2,,,,,,,,,2,1,2,3,2,2,,2,2,,1,2,2,,2,2,1,,,,3,2,1,2,,,,2,2,,4,2,2,,1,1,2,,2,2,,,,,1,2,2,2,1,,,,,2,2,,,,,,,,2,,,,,,4,0,1,,,,,,,,,,,,,,2,2,1,1,,1,1,1,4,2,,2,1,2,2,2,2,,,,,,,,,,,,,1,1,2,2,2,1,2,2,1,1,3,,,,,,,,,,,,,,
2024,"Pakistan","PAK","South Asia",155833628,129681502,1.68846427074071,1,40,1,1,2,1,0,0,0,0,1,0,4,4,4,4,0,4,3,0,2,,,,,,,,,,2,2,2,2,1,2,1,2,2,,,,,,,,,2,1,2,1,2,2,2,2,,2,,,,2,2,2,,2,,1,,1,2,1,,,,7,,1,2,,,,,,,,,,,2,,2,,2,2,,,,,2,,,,,,,,,2,2,,,,,,,,2,,,,,,4,0,1,,,,,,,,,,,,,,2,2,2,1,,2,,,2,2,,2,2,,2,2,2,,,,,,,,,,,,,1,1,2,1,1,1,2,1,5,1,2,,,,,,,,,,,,,,
2024,"Pakistan","PAK","South Asia",155833628,129709781,0.915096286426054,1,15,1,3,2,1,0,0,0,0,0,0,4,4,4,5,0,4,3,0,2,,,,,,,,,,2,2,1,1,1,3,4,2,2,,,,,,,,,1,3,3,1,3,2,2,2,,2,,,,2,2,2,,2,,2,,2,2,3,,,2,5,1,1,2,,,,,,,,,,,2,,2,,2,2,,,,,2,,,,,,,,,2,2,,,,,,,,3,,,,,,4,0,2,1,1,2,2,1,8,2,5,2,,,,1,,,,,,,,,,,,,,,,2,2,,,,,,,,,,,,,,,,,,,,,,,,,,,,,,,,,,,,,
2024,"Pakistan","PAK","South Asia",155833628,129797760,0.285730633617055,1,26,2,5,2,1,0,0,0,0,1,0,4,4,4,4,0,4,3,0,2,,,,,,,,,,2,2,2,2,2,1,2,2,2,,,,,,,,,1,1,2,1,2,2,2,2,,2,,,,2,2,2,,2,,2,,2,2,1,,,1,2,2,2,2,,,,,,,,,,,2,,2,,2,2,,,,,2,,,,,,,,,2,2,,,,,,,,2,,,,,,4,0,2,2,2,2,2,2,2,2,,1,2,2,2,,,,,,,,,,,,,,,,,2,2,,,,,,,,,,,,,,,,,,,,,,1,2,,,,,,,,,,,,,,
2024,"Pakistan","PAK","South Asia",155833628,130203602,0.94255752093255,1,40,1,1,2,1,0,0,0,0,1,0,4,4,4,4,0,4,3,0,2,,,,,,,,,,2,2,2,1,1,1,1,2,2,,,,,,,,,1,1,2,2,2,2,2,2,,2,,,,2,2,2,,2,,1,,1,1,1,,,,5,1,4,2,,,,,,,,,,,2,,2,,2,2,,,,,2,,,,,,,,,2,2,,,,,,,,2,,,,,,4,0,2,1,8,2,1,1,2,2,5,2,,,,1,,,,,,,,,,,,,,,,2,2,,,,,,,,,,,,,,,,,,,,,,1,1,,,,,,,,,,,,,,
2024,"Pakistan","PAK","South Asia",155833628,130281062,0.693000932808087,1,15,1,3,2,2,0,0,0,0,1,0,4,4,4,4,0,4,3,0,2,,,,,,,,,,2,2,1,2,1,2,1,2,2,,,,,,,,,2,1,2,1,2,2,2,2,,2,,,,2,2,2,,2,,1,,2,2,1,,,,2,1,1,2,,,,,,,,,,,2,,2,,2,2,,,,,2,,,,,,,,,2,2,,,,,,,,2,,,,,,4,0,2,8,2,2,2,1,1,2,5,1,2,2,1,,,,,,,,,,,,,,,,,2,2,,,,,,,,,,,,,,,,,,,,,,,,,,,,,,,,,,,,,
2024,"Pakistan","PAK","South Asia",155833628,130474667,1.19560571373497,2,18,2,4,1,1,0,0,0,0,0,0,4,4,4,4,0,4,3,0,2,,,,,,,,,,2,2,2,2,1,2,1,2,2,,,,,,,,,2,2,2,1,2,2,2,2,,2,,,,2,2,2,,2,,2,,2,2,2,,,2,2,2,1,2,,,,,,,,,,,2,,2,,2,2,,,,,2,,,,,,,,,2,2,,,,,,,,2,,,,,,4,1,1,,,,,,,,,,,,,,1,,2,1,,1,1,1,4,1,1,2,2,,2,1,,1,1,2,,1,1,1,1,2,2,1,2,,,,,,,,,,1,2,,,,,,,,,,,,,,
2024,"Pakistan","PAK","South Asia",155833628,130731915,0.393625989065373,1,30,1,5,2,2,0,0,0,0,0,0,4,4,4,4,0,2,3,0,2,,,,,,,,,,2,2,2,3,1,2,1,2,2,,,,,,,,,1,1,2,1,2,2,2,2,,2,,,,2,2,2,,2,,2,,2,2,2,,,2,2,1,1,2,,,,,,,,,,,2,,2,,2,1,2,2,,1,2,,,,,,,,,2,2,,,,,,,,2,,,,,,4,0,2,1,1,2,2,2,1,1,1,1,2,2,2,,,,,,,,,,,,,,,,,2,2,,,,,,,,,,,,,,,,,,,,,,2,,2,2,2,2,1,1,1,1,1,1,2,1,,
2024,"Pakistan","PAK","South Asia",155833628,130739784,0.76140708327731,1,60,1,1,2,2,0,0,0,0,1,0,4,4,4,4,0,4,3,0,2,,,,,,,,,,2,2,1,2,1,2,1,2,2,,,,,,,,,2,1,2,1,2,2,1,2,,2,,,,2,2,2,,2,,2,,2,2,1,,,2,5,1,4,2,,,,,,,,,,,2,,2,,2,2,,,,,2,,,,,,,,,2,2,,,,,,,,2,,,,,,4,1,1,,,,,,,,,,,,,,2,2,2,1,,1,1,1,1,2,,2,1,2,2,1,,1,1,3,,1,1,1,2,1,2,2,2,1,2,2,2,2,1,1,2,1,2,,2,1,2,2,2,2,1,1,2,2,1,1,,
2024,"Pakistan","PAK","South Asia",155833628,130916213,0.310988343162425,1,29,1,3,2,1,0,0,0,0,0,0,4,4,4,4,0,4,3,0,2,,,,,,,,,,2,2,2,2,2,2,2,2,2,,,,,,,,,2,1,2,2,2,2,2,2,,2,,,,2,2,2,,2,,2,,2,2,2,,,2,2,1,2,2,,,,,,,,,,,2,,2,,2,2,,,,,2,,,,,,,,,2,2,,,,,,,,2,,,,,,4,0,2,1,2,2,2,1,1,1,1,1,2,2,2,,,,,,,,,,,,,,,,,2,2,,,,,,,,,,,,,,,,,,,,,,1,2,,,,,,,,,,,,,,
2024,"Pakistan","PAK","South Asia",155833628,130969351,0.460170149230721,2,25,1,4,1,2,0,0,0,0,1,1,4,4,4,4,0,2,1,0,2,,,,,,,,,,2,2,2,2,1,2,2,2,2,,,,,,,,,2,2,2,2,2,2,2,1,,2,2,2,1,,2,2,,2,,1,,1,1,2,,,,4,1,2,1,1,2,,,,,,,,,1,1,1,1,1,1,2,2,,1,2,,,,,,,,,2,2,,,,,,,,2,,,,,,4,1,1,,,,,,,,,,,,,,1,,1,1,,1,1,1,2,1,1,2,2,,1,1,,1,1,1,,1,1,1,1,2,2,2,2,,,,,,,,,,1,2,,,,,,,,,,,,,,
2024,"Pakistan","PAK","South Asia",155833628,130982549,0.70952539934746,1,22,2,3,2,2,0,0,0,0,1,0,2,4,4,4,0,4,3,0,2,,,,,,,,,,2,2,1,1,2,2,1,2,2,,,,,,,,,2,2,2,1,2,2,2,2,,2,,,,2,2,2,,2,,2,,2,2,1,,,2,2,1,1,2,,,,,,,,,,,2,,2,,2,2,,,,,1,2,2,2,1,,,,,2,2,,,,,,,,2,,,,,,4,1,1,,,,,,,,,,,,,,1,,1,1,,1,1,1,3,1,1,2,2,,2,1,,1,1,3,,1,2,1,2,2,2,2,2,,,,,,,,,,1,2,,,,,,,,,,,,,,
2024,"Pakistan","PAK","South Asia",155833628,131031594,0.616879110849175,1,35,1,2,1,1,0,0,0,0,1,0,4,4,4,2,0,2,3,0,2,,,,,,,,,,2,2,1,1,1,1,1,2,2,,,,,,,,,1,1,1,1,2,2,2,2,,2,,,,2,2,2,,2,,2,,2,2,1,,,1,2,1,1,1,2,2,,,,,,,,,2,,2,,2,1,2,2,,1,2,,,,,,,,,2,2,,,,,,,,1,2,2,1,,2,4,0,1,,,,,,,,,,,,,,2,2,1,1,,2,,,4,1,1,2,1,2,2,2,2,,,,,,,,,,,,,1,1,1,1,2,1,2,2,1,1,2,,,,,,,,,,,,,,
2024,"Pakistan","PAK","South Asia",155833628,131156140,1.8624917307614,2,30,1,1,1,2,0,0,0,0,1,0,4,4,4,4,0,4,3,0,2,,,,,,,,,,2,2,1,2,1,2,2,2,2,,,,,,,,,2,2,2,2,2,2,2,2,,2,,,,2,2,2,,2,,1,,2,2,2,,,,3,2,1,2,,,,,,,,,,,2,,2,,2,2,,,,,2,,,,,,,,,2,2,,,,,,,,2,,,,,,5,0,1,,,,,,,,,,,,,,2,2,1,1,,1,2,2,2,2,,2,2,,2,2,2,,,,,,,,,,,,,2,2,2,2,2,2,2,2,,1,2,,,,,,,,,,,,,,
2024,"Pakistan","PAK","South Asia",155833628,131218902,2.8048505730385,1,16,1,3,2,2,0,0,0,0,0,0,4,4,4,4,0,4,3,0,2,,,,,,,,,,2,2,2,1,2,2,1,2,3,,,,,,,,,1,3,2,1,2,2,2,2,,2,,,,2,2,2,,2,,2,,2,2,2,,,2,5,1,1,2,,,,,,,,,,,2,,2,,2,2,,,,,2,,,,,,,,,2,2,,,,,,,,2,,,,,,1,0,2,1,1,2,1,1,1,2,1,2,,,,1,,,,,,,,,,,,,,,,2,2,,,,,,,,,,,,,,,,,,,,,,,,,,,,,,,,,,,,,
2024,"Pakistan","PAK","South Asia",155833628,131257408,3.36249473672386,1,20,1,5,2,2,0,0,0,0,0,0,4,4,4,4,0,4,2,0,2,,,,,,,,,,2,2,2,2,1,1,2,2,2,,,,,,,,,2,2,1,1,2,2,2,2,,2,,,,2,2,2,,2,,2,,2,2,2,,,2,2,1,1,1,1,1,,,,,,,,,2,,1,2,2,2,,,,,2,,,,,,,,,2,2,,,,,,,,2,,,,,,3,0,1,,,,,,,,,,,,,,2,2,2,2,,2,,,2,2,,2,2,,2,2,2,,,,,,,,,,,,,2,2,2,1,1,2,2,2,4,2,,2,2,2,1,1,2,2,2,1,1,2,1,,
2024,"Pakistan","PAK","South Asia",155833628,131460018,1.64790434752134,2,20,1,3,1,2,0,0,0,0,1,0,4,4,4,4,0,4,2,0,2,,,,,,,,,,2,2,1,2,1,2,1,1,2,,,,,,,,,2,1,2,1,2,2,2,2,,2,,,,2,2,1,2,2,,1,,1,2,2,,,,7,,1,2,,,,,,,,,,,1,2,2,,2,2,,,,,2,,,,,,,,,2,2,,,,,,,,2,,,,,,3,0,1,,,,,,,,,,,,,,1,,2,1,,2,,,2,2,,2,2,,2,2,2,,,,,2,2,2,2,2,2,2,2,,,,,,,,,,1,2,,,,,,,,,,,,,,
2024,"Pakistan","PAK","South Asia",155833628,131620018,0.48613241856754,1,37,2,2,1,2,0,0,0,0,1,0,4,4,4,4,0,2,2,0,2,,,,,,,,,,2,2,1,2,2,2,1,2,2,,,,,,,,,2,2,2,1,2,2,2,2,,2,,,,2,2,2,,2,,1,,1,1,1,,,,2,1,1,2,,,,,,,,,,,2,,1,2,2,1,2,2,,1,2,,,,,,,,,2,2,,,,,,,,2,,,,,,2,1,1,,,,,,,,,,,,,,2,2,1,1,,1,1,1,3,2,,2,2,,2,1,,2,2,,1,1,2,2,1,2,2,1,2,1,2,1,2,2,1,1,2,1,1,2,,,,,,,,,,,,,,
2024,"Pakistan","PAK","South Asia",155833628,131678777,0.285730633617055,1,28,1,2,2,2,0,0,0,0,1,1,4,4,4,4,0,4,3,0,2,,,,,,,,,,2,2,2,2,2,1,2,2,2,,,,,,,,,2,2,1,2,2,2,2,1,,1,2,2,2,,2,1,1,2,,1,2,1,1,1,,,,1,1,1,2,,,,,,,,,,,2,,2,,2,2,,,,,2,,,,,,,,,2,2,,,,,,,,2,,,,,,4,1,1,,,,,,,,,,,,,,2,2,2,7,2,2,,,2,2,,2,2,,1,2,1,7,2,,2,1,2,2,1,1,2,2,2,1,2,2,2,2,2,2,2,1,1,2,,,,,,,,,,,,,,
2024,"Pakistan","PAK","South Asia",155833628,131722034,1.36702663832601,2,60,2,2,1,2,0,0,0,0,1,0,4,4,4,4,0,4,2,0,2,,,,,,,,,,2,2,2,2,2,2,2,2,2,,,,,,,,,2,2,2,2,2,2,2,2,,2,,,,2,2,2,,2,,1,,2,2,2,,,,5,1,3,1,1,1,,,,,,,,,1,2,2,,2,2,,,,,2,,,,,,,,,2,2,,,,,,,,2,,,,,,4,0,1,,,,,,,,,,,,,,2,2,2,1,,2,,,2,2,,2,2,,2,2,2,,,,,,,,,,,,,2,2,2,2,2,2,2,2,,1,2,,,,,,,,,,,,,,
2024,"Pakistan","PAK","South Asia",155833628,131780213,0.609475929755089,2,25,1,1,1,1,0,0,0,0,1,0,2,4,4,4,0,2,3,0,2,,,,,,,,,,2,2,2,2,2,2,1,2,2,,,,,,,,,2,2,2,1,2,2,2,2,,2,,,,2,2,2,,2,,1,,2,2,1,,,,3,1,2,2,,,,,,,,,,,2,,2,,2,1,2,2,,1,1,2,2,2,1,,,,,2,2,,,,,,,,2,,,,,,4,0,1,,,,,,,,,,,,,,2,2,1,1,,2,,,2,2,,2,1,2,2,2,2,,,,,,,,,,,,,1,2,2,2,2,2,2,2,1,1,2,,,,,,,,,,,,,,
2024,"Pakistan","PAK","South Asia",155833628,131846481,1.19560571373497,2,18,2,4,2,1,0,1,1,1,1,0,4,4,4,2,0,4,2,1,2,,,,,,,,,,2,2,1,2,2,2,2,2,2,1,2,2,2,2,1,2,,,,,,,,,2,2,2,,,,2,2,2,,2,2,1,,2,2,1,,,,2,2,2,2,,,,2,2,,1,1,2,,1,2,2,,2,2,,,,,2,,,,,,,,,2,2,,,,,,,,1,2,2,1,,1,5,1,1,,,,,,,,,,,,,,1,,2,1,,1,1,1,4,1,1,2,1,2,2,1,,1,1,2,,1,1,1,1,2,2,2,2,,,,,,,,,,2,,1,2,2,2,1,2,1,2,1,1,2,2,,
2024,"Pakistan","PAK","South Asia",155833628,132057214,0.521545170344545,2,42,3,4,1,2,1,1,1,1,1,1,1,4,4,4,1,1,3,1,2,1,2,2,2,,2,1,1,1,,,,,,,,,,,2,3,2,2,1,2,,,,,,,,,2,2,1,,,,,2,2,,2,2,1,1,1,2,2,2,,,4,1,2,2,,,,1,1,2,,1,2,,2,,2,,1,1,1,1,,,1,1,2,1,,,2,1,,2,2,,,,,,,,2,,,,,,1,1,1,,,,,,,,,,,,,,1,,1,1,,1,1,1,2,1,1,2,2,,2,1,,1,1,3,,1,1,1,1,1,2,2,2,,,,,,,,,,1,2,,,,,,,,,,,,,,
2024,"Pakistan","PAK","South Asia",155833628,132065928,1.2070460354524,2,55,1,4,1,1,0,0,0,0,0,0,3,4,4,2,0,2,3,0,2,,,,,,,,,,2,2,2,2,2,2,2,2,2,,,,,,,,,2,2,1,2,2,2,2,2,,2,,,,2,2,2,,2,,2,,2,2,2,,,2,5,1,5,1,1,1,,,,,,,,,2,,2,,2,1,2,2,,1,1,2,2,2,2,2,,,,2,2,,,,,,,,1,2,2,1,,2,4,0,1,,,,,,,,,,,,,,2,2,1,1,,2,,,3,2,,2,2,,2,2,2,,,,,,,,,,,,,2,2,8,1,2,1,2,2,4,1,2,,,,,,,,,,,,,,
2024,"Pakistan","PAK","South Asia",155833628,132104428,0.285730633617055,2,30,2,1,1,1,1,1,1,1,0,0,2,4,4,2,0,4,3,1,2,2,1,2,2,,2,1,2,2,,,,,,,,,,,2,3,2,2,2,2,,,,,,,,,2,2,2,,,,2,2,2,,2,2,2,,2,2,2,,,2,2,2,2,2,,,,2,2,,1,2,2,,2,,2,,2,2,,,,,1,2,2,2,1,,,,,2,2,,,,,,,,1,2,2,1,,2,4,0,1,,,,,,,,,,,,,,2,2,1,1,,2,,,2,2,,2,2,,2,2,2,,,,,,,,,,,,,2,2,1,1,2,1,2,1,8,1,2,,,,,,,,,,,,,,
2024,"Pakistan","PAK","South Asia",155833628,132106774,0.54930144917378,2,17,1,4,2,1,0,0,0,0,0,0,4,4,4,4,0,4,3,0,2,,,,,,,,,,2,2,1,2,2,1,1,1,1,,,,,,,,,2,2,1,2,2,2,2,2,,2,,,,2,2,2,,2,,2,,2,2,2,,,2,2,2,4,2,,,,,,,,,,,2,,2,,2,2,,,,,2,,,,,,,,,2,2,,,,,,,,2,,,,,,7,1,1,,,,,,,,,,,,,,2,2,2,1,,1,1,1,2,2,,2,2,,2,1,,2,2,,2,1,1,1,2,2,2,2,2,1,2,2,2,1,2,1,2,5,,,,,,,,,,,,,,,,
2024,"Pakistan","PAK","South Asia",155833628,132194946,0.285730633617055,1,38,1,4,2,2,0,0,0,0,1,0,4,4,4,4,0,4,3,0,2,,,,,,,,,,2,2,2,2,1,1,1,1,2,,,,,,,,,3,1,1,1,2,2,2,2,,2,,,,2,2,2,,2,,1,,2,2,1,,,,2,1,2,2,,,,,,,,,,,2,,2,,2,2,,,,,2,,,,,,,,,2,2,,,,,,,,2,,,,,,2,1,1,,,,,,,,,,,,,,2,2,1,1,,2,,,3,2,,2,2,,2,1,,2,2,,2,2,2,1,2,2,2,2,2,1,1,2,1,2,1,1,1,8,1,2,,,,,,,,,,,,,,
2024,"Pakistan","PAK","South Asia",155833628,132482121,0.721209398060743,1,31,2,5,2,2,0,0,0,0,0,1,4,4,4,4,0,4,3,0,2,,,,,,,,,,2,2,1,1,2,2,2,2,2,,,,,,,,,2,1,2,2,3,1,2,2,,2,,,,1,2,2,,2,,2,,2,2,2,,,2,2,2,2,2,,,,,,,,,,,2,,2,,2,2,,,,,2,,,,,,,,,2,2,,,,,,,,2,,,,,,5,1,1,,,,,,,,,,,,,,1,,2,1,,1,1,1,1,2,,2,2,,1,1,,1,1,4,,1,1,1,1,1,2,2,2,,,,,,,,,,1,2,,,,,,,,,,,,,,
2024,"Pakistan","PAK","South Asia",155833628,132494237,0.94255752093255,1,35,1,1,2,1,0,0,0,0,0,0,4,4,4,4,0,4,3,0,2,,,,,,,,,,2,2,2,2,1,2,2,2,2,,,,,,,,,2,2,2,2,2,2,2,2,,2,,,,2,2,2,,2,,2,,2,2,2,,,2,2,3,5,2,,,,,,,,,,,2,,2,,2,2,,,,,2,,,,,,,,,2,2,,,,,,,,2,,,,,,4,0,2,1,2,2,2,1,2,2,1,2,,,,2,,,,,,,,,,,,,,,,2,2,,,,,,,,,,,,,,,,,,,,,,1,2,,,,,,,,,,,,,,
2024,"Pakistan","PAK","South Asia",155833628,132586097,1.78229287490333,2,28,1,2,1,1,0,0,0,0,1,0,4,4,4,4,0,4,3,0,2,,,,,,,,,,2,2,1,1,1,3,1,2,2,,,,,,,,,1,1,2,1,2,2,2,2,,2,,,,2,2,2,,2,,2,,2,2,1,,,1,2,2,2,1,2,2,,,,,,,,,2,,2,,2,2,,,,,2,,,,,,,,,2,2,,,,,,,,2,,,,,,4,0,1,,,,,,,,,,,,,,2,2,2,4,1,2,,,2,2,,2,2,,2,2,2,,,,,,,,,,,,,1,2,2,2,1,2,2,2,1,1,2,,,,,,,,,,,,,,
2024,"Pakistan","PAK","South Asia",155833628,132827878,0.34383150678097,2,34,3,5,1,2,1,0,1,1,0,1,2,4,4,4,0,1,2,1,1,1,1,2,1,,2,1,1,2,,,,,,,,,,,,,,,,,,3,1,2,2,2,2,2,2,,2,,,,1,1,2,,2,,2,,2,2,2,,,2,1,2,2,2,,,,2,2,,4,2,2,,1,2,2,,2,1,1,2,,,1,2,2,2,1,,,,,2,2,,,,,,,,2,,,,,,1,1,1,,,,,,,,,,,,,,1,,1,1,,1,1,1,1,1,1,2,1,2,2,1,,1,2,,1,1,1,1,1,2,2,2,2,,,,,,,,,,1,2,,,,,,,,,,,,,,
2024,"Pakistan","PAK","South Asia",155833628,132883478,0.597802856867485,2,24,1,4,1,2,0,1,1,1,1,0,2,4,4,4,0,4,1,1,2,,,,,,,,,,2,2,2,2,1,2,1,2,2,1,2,2,2,2,2,2,,,,,,,,,2,2,2,,,,2,2,2,,2,2,1,,1,2,2,,,,2,2,1,2,,,,2,2,,4,2,2,,1,1,1,1,2,2,,,,,1,2,2,2,1,,,,,2,2,,,,,,,,2,,,,,,5,1,1,,,,,,,,,,,,,,1,,1,1,,1,1,1,4,2,,2,1,2,2,1,,1,1,2,,1,1,1,1,2,2,1,2,,,,,,,,,,1,2,,,,,,,,,,,,,,
2024,"Pakistan","PAK","South Asia",155833628,132928537,0.373948718328855,1,48,2,5,2,2,0,0,0,0,0,0,4,4,4,4,0,4,3,0,2,,,,,,,,,,2,2,2,2,2,2,2,1,2,,,,,,,,,2,2,2,2,2,2,2,2,,2,,,,2,2,2,,2,,2,,2,2,2,,,2,2,1,1,2,,,,,,,,,,,2,,2,,2,2,,,,,2,,,,,,,,,2,2,,,,,,,,2,,,,,,4,0,1,,,,,,,,,,,,,,2,2,1,1,,2,,,2,2,,2,2,,2,2,2,,,,,,,,,,,,,1,1,1,1,2,2,2,2,1,1,2,,,,,,,,,,,,,,
2024,"Pakistan","PAK","South Asia",155833628,132948142,2.9364518444985,2,16,1,1,1,1,0,0,0,0,1,0,4,4,4,4,0,4,2,0,2,,,,,,,,,,2,2,2,1,2,2,2,2,2,,,,,,,,,2,1,1,1,2,2,2,2,,2,,,,2,2,2,,2,,1,,2,2,2,,,,2,1,1,1,2,1,,,,,,,,,1,2,1,2,2,2,,,,,2,,,,,,,,,2,2,,,,,,,,2,,,,,,4,0,1,,,,,,,,,,,,,,2,2,2,1,,1,1,1,4,2,,2,2,,2,2,2,,,,,,,,,,,,,1,1,2,2,2,2,2,1,1,,,,,,,,,,,,,,,,
2024,"Pakistan","PAK","South Asia",155833628,133274976,0.593250104996476,1,19,2,5,2,2,0,0,0,0,1,0,4,4,4,4,0,4,3,0,2,,,,,,,,,,2,2,1,2,2,2,1,1,2,,,,,,,,,2,2,2,1,2,2,2,2,,2,,,,2,2,2,,2,,1,,2,2,2,,,,2,1,1,2,,,,,,,,,,,2,,2,,2,2,,,,,2,,,,,,,,,2,2,,,,,,,,2,,,,,,4,1,2,1,1,2,2,1,1,1,1,1,1,2,1,,,,,,,,,,,,,,,,,1,,1,1,2,,1,1,1,2,2,2,2,2,,,,,,,,,,2,,2,2,2,2,1,2,1,1,2,1,2,1,,
2024,"Pakistan","PAK","South Asia",155833628,133379440,0.369180602456848,2,35,2,4,1,2,1,0,1,0,0,0,4,4,4,4,0,4,3,0,1,2,2,2,1,,2,1,1,2,,,,,,,,,,,,,,,,,,2,2,2,2,2,2,2,2,,2,,,,2,2,2,,2,,2,,2,2,2,,,2,2,1,1,2,,,,2,2,,1,2,2,,2,,2,,2,2,,,,,2,,,,,,,,,2,2,,,,,,,,2,,,,,,4,1,1,,,,,,,,,,,,,,1,,1,1,,1,1,1,4,1,1,2,1,2,2,1,,1,1,3,,1,1,1,1,2,2,2,2,,,,,,,,,,1,2,,,,,,,,,,,,,,
2024,"Pakistan","PAK","South Asia",155833628,133394969,0.359865432572409,2,44,2,4,1,1,0,0,0,0,1,0,2,4,4,4,0,4,3,0,2,,,,,,,,,,2,2,2,2,2,1,2,2,2,,,,,,,,,2,1,2,2,2,2,2,2,,2,,,,2,2,2,,2,,1,,1,1,2,,,,1,1,3,2,,,,,,,,,,,2,,2,,2,2,,,,,1,2,2,2,1,,,,,2,2,,,,,,,,2,,,,,,2,1,1,,,,,,,,,,,,,,1,,1,1,,1,1,1,2,1,1,2,2,,2,1,,1,1,2,,1,1,1,2,2,2,2,2,,,,,,,,,,1,2,,,,,,,,,,,,,,
2024,"Pakistan","PAK","South Asia",155833628,133559719,0.503779555551112,2,40,2,4,1,2,1,1,1,1,1,1,1,4,4,1,1,1,1,1,1,1,1,2,1,,1,1,1,1,,,,,,,,,,,1,2,1,1,1,1,1,,,,,,,,1,1,1,2,2,1,,1,2,,1,1,1,1,2,1,1,1,1,,2,2,1,2,,,,1,1,2,,1,1,1,1,1,1,1,1,1,1,1,,,1,1,1,1,,,1,2,,2,2,,,,,,,,1,1,1,,,1,2,1,1,,,,,,,,,,,,,,1,,1,1,,1,1,1,1,1,1,1,1,1,1,1,,1,1,2,,1,1,1,1,2,1,1,1,,,,,,,,,,1,1,,,,,,,,,,,,,,
2024,"Pakistan","PAK","South Asia",155833628,133625573,0.693000932808087,1,16,2,3,2,1,1,0,1,0,0,0,4,4,4,4,0,4,3,0,2,2,2,4,4,2,2,2,2,2,,,,,,,,,,,,,,,,,,3,1,2,1,2,2,2,2,,2,,,,2,2,2,,2,,2,,2,2,2,,,2,7,,2,2,,,,2,2,,4,2,2,,2,,2,,2,2,,,,,2,,,,,,,,,2,2,,,,,,,,2,,,,,,4,0,2,1,1,2,2,2,2,2,1,2,,,,1,,,,,,,,,,,,,,,,2,2,,,,,,,,,,,,,,,,,,,,,,,,,,,,,,,,,,,,,
2024,"Pakistan","PAK","South Asia",155833628,133645280,0.310988343162425,1,28,1,1,2,2,0,0,0,0,1,0,4,4,4,4,0,2,3,0,2,,,,,,,,,,2,2,2,2,2,2,1,2,2,,,,,,,,,2,2,2,1,2,2,2,2,,2,,,,2,2,2,,2,,1,,2,2,2,,,,7,,1,2,,,,,,,,,,,2,,2,,2,1,2,2,,1,2,,,,,,,,,2,2,,,,,,,,2,,,,,,4,0,2,1,1,2,2,2,1,1,7,2,,,,2,,,,,,,,,,,,,,,,2,2,,,,,,,,,,,,,,,,,,,,,,1,3,,,,,,,,,,,,,,
2024,"Pakistan","PAK","South Asia",155833628,133724139,3.14431562748593,1,45,1,3,2,2,0,0,0,0,1,1,4,4,4,4,0,2,3,0,2,,,,,,,,,,2,2,2,2,3,2,1,2,2,,,,,,,,,2,1,2,1,2,2,2,2,,1,,,,,2,2,,2,,1,2,1,2,2,,,,5,1,1,2,,,,,,,,,,,2,,2,,2,1,2,2,,1,2,,,,,,,,,2,2,,,,,,,,2,,,,,,4,0,1,,,,,,,,,,,,,,2,2,1,1,,2,,,2,2,,2,8,,8,2,2,,,,,,,,,,,,,1,1,2,1,2,2,2,1,1,1,2,,,,,,,,,,,,,,
2024,"Pakistan","PAK","South Asia",155833628,133932204,1.4190215956294,2,18,2,5,2,1,0,0,0,0,1,0,4,4,4,4,0,4,3,0,2,,,,,,,,,,2,2,1,1,3,1,2,1,2,,,,,,,,,2,1,1,2,2,2,2,2,,2,,,,2,2,2,,2,,1,,2,2,1,,,,2,1,4,2,,,,,,,,,,,2,,2,,2,2,,,,,2,,,,,,,,,2,2,,,,,,,,2,,,,,,3,1,1,,,,,,,,,,,,,,1,,2,1,,1,1,1,1,1,1,2,1,2,2,1,,1,1,3,,1,1,1,1,2,2,2,1,,,,,,,,,,2,,2,1,2,1,2,2,2,2,1,1,1,2,,
2024,"Pakistan","PAK","South Asia",155833628,133938667,1.40733732233466,2,25,3,1,1,1,0,0,0,0,1,0,4,4,3,4,0,2,2,0,2,,,,,,,,,,2,2,1,2,2,1,2,2,2,,,,,,,,,,,,,,,,2,2,2,,,,2,2,2,,2,2,1,,1,1,2,,,,4,1,3,1,2,1,1,2,2,,1,2,2,,1,2,1,2,1,1,2,2,,1,2,,,,,,,,,2,1,2,2,2,2,,,,2,,,,,,3,1,1,,,,,,,,,,,,,,1,,1,1,,1,1,1,2,1,2,1,1,2,2,1,,1,1,1,,1,1,1,1,1,2,2,2,,,,,,,,,,1,2,,,,,,,,,,,,,,
2024,"Pakistan","PAK","South Asia",155833628,134219817,0.873242096935539,1,30,1,2,2,1,0,0,0,0,0,0,4,4,4,4,0,4,3,0,2,,,,,,,,,,2,2,2,2,2,2,2,2,2,,,,,,,,,2,2,2,2,2,2,2,2,,2,,,,2,2,2,,2,,2,,2,2,2,,,2,1,2,4,2,,,,,,,,,,,2,,2,,2,2,,,,,2,,,,,,,,,2,2,,,,,,,,2,,,,,,5,0,2,2,2,2,2,2,2,2,,2,,,,1,,,,,,,,,,,,,,,,2,2,,,,,,,,,,,,,,,,,,,,,,1,2,,,,,,,,,,,,,,
2024,"Pakistan","PAK","South Asia",155833628,134426138,0.401777965779482,2,37,1,1,1,1,0,0,0,0,1,0,2,4,4,4,0,2,3,0,2,,,,,,,,,,2,2,2,1,1,2,1,2,2,,,,,,,,,2,2,2,1,2,2,2,2,,2,,,,2,2,2,,2,,1,,1,2,1,,,,2,1,1,2,,,,,,,,,,,2,,2,,2,1,2,2,,1,1,2,2,2,1,,,,,2,2,,,,,,,,2,,,,,,1,0,1,,,,,,,,,,,,,,2,2,1,1,,1,2,2,2,2,,2,1,2,2,2,2,,,,,,,,,,,,,1,2,2,2,2,2,2,2,1,1,2,,,,,,,,,,,,,,
2024,"Pakistan","PAK","South Asia",155833628,134471917,0.285730633617055,1,27,2,5,2,1,0,0,0,0,0,0,4,4,4,4,0,2,3,0,2,,,,,,,,,,2,2,1,2,1,1,2,2,2,,,,,,,,,2,2,2,2,2,2,2,2,,2,,,,2,2,2,,2,,2,,2,2,2,,,2,1,1,1,2,,,,,,,,,,,2,,2,,2,1,2,2,,1,2,,,,,,,,,2,2,,,,,,,,2,,,,,,4,0,2,1,2,2,2,1,2,2,5,2,,,,2,,,,,,,,,,,,,,,,2,2,,,,,,,,,,,,,,,,,,,,,,1,2,,,,,,,,,,,,,,
2024,"Pakistan","PAK","South Asia",155833628,134581461,0.405098054706151,2,25,1,5,1,1,0,0,0,0,0,0,4,4,4,4,0,4,3,0,2,,,,,,,,,,2,2,2,2,1,2,2,2,2,,,,,,,,,2,2,2,2,2,2,2,2,,2,,,,2,2,2,,2,,2,,2,2,2,,,2,5,1,1,2,,,,,,,,,,,2,,2,,2,2,,,,,2,,,,,,,,,2,2,,,,,,,,2,,,,,,4,1,1,,,,,,,,,,,,,,1,,1,1,,1,1,1,2,1,1,2,2,,2,1,,1,1,2,,1,1,1,1,1,2,1,2,,,,,,,,,,1,2,,,,,,,,,,,,,,
2024,"Pakistan","PAK","South Asia",155833628,134694417,0.507942533778707,2,25,1,2,1,2,0,0,0,0,1,0,2,4,4,4,0,2,3,0,2,,,,,,,,,,2,2,2,2,2,2,1,2,2,,,,,,,,,2,2,2,1,2,1,1,2,,2,,,,2,2,2,,2,,1,,2,2,1,,,,2,1,2,2,,,,,,,,,,,2,,2,,2,1,2,2,,1,1,2,2,2,1,,,,,2,2,,,,,,,,2,,,,,,4,1,1,,,,,,,,,,,,,,1,,1,1,,1,1,1,4,1,1,2,1,2,2,1,,1,1,2,,1,1,1,2,2,2,2,2,,,,,,,,,,1,2,,,,,,,,,,,,,,
2024,"Pakistan","PAK","South Asia",155833628,134707763,3.31585532053444,1,28,1,3,1,2,1,0,1,0,0,0,2,4,4,4,0,2,3,0,2,2,1,2,2,,2,2,2,2,,,,,,,,,,,,,,,,,,2,1,2,1,2,2,2,2,,2,,,,2,2,2,,2,,2,,2,2,2,,,2,3,1,1,2,,,,2,2,,3,2,2,,2,,2,,2,1,2,2,,1,1,2,2,2,1,,,,,2,2,,,,,,,,2,,,,,,4,0,1,,,,,,,,,,,,,,1,,1,1,,2,,,2,1,1,2,2,,2,2,2,,,,,1,1,2,2,2,2,2,2,,,,,,,,,,1,2,,,,,,,,,,,,,,
2024,"Pakistan","PAK","South Asia",155833628,134738273,0.517813165835169,2,33,2,5,1,2,1,1,1,1,1,1,1,4,4,1,1,1,1,1,1,1,1,2,2,,1,1,1,1,,,,,,,,,,,1,1,2,1,2,2,,,,,,,,,1,1,1,1,1,1,,1,2,,1,2,2,1,2,2,2,1,1,,1,3,1,2,,,,2,1,1,,1,1,1,1,1,1,1,1,1,1,1,,,1,2,1,1,,,1,2,,2,2,,,,,,,,1,1,1,,,1,8,1,1,,,,,,,,,,,,,,1,,1,1,,1,1,1,1,1,1,2,1,2,1,1,,1,1,2,,1,1,1,1,1,1,1,2,,,,,,,,,,1,4,,,,,,,,,,,,,,
2024,"Pakistan","PAK","South Asia",155833628,134775228,2.359954359486,1,60,1,5,2,2,0,0,0,0,0,1,4,4,4,4,0,3,3,0,2,,,,,,,,,,2,2,2,3,2,2,2,2,2,,,,,,,,,2,3,2,2,3,2,2,2,,2,,,,1,2,2,,2,,2,,2,2,3,,,2,2,1,2,2,,,,,,,,,,,2,,2,,2,1,2,2,,2,2,,,,,,,,,2,2,,,,,,,,2,,,,,,1,0,2,1,8,8,1,2,2,2,4,2,,,,1,,,,,,,,,,,,,,,,2,2,,,,,,,,,,,,,,,,,,,,,,1,2,,,,,,,,,,,,,,
2024,"Pakistan","PAK","South Asia",155833628,134827858,0.372231323338915,2,26,1,3,1,1,0,0,0,0,1,0,4,4,4,4,0,2,2,0,2,,,,,,,,,,2,2,2,2,2,2,1,2,2,,,,,,,,,2,2,2,1,2,2,2,2,,2,,,,2,2,2,,2,,1,,2,2,1,,,,3,1,2,2,,,,,,,,,,,2,,1,2,2,1,2,2,,1,2,,,,,,,,,2,2,,,,,,,,2,,,,,,2,0,1,,,,,,,,,,,,,,2,2,1,1,,2,,,2,2,,2,2,,2,2,2,,,,,,,,,,,,,1,2,2,1,2,2,2,2,1,1,2,,,,,,,,,,,,,,
2024,"Pakistan","PAK","South Asia",155833628,134972689,0.401777965779482,2,40,1,4,1,1,0,0,0,0,1,0,2,4,4,4,0,2,2,0,2,,,,,,,,,,2,2,1,1,1,1,1,2,2,,,,,,,,,2,1,2,1,1,2,2,2,,2,,,,2,2,2,,2,,1,,2,1,2,,,,2,2,3,1,2,1,,,,,,,,,1,2,1,2,2,1,2,2,,1,1,2,2,2,1,,,,,2,2,,,,,,,,2,,,,,,4,1,1,,,,,,,,,,,,,,1,,1,1,,1,1,1,2,1,1,2,2,,2,1,,1,1,2,,1,1,1,1,2,2,2,2,,,,,,,,,,1,2,,,,,,,,,,,,,,
2024,"Pakistan","PAK","South Asia",155833628,135044708,0.583849588017422,1,17,1,1,2,2,0,0,0,0,1,0,4,4,4,4,0,4,3,0,2,,,,,,,,,,2,2,2,1,1,2,1,2,2,,,,,,,,,1,1,1,1,2,2,2,2,,2,,,,2,2,2,,2,,1,,2,2,2,,,,2,1,1,1,1,1,,,,,,,,,2,,2,,2,2,,,,,2,,,,,,,,,2,2,,,,,,,,2,,,,,,3,0,2,1,1,1,1,1,2,2,2,2,,,,1,,,,,,,,,,,,,,,,2,2,,,,,,,,,,,,,,,,,,,,,,,,,,,,,,,,,,,,,
2024,"Pakistan","PAK","South Asia",155833628,135161901,0.546423728208898,1,17,2,4,2,1,0,0,0,0,1,0,4,3,4,4,0,4,3,0,2,,,,,,,,,,2,2,1,2,2,2,2,2,2,,,,,,,,,2,2,2,1,3,2,2,2,,2,,,,2,2,2,,2,,1,,1,1,2,,,,2,1,4,2,,,,,,,,,,,2,,2,,2,2,,,,,2,,,,,,,,,1,2,2,2,2,2,,,,2,,,,,,2,0,2,1,1,2,2,2,1,1,1,1,1,2,2,,,,,,,,,,,,,,,,,2,2,,,,,,,,,,,,,,,,,,,,,,,,,,,,,,,,,,,,,
2024,"Pakistan","PAK","South Asia",155833628,135174239,0.285730633617055,1,35,1,4,2,1,0,0,0,0,1,0,4,4,4,4,0,2,3,0,2,,,,,,,,,,2,2,2,2,2,2,1,2,2,,,,,,,,,2,2,2,2,2,2,2,2,,2,,,,2,2,2,,2,,1,,2,2,2,,,,2,3,1,2,,,,,,,,,,,2,,2,,2,1,2,2,,1,2,,,,,,,,,2,2,,,,,,,,2,,,,,,4,0,2,2,2,2,2,2,1,2,6,1,2,2,2,,,,,,,,,,,,,,,,,2,2,,,,,,,,,,,,,,,,,,,,,,1,2,,,,,,,,,,,,,,
2024,"Pakistan","PAK","South Asia",155833628,135287737,0.314420905567448,2,34,2,3,1,1,1,1,1,1,1,0,3,4,4,2,0,4,1,1,2,1,2,2,2,,2,1,2,2,,,,,,,,,,,2,2,2,2,1,2,,,,,,,,,2,2,2,,,,2,2,2,,1,2,1,,1,1,1,,,,3,1,2,1,2,1,2,2,2,,1,2,2,,2,,1,1,2,2,,,,,1,2,2,2,2,2,,,,2,2,,,,,,,,1,2,2,1,,1,2,1,1,,,,,,,,,,,,,,1,,1,1,,1,1,1,1,1,1,2,1,2,1,1,,1,1,3,,1,1,1,1,2,2,2,2,,,,,,,,,,1,2,,,,,,,,,,,,,,
2024,"Pakistan","PAK","South Asia",155833628,135323013,2.16614121702581,2,28,1,2,1,2,0,0,0,0,0,0,2,4,4,4,0,2,3,0,2,,,,,,,,,,2,2,2,2,2,2,2,2,2,,,,,,,,,2,2,2,2,2,1,2,2,,2,,,,2,2,2,,2,,2,,2,2,2,,,2,2,2,1,2,,,,,,,,,,,2,,2,,2,1,2,2,,1,1,2,2,2,1,,,,,2,2,,,,,,,,2,,,,,,4,0,1,,,,,,,,,,,,,,2,2,1,1,,2,,,2,2,,2,2,,2,2,2,,,,,,,,,,,,,1,1,2,1,2,2,2,1,4,1,2,,,,,,,,,,,,,,
2024,"Pakistan","PAK","South Asia",155833628,135367350,0.507942533778707,2,27,1,5,2,2,0,1,1,1,1,0,4,4,4,4,0,1,1,1,2,,,,,,,,,,2,2,2,1,2,1,1,2,1,1,1,2,1,2,2,2,,,,,,,,,2,2,2,,,,2,2,2,,2,2,1,,1,2,2,,,,2,2,1,2,,,,2,2,,1,1,2,,2,,1,1,2,1,2,1,,,2,,,,,,,,,2,2,,,,,,,,2,,,,,,4,1,1,,,,,,,,,,,,,,2,2,1,1,,1,1,1,2,2,,2,1,2,2,2,1,3,2,,2,2,2,2,2,2,2,2,2,1,2,2,1,2,1,2,1,1,1,2,,,,,,,,,,,,,,
2024,"Pakistan","PAK","South Asia",155833628,135383540,0.507942533778707,2,26,2,5,2,2,1,1,1,1,1,1,4,4,4,4,0,1,3,1,1,1,2,1,1,,1,1,2,1,,,,,,,,,,,3,3,3,2,2,2,,,,,,,,,1,2,1,2,2,1,,2,2,,2,2,1,2,2,2,2,2,,,1,3,5,2,,,,2,2,,4,1,1,2,2,,2,,2,1,1,1,,,2,,,,,,,,,2,2,,,,,,,,2,,,,,,2,1,1,,,,,,,,,,,,,,1,,1,1,,1,1,1,3,1,1,2,1,2,2,1,,1,1,3,,1,1,1,1,1,2,2,2,,,,,,,,,,1,2,,,,,,,,,,,,,,
2024,"Pakistan","PAK","South Asia",155833628,135449963,2.8911831582241,2,28,1,1,1,1,0,0,0,0,1,0,2,4,4,2,0,4,2,0,2,,,,,,,,,,2,2,2,1,3,1,1,2,2,,,,,,,,,1,2,1,1,2,2,2,2,,2,,,,2,2,2,,2,,1,,1,2,1,,,,5,1,1,1,1,1,,,,,,,,,2,,1,2,2,2,,,,,1,1,2,2,1,,,,,2,2,,,,,,,,1,2,2,1,,2,4,0,2,1,1,2,1,2,2,1,4,1,2,2,2,,,,,,,,,,,,,,,,,2,2,,,,,,,,,,,,,,,,,,,,,,1,2,,,,,,,,,,,,,,
2024,"Pakistan","PAK","South Asia",155833628,135811260,0.285730633617055,1,30,2,5,2,2,0,0,0,0,0,0,4,4,4,4,0,4,3,0,2,,,,,,,,,,2,2,1,2,2,2,2,1,2,,,,,,,,,2,2,2,2,1,2,2,2,,2,,,,2,2,2,,2,,2,,2,2,2,,,2,2,2,2,2,,,,,,,,,,,2,,2,,2,2,,,,,2,,,,,,,,,2,2,,,,,,,,2,,,,,,4,1,1,,,,,,,,,,,,,,2,2,1,3,,1,1,1,4,2,,2,2,,2,1,,3,1,3,,1,1,1,2,2,2,2,2,2,1,2,2,2,2,2,2,2,1,2,,,,,,,,,,,,,,
2024,"Pakistan","PAK","South Asia",155833628,135851674,1.08850640840013,1,16,1,4,2,1,0,0,0,0,0,0,4,4,4,4,0,4,3,0,2,,,,,,,,,,2,2,1,2,2,2,2,2,1,,,,,,,,,2,2,2,1,2,2,2,2,,2,,,,2,2,2,,2,,2,,2,2,2,,,2,2,1,3,1,2,1,,,,,,,,,2,,2,,2,2,,,,,2,,,,,,,,,2,2,,,,,,,,2,,,,,,4,0,2,2,2,2,2,1,2,2,5,2,,,,1,,,,,,,,,,,,,,,,2,2,,,,,,,,,,,,,,,,,,,,,,,,,,,,,,,,,,,,,
2024,"Pakistan","PAK","South Asia",155833628,135942293,3.07108620057126,1,49,1,2,2,1,0,0,0,0,1,1,4,4,4,4,0,2,3,0,2,,,,,,,,,,2,2,2,2,1,2,1,2,2,,,,,,,,,2,1,2,1,2,2,2,2,,1,,,,,2,2,,2,,1,2,1,2,1,,,,1,2,3,1,2,1,,,,,,,,,2,,2,,2,1,2,2,,1,2,,,,,,,,,2,2,,,,,,,,2,,,,,,4,0,1,,,,,,,,,,,,,,2,2,2,1,,2,,,4,2,,2,2,,2,2,2,,,,,,,,,,,,,2,8,2,2,2,2,2,1,8,1,2,,,,,,,,,,,,,,
2024,"Pakistan","PAK","South Asia",155833628,136203369,0.359865432572409,2,37,1,4,2,1,0,0,0,0,1,0,4,3,4,4,0,2,2,0,2,,,,,,,,,,2,2,2,2,2,1,1,2,2,,,,,,,,,2,2,2,2,2,2,2,2,,2,,,,2,2,2,,2,,1,,1,1,2,,,,2,1,3,1,2,1,,,,,,,,,1,2,1,2,1,1,2,2,,1,2,,,,,,,,,1,2,2,2,2,2,,,,2,,,,,,4,1,1,,,,,,,,,,,,,,2,2,1,1,,1,1,1,1,2,,2,2,,2,2,1,4,2,,1,2,2,1,1,2,2,2,2,1,1,2,1,2,1,1,2,2,1,2,,,,,,,,,,,,,,
2024,"Pakistan","PAK","South Asia",155833628,136228391,0.86608520891138,1,35,1,1,2,2,0,0,0,0,1,0,4,4,4,4,0,2,3,0,2,,,,,,,,,,2,2,3,1,3,2,1,2,2,,,,,,,,,2,1,2,2,2,2,2,2,,2,,,,2,2,2,,2,,2,,2,2,2,,,1,7,,1,2,,,,,,,,,,,2,,2,,2,1,2,2,,1,2,,,,,,,,,2,2,,,,,,,,2,,,,,,4,0,2,1,8,2,2,2,2,2,1,2,,,,2,,,,,,,,,,,,,,,,2,2,,,,,,,,,,,,,,,,,,,,,,1,2,,,,,,,,,,,,,,
2024,"Pakistan","PAK","South Asia",155833628,136293597,1.1299699388576,1,45,1,5,1,2,0,0,0,0,1,0,3,4,4,4,0,2,3,0,2,,,,,,,,,,2,2,3,2,3,2,1,2,2,,,,,,,,,2,2,2,1,2,2,2,2,,2,,,,2,2,2,,2,,1,,2,2,1,,,,2,2,2,2,,,,,,,,,,,2,,2,,2,1,2,2,,1,1,2,2,2,2,2,,,,2,2,,,,,,,,2,,,,,,4,0,2,1,2,2,1,2,2,1,4,1,2,2,2,,,,,,,,,,,,,,,,,2,2,,,,,,,,,,,,,,,,,,,,,,1,2,,,,,,,,,,,,,,
2024,"Pakistan","PAK","South Asia",155833628,136458365,0.594097624967777,2,30,1,4,1,1,0,0,0,0,1,0,4,4,4,4,0,4,3,0,2,,,,,,,,,,2,2,1,2,2,2,1,2,2,,,,,,,,,1,1,2,2,2,2,2,2,,2,,,,2,2,2,,2,,2,,2,2,1,,,2,2,2,4,2,,,,,,,,,,,2,,2,,2,2,,,,,2,,,,,,,,,2,2,,,,,,,,2,,,,,,4,0,1,,,,,,,,,,,,,,2,2,1,7,2,2,,,2,2,,2,2,,2,2,2,,,,,,,,,,,,,1,2,2,1,2,2,2,1,8,1,2,,,,,,,,,,,,,,
2024,"Pakistan","PAK","South Asia",155833628,136462448,0.372231323338915,2,27,2,4,1,2,0,1,1,1,1,0,4,4,4,4,0,2,1,1,2,,,,,,,,,,2,2,1,2,1,1,1,2,1,1,3,3,3,2,2,2,,,,,,,,,2,2,2,,,,2,2,2,,2,2,1,,2,2,2,,,,2,1,1,2,,,,2,2,,4,2,2,,1,1,1,1,2,1,2,2,,1,2,,,,,,,,,2,2,,,,,,,,2,,,,,,4,1,1,,,,,,,,,,,,,,1,,1,1,,1,1,1,3,1,1,2,2,,2,1,,1,1,2,,1,1,1,1,2,2,2,2,,,,,,,,,,1,2,,,,,,,,,,,,,,
2024,"Pakistan","PAK","South Asia",155833628,136494254,2.35053891121422,1,60,1,1,2,2,0,0,0,0,1,1,4,4,4,4,0,2,3,0,2,,,,,,,,,,2,2,2,2,2,2,1,2,2,,,,,,,,,2,2,2,1,2,2,2,2,,1,,,,,2,2,,2,,2,1,2,2,2,,,,2,2,1,2,,,,,,,,,,,2,,2,,2,1,2,2,,1,2,,,,,,,,,2,2,,,,,,,,2,,,,,,4,0,2,1,2,2,2,2,2,2,1,2,,,,2,,,,,,,,,,,,,,,,2,2,,,,,,,,,,,,,,,,,,,,,,1,2,,,,,,,,,,,,,,
2024,"Pakistan","PAK","South Asia",155833628,136503207,1.90069267456044,1,27,1,1,1,1,0,0,0,0,1,0,4,3,4,4,0,4,3,0,2,,,,,,,,,,2,2,2,1,2,2,2,2,1,,,,,,,,,2,1,2,2,2,2,2,2,,2,,,,2,2,2,,2,,2,,2,2,1,,,1,3,1,1,2,,,,,,,,,,,2,,2,,2,2,,,,,2,,,,,,,,,1,2,2,2,2,2,,,,2,,,,,,3,0,2,1,1,2,1,2,2,1,2,2,,,,1,,,,,,,,,,,,,,,,2,2,,,,,,,,,,,,,,,,,,,,,,1,2,,,,,,,,,,,,,,
2024,"Pakistan","PAK","South Asia",155833628,136646710,1.69466707397722,2,60,1,5,1,1,0,0,0,0,1,0,4,4,4,4,0,2,2,0,2,,,,,,,,,,2,2,2,2,1,2,1,2,2,,,,,,,,,2,1,2,1,2,2,2,2,,2,,,,2,2,2,,2,,1,,2,2,2,,,,2,1,2,2,,,,,,,,,,,2,,1,2,2,1,2,2,,1,2,,,,,,,,,2,2,,,,,,,,2,,,,,,4,0,1,,,,,,,,,,,,,,2,2,1,1,,2,,,2,2,,2,2,,2,2,2,,,,,,,,,,,,,1,2,2,1,2,2,2,1,4,1,2,,,,,,,,,,,,,,
2024,"Pakistan","PAK","South Asia",155833628,136748239,0.480298331682336,2,26,2,5,1,1,0,0,0,0,1,0,2,4,4,4,0,4,3,0,2,,,,,,,,,,2,2,1,1,1,1,1,2,2,,,,,,,,,,,,,,,,2,2,2,,,,2,2,2,,2,2,1,,1,2,1,,,,3,2,3,1,1,2,2,2,2,,4,2,1,2,2,,2,,2,2,,,,,1,2,2,2,1,,,,,2,2,,,,,,,,2,,,,,,2,1,1,,,,,,,,,,,,,,1,,1,1,,1,1,1,1,1,1,1,1,2,1,1,,1,1,3,,1,1,1,1,1,2,1,1,,,,,,,,,,1,2,,,,,,,,,,,,,,
2024,"Pakistan","PAK","South Asia",155833628,136786040,0.373262470511944,1,50,1,1,2,2,0,1,1,1,1,1,2,4,4,4,0,4,3,1,2,,,,,,,,,,1,1,1,2,1,2,2,1,1,2,2,2,2,1,2,2,,,,,,,,,2,2,1,,,,,1,2,,2,2,1,1,2,2,2,,,,1,1,2,1,1,2,1,1,2,,1,2,2,,2,,2,,2,2,,,,,1,2,2,2,1,,,,,2,2,,,,,,,,2,,,,,,3,1,1,,,,,,,,,,,,,,1,,1,1,,1,1,1,1,2,,2,2,,2,1,,1,1,3,,1,2,1,1,1,2,2,2,,,,,,,,,,1,1,,,,,,,,,,,,,,
2024,"Pakistan","PAK","South Asia",155833628,136956754,3.31585532053444,1,28,1,1,2,2,0,0,0,0,0,0,4,4,4,4,0,2,3,0,2,,,,,,,,,,2,2,2,2,2,1,1,2,2,,,,,,,,,2,2,1,1,1,2,2,2,,2,,,,2,2,2,,2,,2,,2,2,2,,,2,2,1,1,2,,,,,,,,,,,2,,2,,2,1,2,2,,1,2,,,,,,,,,2,2,,,,,,,,2,,,,,,3,1,2,1,2,2,1,2,2,1,1,1,1,2,1,,,,,,,,,,,,,,,,,1,,1,1,3,,1,2,1,1,2,2,2,2,,,,,,,,,,2,,2,2,1,1,2,1,2,2,2,2,2,2,,
2024,"Pakistan","PAK","South Asia",155833628,136991309,0.738361204913696,2,38,1,3,1,1,0,0,0,0,1,1,4,4,4,4,0,2,3,0,2,,,,,,,,,,2,2,2,2,1,2,1,2,1,,,,,,,,,2,1,2,1,2,2,2,2,,1,,,,,2,2,,2,,1,2,2,2,2,,,,2,2,2,2,,,,,,,,,,,2,,2,,2,1,2,2,,1,2,,,,,,,,,2,2,,,,,,,,2,,,,,,4,1,1,,,,,,,,,,,,,,1,,1,1,,1,1,1,4,1,1,2,2,,2,1,,1,1,2,,1,1,1,1,2,2,2,2,,,,,,,,,,1,2,,,,,,,,,,,,,,
2024,"Pakistan","PAK","South Asia",155833628,137013406,1.8821281082942,1,60,1,3,2,1,0,0,0,0,1,0,4,4,4,4,0,4,3,0,2,,,,,,,,,,2,2,2,2,2,1,2,2,1,,,,,,,,,2,2,2,2,2,2,2,2,,2,,,,2,2,2,,2,,1,,2,2,1,,,,1,3,4,2,,,,,,,,,,,2,,2,,2,2,,,,,2,,,,,,,,,2,2,,,,,,,,2,,,,,,3,0,2,1,1,2,2,2,1,1,6,2,,,,2,,,,,,,,,,,,,,,,2,2,,,,,,,,,,,,,,,,,,,,,,1,2,,,,,,,,,,,,,,
2024,"Pakistan","PAK","South Asia",155833628,137051829,0.803555931558965,2,40,1,4,1,1,0,0,0,0,1,0,2,4,4,2,0,2,1,0,2,,,,,,,,,,2,2,2,1,2,1,1,2,2,,,,,,,,,1,2,1,1,1,2,2,2,,2,,,,2,2,2,,2,,1,,2,1,1,,,,2,1,3,2,,,,,,,,,,,1,1,1,2,2,1,2,2,,1,1,2,2,2,1,,,,,2,2,,,,,,,,1,2,2,1,,2,4,0,1,,,,,,,,,,,,,,2,2,1,1,,2,,,2,2,,2,2,,2,2,2,,,,,,,,,,,,,1,1,1,1,2,2,2,2,1,1,2,,,,,,,,,,,,,,
2024,"Pakistan","PAK","South Asia",155833628,137233933,1.37677570530304,1,15,1,2,2,1,0,0,0,0,1,0,4,4,4,2,0,5,3,0,2,,,,,,,,,,2,2,3,1,3,1,2,2,3,,,,,,,,,1,3,1,1,2,2,2,2,,2,,,,2,2,2,,1,,1,,2,2,1,,,,2,1,1,2,,,,,,,,,,,2,,2,,2,3,,,,,2,,,,,,,,,2,2,,,,,,,,1,3,2,1,,2,4,0,2,2,2,8,2,1,8,2,5,2,,,,1,,,,,,,,,,,,,,,,2,2,,,,,,,,,,,,,,,,,,,,,,,,,,,,,,,,,,,,,
2024,"Pakistan","PAK","South Asia",155833628,137250967,2.8674876971448,2,35,1,3,1,1,0,0,0,0,1,0,2,4,4,2,0,4,2,0,2,,,,,,,,,,2,2,3,1,3,1,1,2,2,,,,,,,,,2,1,1,1,3,2,2,2,,2,,,,2,2,2,,2,,1,,2,2,2,,,,5,2,1,1,2,1,,,,,,,,,2,,1,2,2,2,,,,,1,2,2,2,1,,,,,2,2,,,,,,,,1,2,2,1,,2,3,0,1,,,,,,,,,,,,,,2,2,1,1,,2,,,2,2,,2,2,,2,2,2,,,,,,,,,,,,,1,1,8,1,2,8,2,1,1,1,2,,,,,,,,,,,,,,
2024,"Pakistan","PAK","South Asia",155833628,137616012,1.70203591703024,1,24,1,3,2,2,0,0,0,0,0,0,4,4,4,4,0,4,3,0,2,,,,,,,,,,2,2,3,3,1,1,1,2,2,,,,,,,,,2,2,3,1,2,2,2,2,,2,,,,2,2,2,,2,,2,,2,2,2,,,2,7,,5,2,,,,,,,,,,,2,,2,,2,2,,,,,2,,,,,,,,,2,2,,,,,,,,2,,,,,,2,0,2,1,1,1,1,2,2,1,1,2,,,,1,,,,,,,,,,,,,,,,2,2,,,,,,,,,,,,,,,,,,,,,,2,,2,1,1,3,2,2,2,3,2,2,2,2,,
2024,"Pakistan","PAK","South Asia",155833628,137652789,0.285730633617055,1,40,2,5,2,1,0,0,0,0,1,0,4,4,4,4,0,2,3,0,2,,,,,,,,,,2,2,1,1,2,2,1,2,2,,,,,,,,,2,2,2,1,2,2,2,2,,2,,,,2,2,2,,2,,1,,2,2,2,,,,5,2,2,2,,,,,,,,,,,2,,2,,2,1,2,2,,1,2,,,,,,,,,2,2,,,,,,,,2,,,,,,4,0,1,,,,,,,,,,,,,,1,,2,1,,1,1,1,4,1,1,2,2,,2,2,2,,,,,2,2,2,2,2,2,2,2,,,,,,,,,,1,2,,,,,,,,,,,,,,
2024,"Pakistan","PAK","South Asia",155833628,137699636,0.560567987135824,1,20,2,3,2,2,0,0,0,0,0,0,4,4,4,4,0,4,3,0,2,,,,,,,,,,2,2,1,2,1,2,2,2,1,,,,,,,,,2,2,2,1,2,2,1,2,,2,,,,2,2,2,,2,,2,,2,2,2,,,2,2,1,4,2,,,,,,,,,,,2,,2,,2,2,,,,,2,,,,,,,,,2,2,,,,,,,,2,,,,,,4,0,2,2,2,2,2,1,1,2,5,2,,,,2,,,,,,,,,,,,,,,,2,2,,,,,,,,,,,,,,,,,,,,,,1,2,,,,,,,,,,,,,,
2024,"Pakistan","PAK","South Asia",155833628,137719861,1.3691961068868,2,42,1,2,1,1,0,0,0,0,1,0,4,4,4,4,0,2,1,0,2,,,,,,,,,,2,2,2,2,2,2,1,2,2,,,,,,,,,,,,,,,,2,2,2,,,,2,2,2,,2,2,1,,1,1,1,,,,4,1,2,1,1,1,2,2,2,,1,2,2,,1,1,1,1,1,1,2,2,,1,2,,,,,,,,,2,2,,,,,,,,2,,,,,,2,1,1,,,,,,,,,,,,,,1,,1,1,,1,1,1,2,1,1,2,2,,2,1,,1,1,3,,1,1,1,1,2,2,2,2,,,,,,,,,,1,2,,,,,,,,,,,,,,
2024,"Pakistan","PAK","South Asia",155833628,137928153,0.968248191327688,1,38,1,5,2,1,0,0,0,0,0,0,4,4,4,4,0,4,3,0,2,,,,,,,,,,2,2,2,3,2,1,1,2,2,,,,,,,,,3,3,2,1,2,2,2,2,,2,,,,2,2,2,,2,,2,,2,2,2,,,2,1,1,1,1,2,2,,,,,,,,,2,,2,,2,2,,,,,2,,,,,,,,,2,2,,,,,,,,2,,,,,,4,0,2,1,8,8,1,1,2,2,5,2,,,,2,,,,,,,,,,,,,,,,2,2,,,,,,,,,,,,,,,,,,,,,,1,2,,,,,,,,,,,,,,
2024,"Pakistan","PAK","South Asia",155833628,138065973,0.764136451073312,2,22,2,5,1,2,0,0,0,0,0,0,4,4,4,4,0,4,3,0,2,,,,,,,,,,2,2,1,2,1,2,1,2,2,,,,,,,,,,,,,,,,2,2,2,,,,2,2,2,,2,2,2,,2,2,2,,,2,2,2,1,2,,,,2,2,,1,2,2,,2,,2,,2,2,,,,,2,,,,,,,,,2,2,,,,,,,,2,,,,,,3,1,1,,,,,,,,,,,,,,1,,1,1,,1,1,1,3,1,1,2,2,,2,1,,1,1,3,,1,1,1,1,2,2,2,2,,,,,,,,,,1,2,,,,,,,,,,,,,,
2024,"Pakistan","PAK","South Asia",155833628,138124963,2.359954359486,1,70,1,4,2,2,0,0,0,0,0,1,4,4,4,4,0,4,3,0,2,,,,,,,,,,2,2,2,1,1,1,1,1,2,,,,,,,,,2,2,2,2,2,2,3,2,,2,,,,1,2,2,,2,,2,,2,2,2,,,2,1,2,2,2,,,,,,,,,,,2,,2,,2,2,,,,,2,,,,,,,,,2,2,,,,,,,,2,,,,,,4,0,2,2,2,2,2,2,2,1,7,1,2,2,2,,,,,,,,,,,,,,,,,4,2,,,,,,,,,,,,,,,,,,,,,,1,2,,,,,,,,,,,,,,
2024,"Pakistan","PAK","South Asia",155833628,138476572,0.982050102952661,2,45,2,5,1,2,1,1,1,1,1,1,1,4,4,4,1,1,1,1,1,1,2,2,1,,1,1,1,2,,,,,,,,,,,2,1,1,1,2,2,,,,,,,,,2,2,2,,,,1,2,1,1,2,1,1,,2,1,1,,,,4,2,2,2,,,,1,1,1,,1,1,2,1,1,1,1,2,1,1,1,,,1,2,1,1,,,2,2,,2,2,,,,,,,,2,,,,,,4,1,1,,,,,,,,,,,,,,1,,1,1,,1,1,1,4,1,1,2,1,2,2,1,,1,1,2,,1,1,1,1,1,1,1,1,,,,,,,,,,1,2,,,,,,,,,,,,,,
2024,"Pakistan","PAK","South Asia",155833628,138684561,0.402417016245394,1,48,1,5,2,2,0,0,0,0,0,0,4,4,4,4,0,4,3,0,2,,,,,,,,,,2,2,3,2,2,2,1,2,2,,,,,,,,,2,2,2,1,2,2,2,2,,2,,,,2,2,2,,2,,2,,2,2,2,,,2,7,,1,2,,,,,,,,,,,2,,2,,2,2,,,,,2,,,,,,,,,2,2,,,,,,,,2,,,,,,1,0,1,,,,,,,,,,,,,,2,2,2,1,,2,,,2,2,,2,2,,2,2,2,,,,,,,,,,,,,2,1,2,1,2,8,1,2,97,1,2,,,,,,,,,,,,,,
2024,"Pakistan","PAK","South Asia",155833628,138816359,0.873242096935539,1,33,1,5,2,1,0,0,0,0,0,0,4,4,4,4,0,4,3,0,2,,,,,,,,,,2,2,2,2,2,2,2,1,2,,,,,,,,,2,2,2,2,2,2,2,2,,2,,,,2,2,2,,2,,2,,3,2,2,,,2,2,1,4,2,,,,,,,,,,,2,,2,,2,2,,,,,2,,,,,,,,,2,2,,,,,,,,2,,,,,,4,0,1,,,,,,,,,,,,,,2,2,2,1,,2,,,3,2,,1,2,,2,2,2,,,,,,,,,,,,,1,2,2,1,1,2,2,2,5,1,2,,,,,,,,,,,,,,
2024,"Pakistan","PAK","South Asia",155833628,138830515,0.350031300372393,1,27,1,2,2,2,0,0,0,0,1,0,4,4,4,4,0,4,3,0,2,,,,,,,,,,2,2,2,1,1,1,1,2,2,,,,,,,,,2,1,1,1,1,2,2,2,,2,,,,2,2,2,,2,,1,,2,2,2,,,,2,1,2,1,2,1,,,,,,,,,2,,2,,2,2,,,,,2,,,,,,,,,2,2,,,,,,,,2,,,,,,2,0,2,1,1,1,1,2,2,1,1,2,,,,1,,,,,,,,,,,,,,,,2,2,,,,,,,,,,,,,,,,,,,,,,1,2,,,,,,,,,,,,,,
2024,"Pakistan","PAK","South Asia",155833628,138927942,0.285730633617055,1,40,2,5,2,1,0,0,0,0,1,0,4,4,4,4,0,4,3,0,2,,,,,,,,,,2,2,2,2,2,2,2,2,2,,,,,,,,,2,2,2,2,2,2,2,2,,2,,,,2,2,2,,2,,1,,2,2,2,,,,2,1,1,2,,,,,,,,,,,2,,2,,2,2,,,,,2,,,,,,,,,2,2,,,,,,,,2,,,,,,4,0,2,2,2,1,2,2,2,1,7,1,1,2,2,,,,,,,,,,,,,,,,,2,2,,,,,,,,,,,,,,,,,,,,,,1,2,,,,,,,,,,,,,,
2024,"Pakistan","PAK","South Asia",155833628,139067600,0.47350742158496,1,16,1,5,2,2,0,1,1,1,1,0,4,4,4,4,0,2,3,1,2,,,,,,,,,,2,2,2,3,2,1,2,2,2,1,3,3,3,2,2,2,,,,,,,,,2,2,2,,,,2,2,2,,2,2,1,,2,2,2,,,,7,,1,2,,,,3,2,,1,1,2,,2,,2,,2,1,2,2,,1,2,,,,,,,,,2,2,,,,,,,,2,,,,,,4,0,2,2,2,2,2,1,2,1,5,1,1,2,2,,,,,,,,,,,,,,,,,2,2,,,,,,,,,,,,,,,,,,,,,,,,,,,,,,,,,,,,,
2024,"Pakistan","PAK","South Asia",155833628,139120493,0.802282710490348,2,65,1,2,2,1,0,0,0,0,0,0,4,4,4,4,0,4,3,0,2,,,,,,,,,,2,2,2,1,2,2,1,2,2,,,,,,,,,2,2,2,1,2,2,2,2,,2,,,,2,2,2,,2,,2,,2,2,2,,,2,2,1,5,2,,,,,,,,,,,2,,2,,2,2,,,,,2,,,,,,,,,2,2,,,,,,,,2,,,,,,4,0,1,,,,,,,,,,,,,,2,2,1,1,,2,,,2,2,,2,2,,2,2,2,,,,,,,,,,,,,1,2,2,1,2,2,2,1,8,1,2,,,,,,,,,,,,,,
2024,"Pakistan","PAK","South Asia",155833628,139256002,0.34716252568722,1,37,1,2,2,1,0,0,0,0,1,1,4,4,4,4,0,4,3,0,2,,,,,,,,,,2,2,2,1,1,2,1,2,1,,,,,,,,,2,1,2,1,2,2,2,2,,1,,,,,2,2,,2,,2,2,1,2,2,,,1,7,,3,2,,,,,,,,,,,2,,2,,1,2,,,,,2,,,,,,,,,2,2,,,,,,,,2,,,,,,2,0,2,1,1,2,2,1,2,1,7,1,2,2,2,,,,,,,,,,,,,,,,,2,2,,,,,,,,,,,,,,,,,,,,,,1,2,,,,,,,,,,,,,,
2024,"Pakistan","PAK","South Asia",155833628,139512891,0.857191900996943,1,18,2,3,1,1,0,0,0,0,0,0,4,4,4,4,0,2,3,0,2,,,,,,,,,,2,2,2,2,1,1,1,2,1,,,,,,,,,1,2,1,1,2,1,2,2,,2,,,,2,2,2,,2,,2,,2,2,2,,,2,3,1,2,2,,,,,,,,,,,2,,2,,2,1,2,2,,1,2,,,,,,,,,2,2,,,,,,,,2,,,,,,4,1,1,,,,,,,,,,,,,,1,,2,1,,1,1,1,1,1,1,2,2,,2,1,,1,2,,1,1,1,1,2,2,2,2,2,,,,,,,,,,2,,2,2,2,2,2,2,2,2,2,2,2,2,,
2024,"Pakistan","PAK","South Asia",155833628,139760233,0.372231323338915,2,30,2,3,1,2,0,0,0,0,1,0,2,4,4,4,0,2,3,0,2,,,,,,,,,,2,2,2,2,1,2,1,2,2,,,,,,,,,,,,,,,,2,2,2,,,,2,2,2,,2,2,1,,2,2,2,,,,2,1,2,2,,,,2,2,,4,2,2,,2,,2,,2,1,2,2,,1,1,2,2,2,1,,,,,2,2,,,,,,,,2,,,,,,4,1,1,,,,,,,,,,,,,,1,,1,1,,1,1,1,4,1,1,2,2,,2,1,,1,1,2,,1,1,1,1,2,2,2,2,,,,,,,,,,1,2,,,,,,,,,,,,,,
2024,"Pakistan","PAK","South Asia",155833628,139862056,0.513059828604759,1,17,1,3,2,1,0,0,0,0,0,0,4,4,4,4,0,4,3,0,2,,,,,,,,,,2,2,2,2,2,2,2,2,2,,,,,,,,,2,2,2,2,2,2,2,2,,2,,,,2,2,2,,2,,2,,2,2,2,,,2,7,,1,2,,,,,,,,,,,2,,2,,2,2,,,,,2,,,,,,,,,2,2,,,,,,,,2,,,,,,4,0,2,1,2,2,2,1,2,2,5,2,,,,2,,,,,,,,,,,,,,,,2,2,,,,,,,,,,,,,,,,,,,,,,,,,,,,,,,,,,,,,
2024,"Pakistan","PAK","South Asia",155833628,139892840,0.609475929755089,2,25,1,2,1,1,1,1,1,1,1,1,4,4,4,1,0,1,1,1,1,1,1,3,3,1,2,1,1,2,,,,,,,,,,,2,3,2,1,2,2,,,,,,,,,2,1,2,3,1,2,,2,2,,2,2,1,,1,2,1,,,,2,1,3,2,,,,2,2,,1,1,2,,2,,1,1,2,1,2,1,,,2,,,,,,,,,2,2,,,,,,,,1,2,1,,,2,4,1,1,,,,,,,,,,,,,,1,,1,1,,1,1,1,2,1,1,1,1,2,2,1,,1,1,3,,1,1,1,1,2,2,2,2,,,,,,,,,,1,2,,,,,,,,,,,,,,
2024,"Pakistan","PAK","South Asia",155833628,139952393,0.706467726328304,1,20,2,5,2,1,0,0,0,0,0,0,4,4,4,4,0,4,3,0,2,,,,,,,,,,2,2,1,2,1,1,1,1,1,,,,,,,,,1,3,1,1,2,2,2,2,,2,,,,2,2,2,,2,,2,,2,2,2,,,2,2,2,5,1,2,2,,,,,,,,,2,,2,,2,2,,,,,2,,,,,,,,,2,2,,,,,,,,2,,,,,,4,0,1,,,,,,,,,,,,,,2,2,2,4,1,2,,,8,2,,1,2,,2,2,2,,,,,,,,,,,,,1,1,1,2,2,2,2,2,1,1,2,,,,,,,,,,,,,,
2024,"Pakistan","PAK","South Asia",155833628,140008283,0.31982891464047,2,49,1,4,1,2,1,0,1,0,1,1,1,4,4,4,0,2,3,1,1,2,1,2,2,,2,2,2,2,,,,,,,,,,,,,,,,,,2,1,2,1,2,2,2,1,,2,2,2,2,,2,2,,2,,1,,1,2,1,,,,2,1,1,2,,,,2,2,,4,2,2,,2,,2,,2,1,2,2,,1,1,2,1,2,,,2,1,,2,2,,,,,,,,2,,,,,,4,1,1,,,,,,,,,,,,,,2,1,1,1,,1,1,1,4,2,,2,1,2,2,1,,1,1,2,,1,1,1,1,2,2,2,2,2,2,2,2,2,1,1,1,6,1,2,,,,,,,,,,,,,,
2024,"Pakistan","PAK","South Asia",155833628,140026872,0.353233863164152,1,24,2,4,2,2,0,0,0,0,1,0,4,4,4,4,0,4,3,0,2,,,,,,,,,,2,2,2,2,2,2,2,2,2,,,,,,,,,1,2,2,2,2,2,2,2,,2,,,,2,2,2,,2,,1,,2,2,2,,,,1,3,2,2,,,,,,,,,,,2,,2,,2,2,,,,,2,,,,,,,,,2,2,,,,,,,,2,,,,,,4,0,1,,,,,,,,,,,,,,1,,2,2,,2,,,1,1,2,1,2,,2,2,2,,,,,1,2,1,2,1,1,1,2,,,,,,,,,,1,2,,,,,,,,,,,,,,
2024,"Pakistan","PAK","South Asia",155833628,140043809,1.71138259884262,2,29,1,3,1,1,0,0,0,0,1,0,4,4,4,4,0,2,3,0,2,,,,,,,,,,2,2,2,2,2,2,1,2,2,,,,,,,,,2,2,2,1,2,2,2,2,,2,,,,2,2,2,,2,,2,,1,1,1,,,2,7,,1,1,2,2,,,,,,,,,2,,2,,2,1,2,2,,1,2,,,,,,,,,2,2,,,,,,,,2,,,,,,4,1,1,,,,,,,,,,,,,,1,,1,1,,2,,,2,2,,2,2,,2,1,,1,1,2,,1,1,1,1,2,2,2,2,,,,,,,,,,1,2,,,,,,,,,,,,,,
2024,"Pakistan","PAK","South Asia",155833628,140093395,1.11995158302077,2,16,2,3,2,1,0,0,0,0,0,1,4,4,4,3,0,2,3,0,2,,,,,,,,,,2,2,2,2,2,2,2,2,2,,,,,,,,,2,2,1,2,2,2,2,2,,2,,,,1,2,2,,2,,2,,2,2,2,,,2,6,3,4,2,,,,,,,,,,,2,,2,,2,1,2,2,,1,2,,,,,,,,,2,2,,,,,,,,1,2,2,2,2,2,4,0,1,,,,,,,,,,,,,,2,2,2,2,,2,,,1,2,,1,2,,2,2,2,,,,,,,,,,,,,2,1,1,2,1,2,2,1,5,,,,,,,,,,,,,,,,
2024,"Pakistan","PAK","South Asia",155833628,140174139,1.878732111859,1,19,1,1,2,2,0,0,0,0,0,0,4,4,4,4,0,4,3,0,2,,,,,,,,,,2,2,2,2,2,2,1,2,2,,,,,,,,,2,2,2,1,2,2,2,2,,2,,,,2,2,2,,2,,2,,2,2,2,,,2,5,2,1,2,,,,,,,,,,,2,,2,,2,2,,,,,2,,,,,,,,,2,2,,,,,,,,2,,,,,,4,0,2,1,2,2,2,2,2,2,1,2,,,,1,,,,,,,,,,,,,,,,2,2,,,,,,,,,,,,,,,,,,,,,,1,2,,,,,,,,,,,,,,
2024,"Pakistan","PAK","South Asia",155833628,140196092,1.2886426242251,1,23,1,1,2,1,0,0,0,0,1,1,4,4,4,4,0,4,3,0,2,,,,,,,,,,2,2,2,2,2,2,1,2,2,,,,,,,,,2,2,2,1,2,2,2,2,,1,,,,,2,2,,2,,1,2,2,2,2,,,,2,1,1,2,,,,,,,,,,,2,,2,,2,2,,,,,2,,,,,,,,,2,2,,,,,,,,2,,,,,,4,0,2,1,8,2,2,8,2,2,1,2,,,,2,,,,,,,,,,,,,,,,2,2,,,,,,,,,,,,,,,,,,,,,,1,2,,,,,,,,,,,,,,
2024,"Pakistan","PAK","South Asia",155833628,140425989,1.90069267456044,1,32,1,1,2,1,0,0,0,0,1,0,4,4,4,4,0,2,3,0,2,,,,,,,,,,2,2,2,2,3,2,1,2,2,,,,,,,,,1,3,2,1,2,2,2,2,,2,,,,2,2,2,,2,,1,,2,2,2,,,,7,,1,2,,,,,,,,,,,2,,2,,2,1,2,2,,1,2,,,,,,,,,2,2,,,,,,,,2,,,,,,4,0,2,1,1,2,1,2,2,1,7,2,,,,1,,,,,,,,,,,,,,,,2,2,,,,,,,,,,,,,,,,,,,,,,1,2,,,,,,,,,,,,,,
2024,"Pakistan","PAK","South Asia",155833628,140470121,0.285730633617055,1,60,1,4,2,2,0,0,0,0,0,0,4,4,4,4,0,2,3,0,2,,,,,,,,,,2,2,3,3,1,3,1,2,2,,,,,,,,,1,1,1,1,1,2,2,2,,2,,,,2,2,2,,2,,2,,2,2,2,,,2,7,,1,2,,,,,,,,,,,2,,2,,2,1,2,2,,1,2,,,,,,,,,2,2,,,,,,,,2,,,,,,4,0,2,1,1,2,1,2,2,2,1,1,2,2,2,,,,,,,,,,,,,,,,,2,2,,,,,,,,,,,,,,,,,,,,,,1,2,,,,,,,,,,,,,,
2024,"Pakistan","PAK","South Asia",155833628,140598375,0.621919309904614,1,20,2,3,2,1,0,0,0,0,1,0,4,4,4,4,0,4,3,0,2,,,,,,,,,,2,2,2,2,2,1,1,2,2,,,,,,,,,2,2,2,2,2,2,2,2,,2,,,,2,2,2,,2,,1,,2,2,2,,,,2,3,2,2,,,,,,,,,,,2,,2,,2,2,,,,,2,,,,,,,,,2,2,,,,,,,,2,,,,,,4,0,2,2,2,2,2,2,2,2,,2,,,,1,,,,,,,,,,,,,,,,2,2,,,,,,,,,,,,,,,,,,,,,,2,,1,2,1,2,2,2,2,2,2,2,2,2,,
2024,"Pakistan","PAK","South Asia",155833628,140617251,0.285730633617055,1,28,1,3,2,1,1,0,1,0,1,0,4,4,4,1,0,4,2,0,2,,,,,,,,,,,,,,,,,,,,,,,,,,,2,2,2,2,2,2,2,2,,2,,,,2,2,2,,2,,1,,2,1,2,,,,1,1,2,2,,,,,,,,,,,2,,1,2,2,2,,,,,2,,,,,,,,,2,2,,,,,,,,1,2,2,2,1,2,4,0,1,,,,,,,,,,,,,,1,,2,1,,2,,,3,2,,2,2,,2,2,2,,,,,2,2,2,2,2,2,2,2,,,,,,,,,,1,2,,,,,,,,,,,,,,
2024,"Pakistan","PAK","South Asia",155833628,140630331,1.10528510684481,1,25,1,5,1,1,0,0,0,0,1,0,4,4,4,4,0,4,3,0,2,,,,,,,,,,2,2,3,3,3,2,2,2,2,,,,,,,,,3,3,4,2,2,2,2,2,,2,,,,2,2,2,,2,,1,,1,2,2,,,,7,,1,1,2,1,,,,,,,,,2,,2,,2,2,,,,,2,,,,,,,,,2,2,,,,,,,,2,,,,,,4,0,2,1,8,8,8,2,8,2,1,2,,,,2,,,,,,,,,,,,,,,,2,2,,,,,,,,,,,,,,,,,,,,,,2,,2,3,1,1,1,2,2,2,1,2,2,1,,
2024,"Pakistan","PAK","South Asia",155833628,140675179,0.460170149230721,2,30,1,4,1,2,0,0,0,0,1,1,3,4,4,4,0,2,1,0,2,,,,,,,,,,2,2,2,1,2,2,2,2,2,,,,,,,,,2,1,2,2,2,2,2,2,,2,,,,1,2,1,2,2,,1,,1,1,1,,,,4,1,3,1,1,1,,,,,,,,,1,2,1,1,1,1,2,2,,1,1,2,2,2,2,2,,,,2,2,,,,,,,,2,,,,,,4,1,1,,,,,,,,,,,,,,1,,1,1,,1,1,1,2,1,1,2,1,2,2,1,,1,1,1,,1,1,1,1,2,2,2,2,,,,,,,,,,1,2,,,,,,,,,,,,,,
2024,"Pakistan","PAK","South Asia",155833628,140909361,1.39892270409623,1,48,1,2,2,1,0,0,0,0,1,0,4,4,4,4,0,2,3,0,2,,,,,,,,,,2,2,2,1,1,2,1,2,3,,,,,,,,,1,1,2,1,2,2,2,2,,2,,,,2,2,2,,2,,1,,1,2,2,,,,7,,1,1,1,1,,,,,,,,,2,,2,,2,1,2,2,,1,2,,,,,,,,,2,2,,,,,,,,2,,,,,,4,0,2,1,1,2,1,1,2,2,1,2,,,,2,,,,,,,,,,,,,,,,2,2,,,,,,,,,,,,,,,,,,,,,,1,2,,,,,,,,,,,,,,
2024,"Pakistan","PAK","South Asia",155833628,141017021,0.471142813008486,2,32,2,5,2,1,0,1,1,1,0,1,4,4,4,4,0,4,3,1,2,,,,,,,,,,2,2,1,1,1,2,2,2,2,1,2,3,3,1,2,2,,,,,,,,,2,1,1,2,2,2,,2,2,,2,2,2,2,2,2,2,,,2,2,2,3,2,,,,2,2,,1,2,2,,2,,2,,2,2,,,,,2,,,,,,,,,2,2,,,,,,,,2,,,,,,2,1,1,,,,,,,,,,,,,,1,,1,1,,1,2,1,1,2,,1,2,,2,1,,2,1,3,,1,1,1,1,2,2,1,2,,,,,,,,,,1,2,,,,,,,,,,,,,,
2024,"Pakistan","PAK","South Asia",155833628,141065194,0.376155783605715,1,87,2,5,2,2,0,0,0,0,1,0,4,4,4,4,0,2,3,0,2,,,,,,,,,,2,2,2,1,1,2,1,2,2,,,,,,,,,2,1,2,1,3,2,2,2,,2,,,,2,2,2,,2,,2,,2,2,1,,,2,7,,1,1,2,2,,,,,,,,,2,,2,,2,1,2,2,,1,2,,,,,,,,,2,2,,,,,,,,2,,,,,,4,0,2,2,1,2,2,2,1,2,6,2,,,,1,,,,,,,,,,,,,,,,2,2,,,,,,,,,,,,,,,,,,,,,,1,3,,,,,,,,,,,,,,
2024,"Pakistan","PAK","South Asia",155833628,141145337,1.43277728643138,2,22,2,3,2,2,0,0,0,0,0,0,4,4,4,4,0,4,3,0,2,,,,,,,,,,2,2,2,2,2,2,2,2,2,,,,,,,,,2,2,2,2,2,2,2,2,,2,,,,2,2,2,,2,,2,,2,2,2,,,2,2,1,2,2,,,,,,,,,,,2,,2,,2,2,,,,,2,,,,,,,,,2,2,,,,,,,,2,,,,,,4,0,1,,,,,,,,,,,,,,2,2,1,1,,1,1,2,2,2,,2,2,,2,2,2,,,,,,,,,,,,,2,2,2,2,2,2,2,2,,1,2,,,,,,,,,,,,,,
2024,"Pakistan","PAK","South Asia",155833628,141289789,3.36249473672386,1,18,1,1,2,1,0,0,0,0,0,0,4,4,4,4,0,4,3,0,2,,,,,,,,,,2,2,2,1,1,2,2,2,1,,,,,,,,,1,1,2,1,2,2,2,2,,2,,,,2,2,2,,2,,2,,2,2,2,,,2,2,1,1,1,1,1,,,,,,,,,2,,2,,2,2,,,,,2,,,,,,,,,2,2,,,,,,,,2,,,,,,3,0,2,1,1,2,1,1,2,2,1,2,,,,1,,,,,,,,,,,,,,,,2,2,,,,,,,,,,,,,,,,,,,,,,1,2,,,,,,,,,,,,,,
2024,"Pakistan","PAK","South Asia",155833628,141342938,0.828066518755845,1,53,1,3,2,2,0,0,0,0,1,0,4,4,3,4,0,4,3,0,2,,,,,,,,,,2,2,2,1,2,2,2,1,1,,,,,,,,,1,3,2,2,2,3,2,2,,2,,,,2,2,1,1,2,,2,,2,1,1,,,1,2,1,1,2,,,,,,,,,,,2,,2,,2,2,,,,,2,,,,,,,,,2,1,2,2,2,2,,,,2,,,,,,2,0,2,2,1,2,1,1,1,2,4,2,,,,1,,,,,,,,,,,,,,,,2,2,,,,,,,,,,,,,,,,,,,,,,1,2,,,,,,,,,,,,,,
2024,"Pakistan","PAK","South Asia",155833628,141355831,0.285730633617055,1,27,2,5,1,1,1,1,1,1,1,0,4,4,4,2,0,4,3,1,2,1,2,1,2,,1,1,1,2,,,,,,,,,,,1,1,1,1,1,2,,,,,,,,,2,2,2,,,,2,2,2,,2,1,2,,2,2,2,,,,2,2,1,2,,,,2,2,,1,2,1,2,2,,2,,2,2,,,,,2,,,,,,,,,2,2,,,,,,,,1,2,2,1,,1,4,1,1,,,,,,,,,,,,,,1,,1,1,,1,1,1,4,1,1,2,1,2,2,1,,1,1,2,,1,1,1,1,1,2,1,2,,,,,,,,,,1,2,,,,,,,,,,,,,,
2024,"Pakistan","PAK","South Asia",155833628,141485911,0.857191900996943,1,21,2,5,1,1,0,0,0,0,0,1,2,4,4,4,0,2,3,0,2,,,,,,,,,,2,2,2,1,2,2,1,1,2,,,,,,,,,1,1,1,1,3,2,2,2,,1,,,,,2,2,,2,,2,2,2,2,2,,,2,3,1,1,2,,,,,,,,,,,2,,2,,2,1,2,2,,1,1,2,2,2,1,,,,,2,2,,,,,,,,2,,,,,,4,1,1,,,,,,,,,,,,,,1,,2,1,,1,1,1,2,1,1,1,2,,2,1,,1,2,,1,1,2,1,2,2,2,2,2,,,,,,,,,,1,2,,,,,,,,,,,,,,
2024,"Pakistan","PAK","South Asia",155833628,141774003,0.744462646677831,2,32,2,3,1,1,1,1,1,1,1,1,4,4,4,4,0,4,3,1,2,1,2,2,2,,1,2,2,2,,,,,,,,,,,2,2,2,1,2,2,,,,,,,,,2,1,1,2,2,2,,2,2,,2,2,2,2,2,1,2,,,2,5,1,3,2,,,,2,2,,4,2,2,,2,,2,,2,2,,,,,2,,,,,,,,,2,2,,,,,,,,2,,,,,,4,1,1,,,,,,,,,,,,,,1,,1,1,,1,1,1,2,1,2,1,1,2,2,1,,2,1,2,,1,1,1,2,2,2,2,2,,,,,,,,,,1,2,,,,,,,,,,,,,,
2024,"Pakistan","PAK","South Asia",155833628,141889426,0.336694219337442,1,25,2,3,1,2,0,1,1,1,1,0,4,4,4,4,0,4,3,1,2,,,,,,,,,,2,2,1,1,2,2,2,2,1,1,3,3,1,1,2,2,,,,,,,,,2,2,2,,,,2,2,2,,2,2,2,,2,2,1,,,2,3,1,3,2,,,,1,2,,1,1,2,,2,,2,,2,2,,,,,2,,,,,,,,,2,2,,,,,,,,2,,,,,,4,0,1,,,,,,,,,,,,,,2,2,1,1,,1,1,1,4,2,,2,2,,2,2,2,,,,,,,,,,,,,2,2,1,2,1,2,1,1,7,1,2,,,,,,,,,,,,,,
2024,"Pakistan","PAK","South Asia",155833628,141978610,1.4337438485724,2,42,1,1,1,1,0,0,0,0,1,0,2,4,4,2,0,4,3,0,2,,,,,,,,,,2,2,2,1,1,1,1,2,2,,,,,,,,,2,1,1,1,2,2,2,2,,2,,,,2,2,2,,2,,2,,2,2,1,,,2,5,1,1,1,1,1,,,,,,,,,2,,2,,2,2,,,,,1,2,2,2,1,,,,,2,2,,,,,,,,1,2,2,1,,2,4,0,1,,,,,,,,,,,,,,2,2,1,1,,2,,,2,2,,2,2,,2,2,2,,,,,,,,,,,,,1,2,1,1,2,2,2,1,4,1,2,,,,,,,,,,,,,,
2024,"Pakistan","PAK","South Asia",155833628,142099078,1.08850640840013,1,21,1,2,2,1,0,0,0,0,0,0,4,4,4,4,0,4,3,0,2,,,,,,,,,,2,2,2,1,2,2,1,2,2,,,,,,,,,1,2,2,1,2,2,2,2,,2,,,,2,2,2,,2,,2,,2,2,2,,,2,7,,1,1,2,1,,,,,,,,,2,,2,,2,2,,,,,2,,,,,,,,,2,2,,,,,,,,2,,,,,,2,0,2,1,2,2,2,1,2,2,1,2,,,,1,,,,,,,,,,,,,,,,2,2,,,,,,,,,,,,,,,,,,,,,,1,2,,,,,,,,,,,,,,
2024,"Pakistan","PAK","South Asia",155833628,142271199,0.688136716583259,2,50,2,3,2,1,0,0,0,0,1,0,4,4,4,4,0,4,3,0,2,,,,,,,,,,2,2,1,1,1,1,1,2,2,,,,,,,,,2,2,2,2,2,2,2,2,,2,,,,2,2,2,,2,,2,,1,2,2,,,2,2,2,4,2,,,,,,,,,,,2,,2,,2,2,,,,,2,,,,,,,,,2,2,,,,,,,,2,,,,,,4,0,2,1,2,2,2,2,2,2,1,1,2,2,2,,,,,,,,,,,,,,,,,2,2,,,,,,,,,,,,,,,,,,,,,,1,2,,,,,,,,,,,,,,
2024,"Pakistan","PAK","South Asia",155833628,142336255,1.03950139921213,1,20,1,1,2,2,0,0,0,0,1,0,4,4,4,4,0,4,3,0,2,,,,,,,,,,2,2,2,2,1,1,1,2,2,,,,,,,,,1,1,1,1,1,2,2,2,,2,,,,2,2,2,,2,,1,,2,2,2,,,,3,1,3,2,,,,,,,,,,,2,,2,,2,2,,,,,2,,,,,,,,,2,2,,,,,,,,2,,,,,,4,0,2,1,1,2,2,1,1,2,1,1,1,2,1,,,,,,,,,,,,,,,,,2,2,,,,,,,,,,,,,,,,,,,,,,2,,2,2,2,2,2,2,2,2,2,2,2,2,,
2024,"Pakistan","PAK","South Asia",155833628,142344937,0.810196109412302,2,30,2,5,1,1,1,1,1,1,1,1,1,2,4,4,1,2,3,1,1,2,2,2,2,,1,2,2,2,,,,,,,,,,,3,2,2,1,2,2,,,,,,,,,2,2,2,,,,1,2,2,,2,1,1,,1,2,2,,,,2,2,2,2,,,,2,1,2,,1,2,,2,,2,,2,1,2,2,,1,1,2,2,1,,,2,2,,1,2,2,2,1,,,,,2,,,,,,1,1,1,,,,,,,,,,,,,,1,,1,1,,1,2,2,2,1,1,1,2,,2,2,1,1,1,2,,1,2,1,2,2,2,2,2,,,,,,,,,,1,2,,,,,,,,,,,,,,
2024,"Pakistan","PAK","South Asia",155833628,142364566,0.285730633617055,1,27,2,3,2,2,0,0,0,0,0,0,4,4,4,4,0,4,3,0,2,,,,,,,,,,2,2,1,2,2,2,1,2,2,,,,,,,,,2,1,1,2,2,2,2,2,,2,,,,2,2,2,,2,,2,,2,2,2,,,2,5,1,2,2,,,,,,,,,,,2,,2,,2,2,,,,,2,,,,,,,,,2,2,,,,,,,,2,,,,,,2,0,1,,,,,,,,,,,,,,2,2,1,1,,2,,,1,2,,2,2,,2,2,2,,,,,,,,,,,,,1,2,2,2,2,2,2,1,8,1,2,,,,,,,,,,,,,,
2024,"Pakistan","PAK","South Asia",155833628,142369854,0.285730633617055,1,25,2,5,2,2,0,0,0,0,1,0,4,4,4,4,0,4,3,0,2,,,,,,,,,,2,1,1,1,1,2,2,2,1,,,,,,,,,2,2,2,1,2,1,2,2,,2,,,,2,2,2,,2,,2,,2,2,1,,,2,2,1,2,2,,,,,,,,,,,2,,2,,2,2,,,,,2,,,,,,,,,2,2,,,,,,,,2,,,,,,4,0,1,,,,,,,,,,,,,,2,2,1,1,,2,,,3,2,,2,2,,2,2,2,,,,,,,,,,,,,1,2,2,2,2,2,2,1,1,1,2,,,,,,,,,,,,,,
2024,"Pakistan","PAK","South Asia",155833628,142372783,0.412970153573412,2,29,2,5,1,1,1,1,1,1,0,1,1,4,4,4,0,4,3,1,1,2,1,2,2,,2,1,1,2,,,,,,,,,,,3,3,3,2,2,2,,,,,,,,,1,1,1,3,2,2,,2,2,,2,2,2,2,2,2,2,,,2,5,2,2,2,,,,2,2,,1,2,2,,2,,2,,2,2,,,,,1,2,1,2,,,2,1,,2,2,,,,,,,,2,,,,,,4,1,1,,,,,,,,,,,,,,1,,1,1,,1,1,1,3,1,1,1,2,,2,1,,1,1,3,,1,1,1,2,2,2,2,2,,,,,,,,,,1,2,,,,,,,,,,,,,,
2024,"Pakistan","PAK","South Asia",155833628,142509466,1.60632440304887,2,24,2,4,1,1,0,0,0,0,1,0,4,4,4,4,0,2,3,0,2,,,,,,,,,,2,2,2,2,2,2,1,2,2,,,,,,,,,2,2,2,2,2,2,2,2,,2,,,,2,2,2,,2,,2,,1,1,1,,,1,3,1,3,1,2,1,,,,,,,,,2,,2,,2,1,2,2,,1,2,,,,,,,,,2,2,,,,,,,,2,,,,,,4,1,1,,,,,,,,,,,,,,1,,1,1,,1,1,1,2,1,1,1,1,2,2,1,,1,1,1,,1,2,1,2,1,2,2,2,,,,,,,,,,1,2,,,,,,,,,,,,,,
2024,"Pakistan","PAK","South Asia",155833628,142632390,0.503779555551112,2,40,2,3,1,2,1,1,1,1,1,1,1,1,4,1,1,4,1,1,1,1,1,2,1,,1,1,1,2,,,,,,,,,,,1,2,2,1,2,1,2,,,,,,,,1,1,1,2,2,2,,1,1,1,1,1,1,2,1,1,2,,,,2,2,2,2,,,,1,1,2,,1,2,,1,1,1,1,2,2,,,,,1,2,1,1,,,1,2,,1,2,1,1,,,2,1,1,1,1,1,,,1,2,1,1,,,,,,,,,,,,,,1,,1,1,,1,1,1,2,1,1,2,2,,1,1,,1,1,2,,1,1,1,2,1,2,2,2,,,,,,,,,,1,2,,,,,,,,,,,,,,
2024,"Pakistan","PAK","South Asia",155833628,142701316,0.73157544411314,1,40,1,4,2,1,0,0,0,0,0,0,4,4,4,4,0,4,3,0,2,,,,,,,,,,2,2,2,1,1,1,1,2,1,,,,,,,,,1,1,1,1,1,2,2,2,,2,,,,2,2,2,,2,,2,,2,2,2,,,2,2,1,1,1,2,2,,,,,,,,,2,,2,,2,2,,,,,2,,,,,,,,,2,2,,,,,,,,2,,,,,,4,0,2,2,1,1,1,1,1,1,5,1,2,2,2,,,,,,,,,,,,,,,,,2,2,,,,,,,,,,,,,,,,,,,,,,1,2,,,,,,,,,,,,,,
2024,"Pakistan","PAK","South Asia",155833628,142716354,0.693000932808087,1,18,2,3,2,2,0,0,0,0,1,0,4,4,4,4,0,4,3,0,2,,,,,,,,,,2,2,2,2,2,2,2,2,2,,,,,,,,,2,2,2,2,2,2,2,2,,2,,,,2,2,2,,2,,1,,1,2,2,,,,1,1,2,2,,,,,,,,,,,2,,2,,2,2,,,,,2,,,,,,,,,2,2,,,,,,,,2,,,,,,4,0,2,2,1,1,1,2,1,2,2,1,2,2,2,,,,,,,,,,,,,,,,,2,2,,,,,,,,,,,,,,,,,,,,,,2,,2,1,1,1,2,2,2,2,2,1,2,1,,
2024,"Pakistan","PAK","South Asia",155833628,142772399,1.18087796719612,1,30,1,5,2,1,0,0,0,0,1,0,4,4,3,4,0,4,3,0,2,,,,,,,,,,2,2,2,1,1,2,3,1,1,,,,,,,,,2,2,2,2,2,2,2,2,,2,,,,2,2,2,,2,,2,,1,2,2,,,1,7,,1,2,,,,,,,,,,,2,,2,,2,2,,,,,2,,,,,,,,,2,1,2,2,2,2,,,,2,,,,,,1,0,2,2,2,8,2,1,2,2,5,2,,,,1,,,,,,,,,,,,,,,,2,2,,,,,,,,,,,,,,,,,,,,,,1,2,,,,,,,,,,,,,,
2024,"Pakistan","PAK","South Asia",155833628,142809648,0.737620811798524,1,30,1,4,2,1,0,0,0,0,1,0,4,4,4,4,0,4,1,0,2,,,,,,,,,,2,2,2,2,2,1,1,2,1,,,,,,,,,2,2,2,2,2,2,2,2,,2,,,,2,2,2,,2,,1,,1,2,2,,,,7,,1,1,1,2,,,,,,,,,1,1,1,2,2,2,,,,,2,,,,,,,,,2,2,,,,,,,,2,,,,,,4,0,2,1,1,2,1,1,1,2,1,2,,,,1,,,,,,,,,,,,,,,,2,2,,,,,,,,,,,,,,,,,,,,,,1,2,,,,,,,,,,,,,,
2024,"Pakistan","PAK","South Asia",155833628,143049661,0.873242096935539,1,25,1,4,2,2,0,0,0,0,1,0,4,4,4,4,0,4,3,0,2,,,,,,,,,,2,2,2,1,1,2,1,2,1,,,,,,,,,2,2,2,2,2,2,2,2,,2,,,,2,2,2,,2,,1,,2,1,1,,,,3,1,1,2,,,,,,,,,,,2,,2,,2,2,,,,,2,,,,,,,,,2,2,,,,,,,,2,,,,,,4,1,1,,,,,,,,,,,,,,2,2,1,1,,2,,,3,2,,2,2,,2,2,1,2,1,4,,2,2,1,2,2,2,2,2,2,1,1,1,1,2,1,1,7,1,2,,,,,,,,,,,,,,
2024,"Pakistan","PAK","South Asia",155833628,143275646,0.9737465602713,2,17,2,4,1,2,0,0,0,0,0,0,4,4,4,4,0,4,3,0,2,,,,,,,,,,2,2,2,2,2,2,2,2,2,,,,,,,,,2,2,2,2,2,2,2,2,,2,,,,2,2,2,,2,,2,,2,2,2,,,2,2,1,2,2,,,,,,,,,,,2,,2,,2,2,,,,,2,,,,,,,,,2,2,,,,,,,,2,,,,,,3,1,1,,,,,,,,,,,,,,1,,1,1,,1,1,1,2,1,2,2,2,,2,1,,1,2,,1,1,1,1,2,2,2,2,2,,,,,,,,,,,,,,,,,,,,,,,,,
2024,"Pakistan","PAK","South Asia",155833628,143318784,0.567345305676746,1,24,1,4,2,1,0,0,0,0,1,0,4,4,4,4,0,2,3,0,2,,,,,,,,,,2,2,2,2,1,1,1,2,3,,,,,,,,,2,1,1,1,2,2,2,2,,2,,,,2,2,2,,2,,1,,1,2,1,,,,2,1,1,2,,,,,,,,,,,2,,2,,2,1,2,2,,1,2,,,,,,,,,2,2,,,,,,,,2,,,,,,2,0,2,1,1,2,2,2,2,1,1,2,,,,1,,,,,,,,,,,,,,,,2,2,,,,,,,,,,,,,,,,,,,,,,1,2,,,,,,,,,,,,,,
2024,"Pakistan","PAK","South Asia",155833628,143484995,0.915096286426054,1,24,2,4,2,1,0,0,0,0,0,0,4,4,4,4,0,4,3,0,2,,,,,,,,,,2,2,2,2,2,2,1,1,1,,,,,,,,,2,2,2,2,2,2,2,2,,2,,,,2,2,2,,2,,2,,2,2,2,,,2,2,3,1,2,,,,,,,,,,,2,,2,,2,2,,,,,2,,,,,,,,,2,2,,,,,,,,2,,,,,,4,0,2,2,1,1,2,2,1,2,3,1,1,2,2,,,,,,,,,,,,,,,,,2,2,,,,,,,,,,,,,,,,,,,,,,1,2,,,,,,,,,,,,,,
2024,"Pakistan","PAK","South Asia",155833628,143604182,0.369180602456848,2,40,1,3,1,1,1,1,1,1,1,0,4,4,4,4,0,1,1,1,2,,,,,,,,,,,,,,,,,,,1,3,3,3,2,1,2,,,,,,,,,2,2,2,,,,2,2,2,,1,2,1,,2,1,1,,,,7,,1,1,1,2,2,2,2,,4,2,2,,1,2,1,1,2,1,1,2,,,2,,,,,,,,,2,2,,,,,,,,2,,,,,,4,0,1,,,,,,,,,,,,,,2,2,1,1,,2,,,2,2,,2,1,2,2,2,2,,,,,,,,,,,,,1,1,1,1,2,1,2,2,1,1,2,,,,,,,,,,,,,,
2024,"Pakistan","PAK","South Asia",155833628,143618994,2.09838405614435,1,48,1,2,2,1,0,0,0,0,1,0,4,4,4,4,0,2,3,0,2,,,,,,,,,,2,2,2,1,1,2,1,2,1,,,,,,,,,1,3,3,1,3,2,2,2,,2,,,,2,2,2,,2,,1,,1,2,2,,,,7,,1,1,2,1,,,,,,,,,2,,2,,2,1,2,2,,1,2,,,,,,,,,2,2,,,,,,,,2,,,,,,4,0,2,1,1,2,1,2,1,2,1,2,,,,1,,,,,,,,,,,,,,,,2,2,,,,,,,,,,,,,,,,,,,,,,1,2,,,,,,,,,,,,,,
2024,"Pakistan","PAK","South Asia",155833628,143724104,1.90790936681641,1,20,1,1,2,2,0,0,0,0,0,0,4,4,4,4,0,4,3,0,2,,,,,,,,,,2,2,2,3,2,2,2,2,1,,,,,,,,,2,2,2,1,2,2,2,2,,2,,,,2,2,2,,2,,3,,2,2,2,,,2,1,1,4,2,,,,,,,,,,,2,,2,,2,2,,,,,2,,,,,,,,,2,2,,,,,,,,2,,,,,,3,0,2,2,8,8,2,2,2,2,,2,,,,1,,,,,,,,,,,,,,,,2,2,,,,,,,,,,,,,,,,,,,,,,2,,2,3,2,1,3,3,3,2,2,3,2,3,,
2024,"Pakistan","PAK","South Asia",155833628,143806591,3.36249473672386,1,21,1,2,2,2,0,0,0,0,0,0,4,4,4,4,0,4,3,0,2,,,,,,,,,,2,2,3,2,2,2,2,2,2,,,,,,,,,2,2,2,2,2,2,2,2,,2,,,,2,2,2,,2,,2,,2,2,2,,,2,5,1,1,2,,,,,,,,,,,2,,2,,2,2,,,,,2,,,,,,,,,2,2,,,,,,,,2,,,,,,4,0,2,2,2,2,2,2,2,2,,2,,,,2,,,,,,,,,,,,,,,,2,2,,,,,,,,,,,,,,,,,,,,,,1,2,,,,,,,,,,,,,,
2024,"Pakistan","PAK","South Asia",155833628,143987843,0.628841811134897,2,25,2,4,1,1,1,0,1,0,1,1,4,4,4,2,0,1,2,1,1,2,1,2,2,,2,2,2,2,,,,,,,,,,,,,,,,,,1,1,1,2,1,1,1,1,,1,2,1,2,,2,2,,2,,1,1,1,2,2,,,,2,1,5,2,,,,2,2,,4,2,2,,1,2,2,,2,1,1,2,,,2,,,,,,,,,2,2,,,,,,,,1,2,2,1,,2,4,1,1,,,,,,,,,,,,,,2,2,1,1,,1,1,1,2,2,,2,2,,2,2,1,2,1,2,,1,2,2,2,2,2,2,2,1,1,1,1,1,1,1,2,1,1,2,,,,,,,,,,,,,,
2024,"Pakistan","PAK","South Asia",155833628,144314102,0.679072700200466,2,22,2,3,1,1,1,0,1,1,1,0,4,4,4,4,0,2,3,0,1,1,1,2,2,,2,1,1,2,,,,,,,,,,,,,,,,,,2,2,2,2,2,2,2,2,,2,,,,2,2,2,,2,,2,,2,2,1,,,2,2,2,4,2,,,,2,2,,1,2,2,,2,,2,,2,1,2,2,,1,2,,,,,,,,,2,2,,,,,,,,2,,,,,,4,1,1,,,,,,,,,,,,,,1,,1,1,,1,1,1,1,1,1,2,2,,2,1,,1,2,,1,1,1,1,2,2,1,2,2,,,,,,,,,,1,2,,,,,,,,,,,,,,
2024,"Pakistan","PAK","South Asia",155833628,144412748,2.50905186845016,2,57,1,2,2,2,0,0,0,0,1,0,4,4,4,2,0,4,1,0,2,,,,,,,,,,2,2,2,2,2,2,1,1,2,,,,,,,,,2,2,2,1,3,2,2,2,,2,,,,2,2,2,,2,,1,,2,2,1,,,,2,1,3,2,,,,,,,,,,,2,,1,1,2,2,,,,,2,,,,,,,,,2,2,,,,,,,,1,2,2,1,,2,4,0,1,,,,,,,,,,,,,,2,2,1,1,,2,,,2,2,,2,2,,2,2,2,,,,,,,,,,,,,2,2,2,1,2,2,2,2,4,1,2,,,,,,,,,,,,,,
2024,"Pakistan","PAK","South Asia",155833628,144452299,0.368595641904991,2,72,1,3,2,1,0,0,0,0,1,0,4,4,4,4,0,2,3,0,2,,,,,,,,,,2,2,1,2,2,2,1,2,2,,,,,,,,,2,2,2,1,2,2,2,2,,2,,,,2,2,2,,2,,2,,2,2,1,,,2,2,3,2,2,,,,,,,,,,,2,,2,,2,1,2,2,,1,2,,,,,,,,,2,2,,,,,,,,2,,,,,,4,0,1,,,,,,,,,,,,,,2,2,1,1,,2,,,2,2,,2,2,,2,2,2,,,,,,,,,,,,,2,2,2,1,2,2,2,1,8,1,2,,,,,,,,,,,,,,
2024,"Pakistan","PAK","South Asia",155833628,144521466,0.285730633617055,1,25,2,5,2,1,0,0,0,0,1,0,4,4,4,4,0,2,3,0,2,,,,,,,,,,2,2,1,2,1,2,2,2,1,,,,,,,,,2,3,2,2,2,2,2,2,,2,,,,2,2,2,,2,,1,,2,2,2,,,,2,2,2,2,,,,,,,,,,,2,,2,,2,1,2,2,,1,2,,,,,,,,,2,2,,,,,,,,2,,,,,,4,0,2,1,2,2,2,2,2,2,1,2,,,,2,,,,,,,,,,,,,,,,2,2,,,,,,,,,,,,,,,,,,,,,,1,2,,,,,,,,,,,,,,
2024,"Pakistan","PAK","South Asia",155833628,144766180,2.24871110307612,2,22,1,2,1,2,0,1,1,1,0,1,2,4,4,4,0,4,3,1,2,,,,,,,,,,2,2,1,2,2,1,2,1,1,1,2,2,3,1,2,2,,,,,,,,,2,1,2,2,2,2,,2,2,,2,2,2,,2,2,2,,,2,1,2,3,2,,,,2,2,,1,2,2,,2,,2,,2,2,,,,,1,2,2,2,1,,,,,2,2,,,,,,,,2,,,,,,2,1,1,,,,,,,,,,,,,,1,,1,1,,1,1,1,1,1,2,2,2,,2,1,,1,1,2,,1,1,1,1,2,2,2,2,,,,,,,,,,1,2,,,,,,,,,,,,,,
2024,"Pakistan","PAK","South Asia",155833628,144769120,0.764944554334962,1,16,2,5,2,2,0,0,0,0,1,0,4,4,4,4,0,4,3,0,2,,,,,,,,,,2,2,2,2,2,2,2,2,1,,,,,,,,,2,2,1,2,2,2,2,2,,2,,,,2,2,2,,2,,1,,2,2,2,,,,2,1,1,2,,,,,,,,,,,2,,2,,2,2,,,,,2,,,,,,,,,2,2,,,,,,,,2,,,,,,4,0,2,2,2,2,2,2,2,1,7,8,,,,2,,,,,,,,,,,,,,,,2,2,,,,,,,,,,,,,,,,,,,,,,,,,,,,,,,,,,,,,
2024,"Pakistan","PAK","South Asia",155833628,144825224,0.465267704912676,2,38,2,3,1,2,0,0,0,0,1,0,4,4,4,4,0,4,3,0,2,,,,,,,,,,2,2,2,2,2,2,2,2,2,,,,,,,,,2,2,1,2,1,2,2,2,,2,,,,2,2,2,,2,,2,,1,2,2,,,2,1,1,3,1,2,1,,,,,,,,,2,,2,,2,2,,,,,2,,,,,,,,,2,2,,,,,,,,2,,,,,,4,1,1,,,,,,,,,,,,,,1,,1,1,,1,1,1,2,2,,2,2,,2,1,,1,1,3,,1,1,1,2,2,2,2,2,,,,,,,,,,1,2,,,,,,,,,,,,,,
2024,"Pakistan","PAK","South Asia",155833628,144854539,0.402417016245394,1,50,1,5,2,2,0,1,1,1,1,1,4,4,4,4,0,2,3,1,2,,,,,,,,,,2,2,2,2,2,2,1,1,2,1,2,2,2,1,2,2,,,,,,,,,2,1,1,2,2,1,,2,2,,2,2,1,2,2,2,2,,,,2,1,2,2,,,,2,2,,1,2,2,,2,,2,,2,1,2,2,,1,2,,,,,,,,,2,2,,,,,,,,2,,,,,,4,0,1,,,,,,,,,,,,,,2,2,2,1,,2,,,2,2,,2,2,,2,2,2,,,,,,,,,,,,,2,1,2,1,2,1,2,1,4,1,2,,,,,,,,,,,,,,
2024,"Pakistan","PAK","South Asia",155833628,145035125,0.35476269967373,1,20,1,5,2,1,0,0,0,0,1,0,4,5,4,4,0,4,3,0,2,,,,,,,,,,2,2,2,2,2,2,2,3,2,,,,,,,,,2,2,2,2,2,2,2,2,,2,,,,2,2,2,,2,,1,,2,2,2,,,,5,1,2,1,2,2,,,,,,,,,2,,2,,2,2,,,,,2,,,,,,,,,3,2,,,,,,,,2,,,,,,4,0,2,1,2,8,8,2,8,8,1,8,,,,1,,,,,,,,,,,,,,,,2,2,,,,,,,,,,,,,,,,,,,,,,1,2,,,,,,,,,,,,,,
2024,"Pakistan","PAK","South Asia",155833628,145044739,0.486636507184542,1,42,2,4,2,1,0,0,0,0,1,1,4,4,4,4,0,2,3,0,2,,,,,,,,,,2,2,1,1,1,2,1,2,1,,,,,,,,,2,2,2,2,2,2,2,2,,1,,,,,2,2,,2,,1,1,2,2,1,,,,5,1,4,1,2,1,,,,,,,,,2,,2,,2,1,2,2,,1,2,,,,,,,,,2,2,,,,,,,,2,,,,,,2,0,1,,,,,,,,,,,,,,2,2,1,1,,2,,,1,2,,2,2,,2,2,2,,,,,,,,,,,,,1,2,1,2,2,1,1,1,1,1,2,,,,,,,,,,,,,,
2024,"Pakistan","PAK","South Asia",155833628,145156938,0.285730633617055,1,35,1,5,1,2,0,1,1,1,1,0,4,4,4,4,1,4,1,1,2,,,,,,,,,,2,2,1,2,3,2,1,1,2,1,1,3,1,2,1,2,,,,,,,,,2,2,2,,,,2,2,2,,2,2,1,,2,1,2,,,,3,1,1,2,,,,2,1,2,,2,1,3,1,1,1,2,2,2,,,,,2,,,,,,,,,2,2,,,,,,,,2,,,,,,4,1,1,,,,,,,,,,,,,,1,,1,1,,1,1,1,4,1,1,2,1,1,2,1,,1,1,3,,1,1,1,2,1,2,2,2,,,,,,,,,,1,2,,,,,,,,,,,,,,
2024,"Pakistan","PAK","South Asia",155833628,145186697,0.66329053481942,2,26,1,4,1,1,0,0,0,0,1,0,2,4,4,4,0,2,2,0,2,,,,,,,,,,2,2,2,2,1,1,1,2,2,,,,,,,,,2,3,1,2,3,1,2,2,,2,,,,2,2,2,,1,,1,,2,2,1,,,,4,2,1,2,,,,,,,,,,,2,,1,2,2,1,2,2,,1,1,2,2,2,1,,,,,2,2,,,,,,,,2,,,,,,4,0,1,,,,,,,,,,,,,,2,2,1,1,,1,1,1,4,1,2,1,1,2,2,2,2,,,,,,,,,,,,,1,1,2,2,2,2,8,2,1,1,2,,,,,,,,,,,,,,
2024,"Pakistan","PAK","South Asia",155833628,145266293,0.738361204913696,2,37,1,4,1,1,0,0,0,0,1,1,4,4,4,2,0,2,2,0,2,,,,,,,,,,2,2,2,1,1,1,1,2,2,,,,,,,,,1,1,1,1,2,1,2,2,,1,,,,,2,2,,1,,1,2,2,1,2,,,,2,1,2,2,,,,,,,,,,,1,2,1,2,2,1,2,2,,1,2,,,,,,,,,2,2,,,,,,,,1,2,2,1,,2,5,0,1,,,,,,,,,,,,,,2,2,1,1,,2,,,2,2,,1,2,,2,2,2,,,,,,,,,,,,,1,1,1,1,2,1,2,1,1,1,2,,,,,,,,,,,,,,
2024,"Pakistan","PAK","South Asia",155833628,145559381,0.38765057898374,1,23,1,4,2,1,0,0,0,0,0,0,4,4,4,4,0,4,3,0,2,,,,,,,,,,2,2,2,3,3,2,2,2,2,,,,,,,,,3,3,2,2,2,2,2,2,,2,,,,2,2,2,,2,,2,,2,2,2,,,2,7,,1,1,2,2,,,,,,,,,2,,2,,2,2,,,,,2,,,,,,,,,2,2,,,,,,,,2,,,,,,4,0,2,1,8,2,1,1,2,2,4,2,,,,2,,,,,,,,,,,,,,,,2,2,,,,,,,,,,,,,,,,,,,,,,1,2,,,,,,,,,,,,,,
2024,"Pakistan","PAK","South Asia",155833628,145565075,0.559975791510384,2,21,2,3,1,1,0,1,1,1,1,1,4,4,4,1,0,1,1,1,2,,,,,,,,,,2,2,2,2,1,1,1,1,2,1,1,2,2,1,2,2,,,,,,,,,2,1,2,1,2,2,,2,2,,1,1,1,,2,2,2,,,,2,2,3,2,,,,2,2,,3,2,2,,1,1,2,,2,1,2,1,,,2,,,,,,,,,2,2,,,,,,,,1,2,1,,,1,4,1,1,,,,,,,,,,,,,,1,,1,1,,1,1,1,2,1,1,1,2,,2,1,,1,1,2,,1,1,1,1,2,1,2,2,,,,,,,,,,1,2,,,,,,,,,,,,,,
2024,"Pakistan","PAK","South Asia",155833628,145583303,0.828066518755845,1,50,1,5,2,1,0,0,0,0,1,0,4,4,4,4,0,4,2,0,2,,,,,,,,,,2,2,2,2,2,2,2,2,1,,,,,,,,,2,1,2,2,2,2,2,2,,2,,,,2,2,2,,2,,1,,2,2,1,,,,2,2,4,2,,,,,,,,,,,2,,1,2,2,2,,,,,2,,,,,,,,,2,2,,,,,,,,2,,,,,,1,0,2,2,1,8,1,2,2,1,4,1,2,2,2,,,,,,,,,,,,,,,,,2,2,,,,,,,,,,,,,,,,,,,,,,1,2,,,,,,,,,,,,,,
2024,"Pakistan","PAK","South Asia",155833628,145594217,0.610064190950703,1,18,2,1,2,1,0,0,0,0,0,1,4,4,4,4,0,2,3,0,2,,,,,,,,,,2,2,1,2,2,1,1,2,2,,,,,,,,,2,2,2,2,2,2,2,2,,1,,,,,2,2,,2,,2,2,2,2,2,,,2,1,1,1,2,,,,,,,,,,,2,,2,,2,1,2,2,,1,2,,,,,,,,,2,2,,,,,,,,2,,,,,,4,0,2,2,2,1,2,1,2,2,5,2,,,,1,,,,,,,,,,,,,,,,2,2,,,,,,,,,,,,,,,,,,,,,,2,,2,2,2,2,2,2,2,2,2,2,2,2,,
2024,"Pakistan","PAK","South Asia",155833628,145812027,0.379866035283272,1,30,1,3,2,1,0,0,0,0,0,0,4,4,4,4,0,4,3,0,2,,,,,,,,,,2,2,2,2,2,2,2,2,2,,,,,,,,,2,2,2,2,2,2,2,2,,2,,,,2,2,2,,2,,2,,2,2,2,,,2,2,1,4,2,,,,,,,,,,,2,,2,,2,2,,,,,2,,,,,,,,,2,2,,,,,,,,2,,,,,,4,0,2,2,2,2,2,2,2,2,,2,,,,1,,,,,,,,,,,,,,,,2,2,,,,,,,,,,,,,,,,,,,,,,1,2,,,,,,,,,,,,,,
2024,"Pakistan","PAK","South Asia",155833628,145883382,0.753463268572301,2,29,1,1,1,2,1,1,1,1,1,1,1,4,4,1,1,1,3,1,2,,,,,,,,,,,,,,,,,,,1,2,2,1,1,2,2,,,,,,,,,2,1,2,3,1,2,,2,2,,2,2,2,,2,2,1,,,1,2,1,3,2,,,,1,1,2,,1,2,,2,,2,,2,1,1,1,,,1,2,2,1,,,2,1,,2,2,,,,,,,,1,2,1,,,2,4,1,1,,,,,,,,,,,,,,1,,1,1,,1,1,1,1,2,,2,2,,2,1,,1,1,2,,1,1,1,2,2,2,2,2,,,,,,,,,,1,2,,,,,,,,,,,,,,
2024,"Pakistan","PAK","South Asia",155833628,145917573,1.94963533890537,1,44,1,1,2,2,0,0,0,0,1,0,4,4,4,4,0,4,3,0,2,,,,,,,,,,2,2,2,1,1,1,1,2,2,,,,,,,,,1,1,1,1,1,2,2,2,,2,,,,2,2,2,,2,,2,,1,2,2,,,1,7,,2,2,,,,,,,,,,,2,,2,,2,2,,,,,2,,,,,,,,,2,2,,,,,,,,2,,,,,,2,0,2,1,1,1,1,1,2,1,1,2,,,,1,,,,,,,,,,,,,,,,2,2,,,,,,,,,,,,,,,,,,,,,,1,2,,,,,,,,,,,,,,
2024,"Pakistan","PAK","South Asia",155833628,145978441,0.864712911238132,1,63,1,3,1,2,0,0,0,0,1,0,2,4,4,4,0,4,3,0,2,,,,,,,,,,2,2,2,1,1,2,2,2,2,,,,,,,,,1,2,2,3,2,2,2,2,,2,,,,2,2,2,,2,,2,,2,2,1,,,2,2,1,1,2,,,,,,,,,,,2,,2,,2,2,,,,,1,2,2,2,1,,,,,2,2,,,,,,,,2,,,,,,4,0,2,1,1,2,1,1,1,1,4,1,1,1,1,,,,,,,,,,,,,,,,,2,2,,,,,,,,,,,,,,,,,,,,,,1,2,,,,,,,,,,,,,,
2024,"Pakistan","PAK","South Asia",155833628,145985032,1.1299699388576,1,50,1,4,2,2,0,0,0,0,1,0,4,4,4,4,0,2,3,0,2,,,,,,,,,,2,2,2,2,1,2,1,2,3,,,,,,,,,2,1,2,1,1,2,2,2,,2,,,,2,2,2,,2,,1,,2,2,1,,,,7,,1,2,,,,,,,,,,,2,,2,,2,1,2,2,,1,2,,,,,,,,,2,2,,,,,,,,2,,,,,,4,0,2,1,8,2,1,2,2,1,7,1,2,2,2,,,,,,,,,,,,,,,,,2,2,,,,,,,,,,,,,,,,,,,,,,1,2,,,,,,,,,,,,,,
2024,"Pakistan","PAK","South Asia",155833628,146041221,0.526325579406333,1,25,3,1,2,2,0,0,0,0,0,1,4,4,4,4,0,2,3,0,2,,,,,,,,,,2,2,1,1,2,1,2,1,2,,,,,,,,,1,2,1,1,2,2,2,2,,1,,,,,1,2,,2,,2,2,2,2,2,,,2,2,2,2,1,2,2,,,,,,,,,2,,2,,2,1,2,2,,1,2,,,,,,,,,2,2,,,,,,,,2,,,,,,2,1,1,,,,,,,,,,,,,,1,,2,1,,1,1,1,1,1,1,2,1,2,2,1,,1,1,3,,1,1,1,1,2,1,2,2,,,,,,,,,,1,2,,,,,,,,,,,,,,
2024,"Pakistan","PAK","South Asia",155833628,146130418,0.628841811134897,2,32,2,3,1,2,0,0,0,0,0,0,2,4,4,4,0,2,3,0,2,,,,,,,,,,2,2,1,2,2,2,2,2,2,,,,,,,,,2,2,2,2,2,1,2,2,,2,,,,2,2,2,,2,,2,,2,2,2,,,2,2,2,2,2,,,,,,,,,,,2,,2,,2,1,2,2,,1,1,2,2,2,1,,,,,2,2,,,,,,,,2,,,,,,4,1,1,,,,,,,,,,,,,,1,,1,1,,1,1,1,2,2,,2,2,,2,1,,1,1,3,,1,1,1,2,2,2,2,2,,,,,,,,,,1,2,,,,,,,,,,,,,,
2024,"Pakistan","PAK","South Asia",155833628,146150228,0.94255752093255,1,40,1,4,2,1,0,0,0,0,1,0,4,4,4,4,0,2,3,0,2,,,,,,,,,,2,2,2,1,3,2,1,2,2,,,,,,,,,1,2,2,2,2,2,2,2,,2,,,,2,2,2,,2,,1,,2,2,1,,,,7,,1,2,,,,,,,,,,,2,,2,,2,1,2,2,,1,2,,,,,,,,,2,2,,,,,,,,2,,,,,,4,0,2,1,1,2,1,2,2,1,7,2,,,,2,,,,,,,,,,,,,,,,2,2,,,,,,,,,,,,,,,,,,,,,,1,2,,,,,,,,,,,,,,
2024,"Pakistan","PAK","South Asia",155833628,146214972,2.21451862818165,2,50,1,3,2,2,0,0,0,0,1,0,4,4,4,2,0,2,3,0,2,,,,,,,,,,2,2,2,2,2,2,2,2,2,,,,,,,,,2,3,1,2,3,2,2,2,,2,,,,2,2,2,,2,,1,,1,2,1,,,,7,,1,1,1,1,,,,,,,,,2,,2,,2,1,2,2,,1,2,,,,,,,,,2,2,,,,,,,,1,2,2,1,,2,2,0,1,,,,,,,,,,,,,,2,2,8,2,,2,,,8,2,,2,2,,2,2,2,,,,,,,,,,,,,1,8,8,1,2,2,8,2,1,1,2,,,,,,,,,,,,,,
2024,"Pakistan","PAK","South Asia",155833628,146306709,0.424226209424505,2,28,2,5,1,1,0,0,0,0,1,1,2,4,4,2,0,2,3,0,2,,,,,,,,,,2,2,2,2,1,2,2,2,1,,,,,,,,,2,1,2,2,2,2,2,2,,1,,,,,2,2,,2,,1,1,1,1,3,,,,2,1,4,1,1,1,,,,,,,,,2,,2,,2,1,2,2,,1,1,2,2,2,1,,,,,2,2,,,,,,,,1,2,2,1,,1,4,1,1,,,,,,,,,,,,,,1,,1,1,,1,1,1,1,1,1,2,1,2,2,1,,1,1,2,,1,1,1,2,2,2,2,2,,,,,,,,,,1,2,,,,,,,,,,,,,,
2024,"Pakistan","PAK","South Asia",155833628,146365792,2.70354573795389,1,45,1,2,2,2,0,0,0,0,0,0,4,4,4,4,0,4,3,0,2,,,,,,,,,,2,2,2,2,1,2,2,2,2,,,,,,,,,1,1,2,3,2,2,2,2,,2,,,,2,2,2,,2,,2,,2,2,2,,,2,3,1,1,2,,,,,,,,,,,2,,2,,2,2,,,,,2,,,,,,,,,2,2,,,,,,,,2,,,,,,3,0,2,2,1,2,1,1,2,1,4,1,2,2,2,,,,,,,,,,,,,,,,,2,2,,,,,,,,,,,,,,,,,,,,,,1,2,,,,,,,,,,,,,,
2024,"Pakistan","PAK","South Asia",155833628,146546488,2.19472633233942,1,40,1,1,2,1,0,0,0,0,0,0,4,4,4,4,0,4,3,0,2,,,,,,,,,,2,2,1,2,2,2,1,2,1,,,,,,,,,2,2,2,1,2,2,2,2,,2,,,,2,2,2,,2,,2,,2,2,2,,,2,7,,2,1,2,1,,,,,,,,,2,,2,,2,2,,,,,2,,,,,,,,,2,2,,,,,,,,2,,,,,,4,0,2,1,2,2,2,1,2,2,5,2,,,,1,,,,,,,,,,,,,,,,2,2,,,,,,,,,,,,,,,,,,,,,,2,,2,2,2,1,2,2,1,2,2,1,2,2,,
2024,"Pakistan","PAK","South Asia",155833628,146695424,0.285730633617055,1,33,2,5,2,2,0,0,0,0,1,1,4,4,4,4,0,2,3,0,2,,,,,,,,,,2,2,1,2,2,2,1,1,1,,,,,,,,,2,3,2,1,2,2,2,2,,1,,,,,2,2,,2,,2,2,2,2,2,,,1,2,1,2,2,,,,,,,,,,,2,,2,,2,1,2,2,,1,2,,,,,,,,,2,2,,,,,,,,2,,,,,,2,1,1,,,,,,,,,,,,,,2,2,2,1,,1,1,2,2,2,,2,1,2,2,1,,1,2,,1,1,2,2,2,2,2,2,2,2,2,2,2,1,1,1,2,7,1,2,,,,,,,,,,,,,,
2024,"Pakistan","PAK","South Asia",155833628,146788219,0.285730633617055,1,25,1,1,1,2,0,0,0,0,0,0,4,4,4,4,0,4,3,0,2,,,,,,,,,,2,2,2,1,2,2,1,2,1,,,,,,,,,2,2,2,2,2,2,2,2,,2,,,,2,2,2,,2,,2,,2,2,2,,,2,2,3,4,2,,,,,,,,,,,2,,2,,2,2,,,,,2,,,,,,,,,2,2,,,,,,,,2,,,,,,5,0,1,,,,,,,,,,,,,,2,2,1,3,,2,,,2,2,,2,2,,2,2,2,,,,,,,,,,,,,2,2,2,2,2,2,2,2,,1,2,,,,,,,,,,,,,,
2024,"Pakistan","PAK","South Asia",155833628,146837087,0.74957036769204,2,20,1,2,1,2,0,0,0,0,1,1,2,4,4,4,0,4,3,0,2,,,,,,,,,,2,2,1,1,1,2,1,2,1,,,,,,,,,1,1,2,1,1,1,2,2,,1,,,,,2,2,,2,,2,2,2,2,1,,,1,2,2,2,2,,,,,,,,,,,2,,2,,2,2,,,,,1,2,2,2,1,,,,,2,2,,,,,,,,2,,,,,,2,1,1,,,,,,,,,,,,,,1,,1,1,,1,1,1,1,1,1,1,1,1,2,1,,1,1,2,,1,1,1,1,2,1,2,2,,,,,,,,,,1,2,,,,,,,,,,,,,,
2024,"Pakistan","PAK","South Asia",155833628,146900352,0.49102505147633,2,45,3,4,1,2,0,1,1,1,1,0,4,4,4,4,0,1,3,1,2,,,,,,,,,,2,2,1,2,2,2,1,2,2,1,1,1,1,1,1,2,,,,,,,,,2,2,2,,,,2,2,2,,2,2,1,,2,2,1,,,,3,2,2,2,,,,2,2,,1,1,2,,2,,2,,2,1,2,1,,,2,,,,,,,,,2,2,,,,,,,,2,,,,,,4,1,1,,,,,,,,,,,,,,1,,1,1,,1,1,1,3,1,1,2,1,2,2,1,,1,2,,1,1,1,1,1,2,2,2,2,,,,,,,,,,1,2,,,,,,,,,,,,,,
2024,"Pakistan","PAK","South Asia",155833628,147019791,0.285730633617055,1,30,2,5,2,2,0,0,0,0,0,0,4,4,4,4,0,4,3,0,2,,,,,,,,,,2,2,2,1,1,2,2,2,2,,,,,,,,,2,2,2,2,2,2,2,2,,2,,,,2,2,2,,2,,2,,2,2,2,,,2,3,2,1,2,,,,,,,,,,,2,,2,,2,2,,,,,2,,,,,,,,,2,2,,,,,,,,2,,,,,,1,0,2,2,1,2,2,2,1,1,2,2,,,,2,,,,,,,,,,,,,,,,2,2,,,,,,,,,,,,,,,,,,,,,,1,2,,,,,,,,,,,,,,
2024,"Pakistan","PAK","South Asia",155833628,147239387,1.49457611963172,2,44,1,3,1,2,0,0,0,0,1,0,4,4,4,4,0,4,2,0,2,,,,,,,,,,2,2,2,2,2,2,2,2,2,,,,,,,,,2,2,2,2,2,2,2,2,,2,,,,2,2,2,,2,,1,,2,2,2,,,,2,2,1,1,1,1,,,,,,,,,1,2,2,,2,2,,,,,2,,,,,,,,,2,2,,,,,,,,2,,,,,,4,0,1,,,,,,,,,,,,,,2,2,1,1,,2,,,2,2,,2,2,,2,2,2,,,,,,,,,,,,,2,2,2,2,2,2,8,2,,1,2,,,,,,,,,,,,,,
2024,"Pakistan","PAK","South Asia",155833628,147405883,2.359954359486,1,80,1,5,2,2,0,0,0,0,1,0,4,4,4,4,0,2,2,0,2,,,,,,,,,,2,2,2,2,2,2,1,2,2,,,,,,,,,1,2,2,1,2,2,2,2,,2,,,,2,2,2,,2,,1,,2,2,2,,,,7,,2,2,,,,,,,,,,,2,,1,2,2,1,2,2,,1,2,,,,,,,,,2,2,,,,,,,,2,,,,,,1,0,1,,,,,,,,,,,,,,2,2,2,1,,2,,,2,2,,2,2,,2,2,2,,,,,,,,,,,,,1,1,2,1,2,2,2,2,1,1,2,,,,,,,,,,,,,,
2024,"Pakistan","PAK","South Asia",155833628,147491017,0.915096286426054,1,22,2,3,2,1,1,1,1,1,1,1,4,4,4,4,0,2,3,1,2,1,2,2,3,,2,2,2,2,,,,,,,,,,,2,3,2,2,1,2,,,,,,,,,2,2,1,,,,,2,2,,1,2,2,2,2,1,1,,,,3,1,1,2,,,,1,2,,4,2,2,,2,,2,,2,1,2,2,,1,2,,,,,,,,,2,2,,,,,,,,2,,,,,,2,1,1,,,,,,,,,,,,,,2,2,1,1,,1,1,1,2,2,,1,1,1,2,1,,2,1,3,,1,1,1,2,2,2,1,1,1,1,1,2,2,1,2,2,1,1,2,,,,,,,,,,,,,,
2024,"Pakistan","PAK","South Asia",155833628,147543995,0.350031300372393,1,28,1,3,2,1,0,0,0,0,1,0,4,4,4,4,0,4,2,0,2,,,,,,,,,,2,2,2,2,1,2,1,2,2,,,,,,,,,2,1,2,1,1,2,2,2,,2,,,,2,2,2,,2,,2,,2,1,2,,,1,2,1,5,1,2,2,,,,,,,,,2,,1,2,1,2,,,,,2,,,,,,,,,2,2,,,,,,,,2,,,,,,3,0,2,1,1,1,1,1,2,1,1,2,,,,1,,,,,,,,,,,,,,,,2,2,,,,,,,,,,,,,,,,,,,,,,1,2,,,,,,,,,,,,,,
2024,"Pakistan","PAK","South Asia",155833628,147684320,0.285730633617055,1,38,2,2,2,2,0,0,0,0,1,0,4,4,4,4,0,4,3,0,2,,,,,,,,,,2,2,2,1,1,2,1,2,2,,,,,,,,,2,1,2,1,2,2,1,2,,2,,,,2,2,2,,2,,1,,2,2,2,,,,2,1,1,2,,,,,,,,,,,2,,2,,2,2,,,,,2,,,,,,,,,2,2,,,,,,,,2,,,,,,4,1,2,2,1,2,2,2,1,1,7,1,1,2,2,,,,,,,,,,,,,,,,,1,,2,1,3,,1,1,1,1,2,2,2,1,,,,,,,,,,1,2,,,,,,,,,,,,,,
2024,"Pakistan","PAK","South Asia",155833628,148074156,3.26551922520038,1,17,1,3,2,1,0,0,0,0,0,0,4,4,4,4,0,4,3,0,2,,,,,,,,,,2,2,2,1,1,1,1,2,1,,,,,,,,,1,1,1,1,1,2,2,2,,2,,,,2,2,2,,2,,2,,2,2,2,,,2,3,1,2,1,2,2,,,,,,,,,2,,2,,2,2,,,,,2,,,,,,,,,2,2,,,,,,,,2,,,,,,4,0,2,1,1,1,1,1,1,1,1,2,,,,1,,,,,,,,,,,,,,,,2,2,,,,,,,,,,,,,,,,,,,,,,,,,,,,,,,,,,,,,
2024,"Pakistan","PAK","South Asia",155833628,148133819,1.16646559445376,2,21,2,2,1,2,0,0,0,0,1,0,2,4,4,4,0,2,3,0,2,,,,,,,,,,2,2,2,2,1,2,1,2,2,,,,,,,,,2,2,2,1,1,1,1,2,,2,,,,2,2,2,,2,,1,,1,2,2,,,,2,2,2,1,2,1,,,,,,,,,2,,2,,2,1,2,2,,1,1,2,2,2,1,,,,,2,2,,,,,,,,2,,,,,,4,1,1,,,,,,,,,,,,,,2,1,1,1,,1,1,1,4,1,1,1,1,2,2,1,,1,1,3,,1,1,1,1,2,2,2,1,1,1,1,2,2,1,2,2,1,1,2,,,,,,,,,,,,,,
2024,"Pakistan","PAK","South Asia",155833628,148167596,0.47873424885909,1,32,3,4,2,2,0,0,0,0,1,1,4,4,4,2,0,4,3,0,2,,,,,,,,,,2,2,1,2,1,2,1,2,2,,,,,,,,,2,1,2,1,2,2,2,2,,1,,,,,2,2,,2,,1,2,1,2,1,,,,2,1,1,2,,,,,,,,,,,2,,2,,2,2,,,,,2,,,,,,,,,2,2,,,,,,,,1,2,2,1,,1,4,1,1,,,,,,,,,,,,,,1,,2,1,,1,1,1,4,1,1,2,1,2,2,1,,1,1,4,,1,1,1,1,1,2,2,2,,,,,,,,,,1,2,,,,,,,,,,,,,,
2024,"Pakistan","PAK","South Asia",155833628,148227917,0.285730633617055,1,30,2,5,2,2,0,0,0,0,1,1,4,4,4,4,0,4,3,0,2,,,,,,,,,,2,2,1,2,1,1,2,2,1,,,,,,,,,2,1,1,2,2,2,2,2,,1,,,,,2,2,,2,,2,2,2,1,2,,,2,6,2,2,1,2,2,,,,,,,,,2,,2,,2,2,,,,,2,,,,,,,,,2,2,,,,,,,,2,,,,,,2,1,1,,,,,,,,,,,,,,1,,1,1,,2,,,1,1,1,2,2,,2,1,,1,1,3,,1,1,1,2,2,1,2,2,,,,,,,,,,1,2,,,,,,,,,,,,,,
2024,"Pakistan","PAK","South Asia",155833628,148425445,0.285730633617055,1,40,2,5,1,1,0,0,0,0,0,0,4,4,4,4,0,4,3,0,2,,,,,,,,,,2,2,2,2,2,2,1,1,2,,,,,,,,,2,2,2,1,2,2,2,2,,2,,,,2,2,2,,2,,2,,2,2,2,,,2,2,1,1,1,2,1,,,,,,,,,2,,2,,2,2,,,,,2,,,,,,,,,2,2,,,,,,,,2,,,,,,2,0,1,,,,,,,,,,,,,,2,2,2,1,,1,1,1,2,2,,2,2,,2,2,2,,,,,,,,,,,,,1,1,1,2,1,8,1,2,1,1,2,,,,,,,,,,,,,,
2024,"Pakistan","PAK","South Asia",155833628,148430630,0.641061827626242,2,25,2,3,2,1,1,1,1,1,1,1,4,2,4,1,0,1,1,1,1,2,1,2,2,,1,2,1,2,,,,,,,,,,,2,1,2,2,2,2,,,,,,,,,2,2,1,,,,,2,2,,2,2,1,1,2,2,2,,,,1,2,2,1,2,1,1,2,2,,5,1,1,2,2,,1,1,2,1,1,2,,,2,,,,,,,,,1,2,2,2,1,,,,,1,1,2,,,1,2,1,1,,,,,,,,,,,,,,1,,1,1,,1,1,1,2,1,1,2,2,,2,1,,1,1,2,,1,1,1,2,2,1,2,1,,,,,,,,,,1,2,,,,,,,,,,,,,,
2024,"Pakistan","PAK","South Asia",155833628,148531819,0.482708890695451,1,22,2,5,2,1,0,0,0,0,0,0,4,4,4,4,0,2,3,0,2,,,,,,,,,,2,2,1,2,1,1,1,2,2,,,,,,,,,3,3,2,2,2,2,2,2,,2,,,,2,2,2,,2,,2,,2,2,2,,,2,1,1,1,1,1,2,,,,,,,,,2,,2,,2,1,2,2,,1,2,,,,,,,,,2,2,,,,,,,,2,,,,,,5,0,1,,,,,,,,,,,,,,2,2,2,1,,1,1,1,1,2,,1,2,,2,2,2,,,,,,,,,,,,,1,1,2,2,1,1,2,1,5,1,2,,,,,,,,,,,,,,
2024,"Pakistan","PAK","South Asia",155833628,148540309,0.49102505147633,2,45,3,5,1,2,1,1,1,1,1,1,4,4,4,1,1,1,1,1,1,1,1,2,1,,1,1,1,2,,,,,,,,,,,2,1,1,1,1,2,,,,,,,,,1,1,2,1,2,2,,2,2,,2,2,1,,2,2,2,,,,1,1,4,2,,,,1,2,,4,1,1,1,1,1,2,,2,1,1,1,,,2,,,,,,,,,2,2,,,,,,,,1,2,1,,,1,4,1,1,,,,,,,,,,,,,,1,,1,1,,1,1,1,2,1,1,2,2,,2,1,,1,1,3,,1,1,1,1,1,1,2,1,,,,,,,,,,1,2,,,,,,,,,,,,,,
2024,"Pakistan","PAK","South Asia",155833628,148560544,0.480298331682336,2,32,3,4,1,1,1,1,1,1,1,1,1,4,4,1,1,4,1,1,1,1,2,2,2,,1,2,1,1,,,,,,,,,,,1,2,2,2,1,2,,,,,,,,,2,2,1,,,,,1,2,,1,2,2,1,2,2,1,2,,,2,2,1,2,,,,2,2,,1,1,1,3,2,,1,1,1,2,,,,,1,2,1,1,,,2,2,,2,2,,,,,,,,1,1,1,,,1,1,0,1,,,,,,,,,,,,,,2,2,1,1,,1,2,1,2,2,,2,1,2,2,2,2,,,,,,,,,,,,,1,1,2,1,1,2,2,2,2,1,2,,,,,,,,,,,,,,
2024,"Pakistan","PAK","South Asia",155833628,148777056,0.37028125041526,1,30,2,1,2,1,0,0,0,0,1,0,3,4,4,4,0,4,3,0,2,,,,,,,,,,2,2,2,2,1,1,1,1,2,,,,,,,,,2,1,2,1,1,2,2,2,,2,,,,2,2,2,,2,,1,,2,1,2,,,,2,1,2,2,,,,,,,,,,,2,,2,,2,2,,,,,1,2,2,2,2,2,,,,2,2,,,,,,,,2,,,,,,5,0,2,1,1,2,1,1,1,1,7,1,2,2,1,,,,,,,,,,,,,,,,,2,2,,,,,,,,,,,,,,,,,,,,,,1,2,,,,,,,,,,,,,,
2024,"Pakistan","PAK","South Asia",155833628,149096079,1.42682139389293,2,55,2,5,1,2,1,0,1,0,0,1,1,4,4,4,0,2,3,1,1,2,1,2,2,,1,1,2,2,,,,,,,,,,,,,,,,,,2,2,2,2,2,2,2,1,,2,2,2,2,,2,2,,2,,2,,2,2,2,,,2,1,3,4,2,,,,2,2,,4,2,2,,2,,2,,2,1,2,2,,1,1,1,1,2,,,2,2,,2,2,,,,,,,,2,,,,,,8,0,1,,,,,,,,,,,,,,2,2,1,1,,1,1,1,1,2,,2,2,,2,2,2,,,,,,,,,,,,,2,2,2,2,2,2,2,1,8,1,2,,,,,,,,,,,,,,
2024,"Pakistan","PAK","South Asia",155833628,149239522,0.659854386460636,2,34,3,3,1,2,0,0,0,0,1,0,2,4,4,4,0,4,3,0,2,,,,,,,,,,2,2,2,1,1,2,2,1,2,,,,,,,,,1,1,1,3,2,2,2,2,,2,,,,2,2,2,,2,,1,,1,1,2,,,,2,1,2,2,,,,,,,,,,,2,,2,,2,2,,,,,1,2,2,2,1,,,,,2,2,,,,,,,,2,,,,,,4,1,1,,,,,,,,,,,,,,1,,1,1,,1,1,1,2,1,2,2,2,,2,1,,1,1,3,,1,1,2,2,2,2,2,2,,,,,,,,,,1,2,,,,,,,,,,,,,,
2024,"Pakistan","PAK","South Asia",155833628,149265281,1.64973495651552,2,40,1,4,1,2,0,1,1,1,1,0,4,4,4,4,0,4,2,1,2,,,,,,,,,,2,2,1,2,1,2,1,2,2,1,2,2,2,2,2,2,,,,,,,,,2,2,2,,,,2,2,1,2,2,2,1,,1,2,1,,,,7,,1,2,,,,2,2,,1,1,2,,2,,1,2,2,2,,,,,2,,,,,,,,,2,2,,,,,,,,2,,,,,,4,0,1,,,,,,,,,,,,,,2,2,1,1,,2,,,4,2,,2,2,,2,2,2,,,,,,,,,,,,,1,1,2,1,2,1,2,1,2,1,2,,,,,,,,,,,,,,
2024,"Pakistan","PAK","South Asia",155833628,149276144,0.747288059815861,2,35,1,4,1,1,0,0,0,0,0,0,4,4,4,4,0,4,3,0,2,,,,,,,,,,2,2,1,2,2,2,2,2,2,,,,,,,,,2,1,2,2,2,2,2,2,,2,,,,2,2,2,,2,,2,,2,2,2,,,2,2,2,3,2,,,,,,,,,,,2,,2,,2,2,,,,,2,,,,,,,,,2,2,,,,,,,,2,,,,,,4,0,1,,,,,,,,,,,,,,2,2,1,1,,2,,,2,2,,2,2,,2,2,2,,,,,,,,,,,,,2,2,2,2,2,2,2,1,8,1,2,,,,,,,,,,,,,,
2024,"Pakistan","PAK","South Asia",155833628,149289569,1.69735650725886,2,36,1,4,2,2,0,1,1,1,1,1,4,2,4,4,0,2,3,1,2,,,,,,,,,,2,2,2,2,1,1,1,2,1,1,1,2,1,1,2,2,,,,,,,,,2,1,2,3,2,2,,2,2,,2,2,1,,1,2,2,,,,3,3,3,2,,,,2,2,,1,2,2,,2,,2,,2,1,2,2,,1,2,,,,,,,,,1,2,2,2,1,,,,,2,,,,,,1,0,2,2,2,2,1,2,1,1,7,1,2,2,2,,,,,,,,,,,,,,,,,2,2,,,,,,,,,,,,,,,,,,,,,,1,3,,,,,,,,,,,,,,
2024,"Pakistan","PAK","South Asia",155833628,149419619,1.68846427074071,1,40,1,3,2,1,1,0,1,0,1,0,4,1,4,4,0,4,1,1,1,2,2,3,3,1,1,2,2,2,,,,,,,,,,,,,,,,,,2,2,2,1,2,2,2,2,,2,,,,2,2,2,,2,,1,,2,2,1,,,,2,1,1,1,2,1,2,2,2,,4,2,2,,2,,1,1,2,2,,,,,2,,,,,,,,,1,2,1,2,,,1,2,1,2,,,,,,4,0,1,,,,,,,,,,,,,,2,2,2,1,,2,,,2,2,,2,2,,2,2,2,,,,,,,,,,,,,1,1,2,1,2,2,2,1,1,1,2,,,,,,,,,,,,,,
2024,"Pakistan","PAK","South Asia",155833628,149603931,0.601370400516493,1,40,1,2,2,1,0,0,0,0,1,0,4,4,4,4,0,4,2,0,2,,,,,,,,,,2,2,2,3,1,1,1,2,3,,,,,,,,,1,1,2,1,2,2,2,2,,2,,,,2,2,2,,2,,1,,2,2,1,,,,7,,1,1,1,1,,,,,,,,,2,,1,2,2,2,,,,,2,,,,,,,,,2,2,,,,,,,,2,,,,,,4,0,2,1,1,1,2,2,2,1,7,1,2,2,2,,,,,,,,,,,,,,,,,2,2,,,,,,,,,,,,,,,,,,,,,,1,2,,,,,,,,,,,,,,
2024,"Pakistan","PAK","South Asia",155833628,149704460,0.873242096935539,1,31,1,1,2,2,0,0,0,0,1,0,4,4,4,4,0,4,3,0,2,,,,,,,,,,2,2,2,1,3,2,1,2,1,,,,,,,,,1,1,1,1,2,2,2,2,,2,,,,2,2,2,,1,,2,,2,1,1,,,,2,1,1,2,,,,,,,,,,,2,,2,,2,2,,,,,2,,,,,,,,,2,2,,,,,,,,2,,,,,,2,1,2,1,1,2,1,2,2,1,1,1,2,2,2,,,,,,,,,,,,,,,,,2,1,4,8,,2,2,2,1,2,2,2,2,2,,,,,,,,,,1,2,,,,,,,,,,,,,,
2024,"Pakistan","PAK","South Asia",155833628,149842733,0.737620811798524,1,34,1,2,1,1,0,0,0,0,0,0,2,4,4,4,0,4,2,0,2,,,,,,,,,,2,2,2,2,2,2,1,2,2,,,,,,,,,1,2,2,1,2,2,2,2,,2,,,,2,2,2,,2,,2,,2,2,2,,,2,1,1,2,1,1,1,,,,,,,,,1,2,1,2,2,2,,,,,1,2,2,2,1,,,,,2,2,,,,,,,,2,,,,,,4,0,2,1,1,2,2,1,2,2,1,2,,,,1,,,,,,,,,,,,,,,,2,2,,,,,,,,,,,,,,,,,,,,,,1,2,,,,,,,,,,,,,,
2024,"Pakistan","PAK","South Asia",155833628,150110456,0.335673695529286,1,43,1,2,2,2,0,0,0,0,0,0,4,4,4,4,0,2,3,0,2,,,,,,,,,,2,2,2,2,1,2,1,2,1,,,,,,,,,1,3,2,2,2,2,2,2,,2,,,,2,2,2,,2,,2,,2,2,2,,,2,2,1,2,2,,,,,,,,,,,2,,2,,2,1,2,2,,1,2,,,,,,,,,2,2,,,,,,,,2,,,,,,4,0,2,1,1,1,1,2,8,1,7,1,2,1,8,,,,,,,,,,,,,,,,,2,2,,,,,,,,,,,,,,,,,,,,,,1,2,,,,,,,,,,,,,,
2024,"Pakistan","PAK","South Asia",155833628,150135969,2.12632752608496,2,21,2,2,1,1,0,1,1,1,1,1,1,4,4,4,0,4,3,1,2,,,,,,,,,,2,2,1,1,1,1,1,2,2,1,2,3,2,1,2,2,,,,,,,,,2,2,1,,,,,2,2,,2,2,1,2,2,1,2,,,,5,3,2,1,1,1,2,2,2,,4,2,2,,2,,2,,2,2,,,,,1,2,2,1,,,2,2,,2,2,,,,,,,,2,,,,,,2,1,1,,,,,,,,,,,,,,1,,2,1,,1,1,1,1,1,1,1,2,,2,1,,1,1,2,,1,1,1,2,2,1,2,2,,,,,,,,,,2,,2,2,2,2,1,2,2,2,1,2,2,2,,
2024,"Pakistan","PAK","South Asia",155833628,150218347,1.39053010172245,2,21,2,5,1,2,1,1,1,1,1,0,1,4,4,4,1,2,1,1,2,,,,,,,,,,,,,,,,,,,2,3,3,3,2,1,2,,,,,,,,,2,2,2,,,,2,2,2,,2,2,1,,2,2,1,,,,2,1,1,2,,,,2,2,,4,1,1,3,1,1,1,1,2,1,2,2,,1,1,2,1,1,,,1,1,,2,2,,,,,,,,2,,,,,,4,1,1,,,,,,,,,,,,,,1,,1,1,,1,1,1,2,1,1,2,1,2,2,1,,1,1,3,,1,1,1,1,2,2,2,2,,,,,,,,,,1,1,,,,,,,,,,,,,,
2024,"Pakistan","PAK","South Asia",155833628,150227553,0.526411066131391,1,32,1,4,2,2,0,0,0,0,0,0,4,4,4,4,0,4,3,0,2,,,,,,,,,,2,2,2,2,2,2,2,2,2,,,,,,,,,2,2,2,2,2,2,2,2,,2,,,,2,2,2,,2,,2,,2,2,2,,,2,5,1,4,2,,,,,,,,,,,2,,2,,2,2,,,,,2,,,,,,,,,2,2,,,,,,,,2,,,,,,4,0,2,1,2,1,1,2,2,2,4,2,,,,2,,,,,,,,,,,,,,,,2,2,,,,,,,,,,,,,,,,,,,,,,1,2,,,,,,,,,,,,,,
2024,"Pakistan","PAK","South Asia",155833628,150272504,2.52548585434095,2,23,1,1,1,1,0,0,0,0,1,0,4,4,4,4,0,2,3,0,2,,,,,,,,,,2,2,2,2,2,2,1,2,2,,,,,,,,,2,2,2,1,2,2,2,2,,2,,,,2,2,2,,2,,1,,2,2,1,,,,2,1,1,2,,,,,,,,,,,2,,2,,2,1,2,2,,1,2,,,,,,,,,2,2,,,,,,,,2,,,,,,2,1,1,,,,,,,,,,,,,,1,,1,1,,2,,,2,1,1,1,2,,2,1,,1,1,2,,1,1,1,1,2,2,2,2,,,,,,,,,,1,2,,,,,,,,,,,,,,
2024,"Pakistan","PAK","South Asia",155833628,150306167,0.285730633617055,1,30,2,5,2,1,0,0,0,0,1,0,4,4,4,4,0,2,3,0,2,,,,,,,,,,2,2,1,2,3,2,1,2,2,,,,,,,,,1,3,2,1,1,2,2,2,,2,,,,2,2,2,,2,,1,,2,2,1,,,,1,3,5,2,,,,,,,,,,,2,,2,,2,1,2,2,,1,2,,,,,,,,,2,2,,,,,,,,2,,,,,,4,0,2,2,2,2,2,2,1,1,7,2,,,,1,,,,,,,,,,,,,,,,2,2,,,,,,,,,,,,,,,,,,,,,,2,,2,2,2,2,2,2,2,2,2,1,2,1,,
2024,"Pakistan","PAK","South Asia",155833628,150359272,0.656812001360416,2,60,1,2,1,1,0,0,0,0,1,0,4,4,4,2,0,2,2,0,2,,,,,,,,,,2,2,2,1,1,1,1,2,2,,,,,,,,,1,1,1,1,1,2,2,2,,2,,,,2,2,2,,2,,1,,2,1,2,,,,2,1,2,2,,,,,,,,,,,1,2,1,2,2,1,2,2,,1,2,,,,,,,,,2,2,,,,,,,,1,2,2,1,,2,4,0,1,,,,,,,,,,,,,,2,2,1,1,,2,,,2,2,,1,2,,2,2,2,,,,,,,,,,,,,1,1,1,1,2,1,2,1,1,1,2,,,,,,,,,,,,,,
2024,"Pakistan","PAK","South Asia",155833628,150377893,1.03562633167034,2,28,2,4,1,2,1,1,1,1,1,1,1,4,4,4,1,1,1,1,1,1,1,2,2,,1,1,1,2,,,,,,,,,,,2,2,2,1,1,2,,,,,,,,,2,1,2,2,1,1,,2,2,,2,1,1,,2,1,2,,,,2,1,3,2,,,,2,1,1,,1,1,1,1,1,1,2,2,1,1,1,,,1,2,1,1,,,1,2,,2,2,,,,,,,,2,,,,,,4,1,1,,,,,,,,,,,,,,1,,1,1,,1,1,1,2,1,1,1,1,2,2,1,,1,1,3,,1,1,1,1,1,1,1,1,,,,,,,,,,1,2,,,,,,,,,,,,,,
2024,"Pakistan","PAK","South Asia",155833628,150386994,0.384458650600365,1,27,1,1,2,2,1,0,1,0,1,1,4,1,4,4,0,4,3,1,2,,,,,,,,,,,,,,,,,,,,,,,,,,,2,2,2,1,2,1,2,2,,2,,,,1,2,2,,2,,2,,1,2,2,,,2,2,2,2,2,,,,,,,,,,,2,,2,,2,2,,,,,2,,,,,,,,,1,2,1,2,,,1,1,2,2,,,,,,5,1,2,2,1,1,2,1,2,1,5,1,1,2,2,,,,,,,,,,,,,,,,,1,,4,2,,2,2,2,1,2,2,2,2,2,,,,,,,,,,2,,1,1,2,2,2,2,2,2,2,2,2,2,,
2024,"Pakistan","PAK","South Asia",155833628,150487743,1.50604277160733,1,35,1,3,2,2,0,0,0,0,1,0,4,4,4,4,0,4,3,0,2,,,,,,,,,,2,2,3,2,1,2,1,2,2,,,,,,,,,2,1,2,1,1,2,2,2,,2,,,,2,2,2,,2,,1,,1,1,1,,,,2,1,1,2,,,,,,,,,,,2,,2,,2,2,,,,,2,,,,,,,,,2,2,,,,,,,,2,,,,,,4,0,1,,,,,,,,,,,,,,2,2,2,1,,1,1,1,4,2,,2,2,,2,2,2,,,,,,,,,,,,,1,1,2,2,2,2,2,1,1,1,2,,,,,,,,,,,,,,
2024,"Pakistan","PAK","South Asia",155833628,150631834,0.382472277167481,1,23,2,5,2,2,0,0,0,0,0,1,4,4,4,4,0,4,3,0,2,,,,,,,,,,2,2,1,2,1,2,1,2,2,,,,,,,,,2,2,2,2,2,2,1,2,,1,,,,,2,2,,2,,2,2,2,2,2,,,2,1,2,4,2,,,,,,,,,,,2,,2,,2,2,,,,,2,,,,,,,,,2,2,,,,,,,,2,,,,,,4,0,1,,,,,,,,,,,,,,2,2,2,1,,2,,,3,2,,2,2,,2,2,2,,,,,,,,,,,,,2,2,1,2,2,2,2,2,3,1,2,,,,,,,,,,,,,,
2024,"Pakistan","PAK","South Asia",155833628,150672378,0.705949237149272,2,50,2,3,1,2,0,0,0,0,1,0,4,4,4,4,0,2,2,0,2,,,,,,,,,,2,2,2,2,1,2,1,2,2,,,,,,,,,2,1,2,2,1,2,2,2,,2,,,,2,2,2,,2,,1,,2,2,1,,,,7,,1,2,,,,,,,,,,,1,2,2,,2,1,2,2,,1,2,,,,,,,,,2,2,,,,,,,,2,,,,,,4,0,1,,,,,,,,,,,,,,2,2,1,1,,1,1,1,2,2,,2,2,,2,2,2,,,,,,,,,,,,,1,1,2,2,2,1,2,1,1,1,2,,,,,,,,,,,,,,
2024,"Pakistan","PAK","South Asia",155833628,150732305,0.372231323338915,2,30,1,3,1,1,0,1,1,1,1,1,4,4,4,4,0,1,1,1,2,,,,,,,,,,1,2,1,2,1,2,2,2,2,1,2,1,1,1,1,2,,,,,,,,,2,2,1,,,,,2,2,,2,2,1,2,2,2,2,,,,2,1,1,2,,,,2,2,,4,1,2,,1,1,1,1,2,1,2,1,,,2,,,,,,,,,2,2,,,,,,,,2,,,,,,4,1,1,,,,,,,,,,,,,,1,,2,1,,1,1,1,2,1,1,2,2,,2,1,,1,1,2,,1,1,1,1,2,2,2,2,,,,,,,,,,1,2,,,,,,,,,,,,,,
2024,"Pakistan","PAK","South Asia",155833628,150751357,0.54930144917378,2,22,2,5,2,1,0,0,0,0,1,0,4,4,4,3,0,2,3,0,2,,,,,,,,,,2,2,1,2,2,2,2,2,2,,,,,,,,,2,2,1,2,2,2,2,2,,2,,,,2,2,2,,2,,2,,1,2,2,,,2,5,2,4,1,2,1,,,,,,,,,2,,2,,2,1,2,2,,1,2,,,,,,,,,2,2,,,,,,,,1,2,2,2,2,2,5,0,1,,,,,,,,,,,,,,2,2,1,1,,1,1,2,1,2,,2,2,,2,2,2,,,,,,,,,,,,,1,2,1,2,2,1,2,1,1,1,2,,,,,,,,,,,,,,
2024,"Pakistan","PAK","South Asia",155833628,150764380,1.31570872140495,2,40,1,2,1,1,0,0,0,0,0,0,4,4,4,4,0,2,3,0,2,,,,,,,,,,2,2,2,2,1,1,1,2,2,,,,,,,,,2,1,2,1,2,2,2,2,,2,,,,2,2,2,,2,,2,,2,2,2,,,2,5,1,1,2,,,,,,,,,,,2,,2,,2,1,2,2,,1,2,,,,,,,,,2,2,,,,,,,,2,,,,,,4,0,1,,,,,,,,,,,,,,2,2,1,1,,2,,,2,1,2,2,2,,2,2,2,,,,,,,,,,,,,1,2,2,1,2,2,2,2,1,1,2,,,,,,,,,,,,,,
2024,"Pakistan","PAK","South Asia",155833628,150807942,1.03950139921213,1,16,1,2,2,1,0,0,0,0,1,0,4,4,4,4,0,4,3,0,2,,,,,,,,,,2,2,2,1,1,2,1,2,2,,,,,,,,,2,1,2,1,1,2,2,2,,2,,,,2,2,2,,2,,1,,2,1,2,,,,5,1,3,2,,,,,,,,,,,2,,2,,2,2,,,,,2,,,,,,,,,2,2,,,,,,,,2,,,,,,4,0,2,1,1,2,2,2,1,1,1,2,,,,1,,,,,,,,,,,,,,,,2,2,,,,,,,,,,,,,,,,,,,,,,,,,,,,,,,,,,,,,
2024,"Pakistan","PAK","South Asia",155833628,150867828,2.61972629080662,1,27,1,1,2,1,0,0,0,0,1,0,4,4,4,4,0,4,3,0,2,,,,,,,,,,2,2,2,1,1,1,1,2,2,,,,,,,,,2,1,2,1,2,2,2,2,,2,,,,2,2,2,,2,,1,,1,2,2,,,,5,1,2,1,1,1,,,,,,,,,2,,2,,2,2,,,,,2,,,,,,,,,2,2,,,,,,,,2,,,,,,4,0,2,1,1,1,1,1,8,2,5,2,,,,1,,,,,,,,,,,,,,,,2,2,,,,,,,,,,,,,,,,,,,,,,1,2,,,,,,,,,,,,,,
2024,"Pakistan","PAK","South Asia",155833628,150940784,0.285730633617055,1,30,2,4,2,2,0,0,0,0,1,0,4,4,4,4,0,2,3,0,2,,,,,,,,,,2,2,1,2,2,2,1,2,2,,,,,,,,,2,1,2,1,3,2,2,2,,2,,,,2,2,2,,2,,1,,1,2,2,,,,2,2,1,1,2,2,,,,,,,,,2,,2,,2,1,2,2,,1,2,,,,,,,,,2,2,,,,,,,,2,,,,,,4,1,1,,,,,,,,,,,,,,1,,2,1,,1,1,1,1,2,,2,2,,2,1,,1,1,2,,1,1,1,1,2,2,2,2,,,,,,,,,,1,2,,,,,,,,,,,,,,
2024,"Pakistan","PAK","South Asia",155833628,151022034,0.285730633617055,1,25,1,2,2,1,0,0,0,0,1,0,4,4,4,4,0,2,3,0,2,,,,,,,,,,2,2,3,1,1,2,1,2,3,,,,,,,,,1,1,2,1,2,2,2,2,,2,,,,2,2,2,,2,,1,,2,2,2,,,,7,,2,2,,,,,,,,,,,2,,2,,2,1,2,2,,1,2,,,,,,,,,2,2,,,,,,,,2,,,,,,4,0,2,2,1,2,1,2,2,1,7,2,,,,1,,,,,,,,,,,,,,,,2,2,,,,,,,,,,,,,,,,,,,,,,1,2,,,,,,,,,,,,,,
2024,"Pakistan","PAK","South Asia",155833628,151280480,0.401777965779482,2,40,2,5,1,2,1,1,1,1,1,0,4,4,4,4,0,4,1,1,2,2,2,2,2,,2,2,2,2,,,,,,,,,,,2,2,2,2,2,2,,,,,,,,,2,2,2,,,,2,2,1,1,1,2,1,,1,2,1,,,,3,1,2,2,,,,2,2,,1,2,2,,1,2,1,1,2,2,,,,,2,,,,,,,,,2,2,,,,,,,,2,,,,,,4,0,1,,,,,,,,,,,,,,2,2,1,1,,1,1,1,2,2,,2,2,,2,2,2,,,,,,,,,,,,,1,1,2,2,2,2,2,1,1,1,2,,,,,,,,,,,,,,
2024,"Pakistan","PAK","South Asia",155833628,151303170,0.338447532360629,1,34,1,3,2,1,0,0,0,0,1,1,4,4,4,4,0,4,3,0,2,,,,,,,,,,2,2,1,2,2,2,2,2,2,,,,,,,,,2,2,2,2,1,2,2,2,,1,,,,,2,2,,2,,2,2,2,1,1,,,1,4,1,1,2,,,,,,,,,,,2,,2,,1,2,,,,,2,,,,,,,,,2,2,,,,,,,,2,,,,,,4,0,2,1,1,2,2,1,1,2,1,1,2,2,2,,,,,,,,,,,,,,,,,2,2,,,,,,,,,,,,,,,,,,,,,,1,2,,,,,,,,,,,,,,
2024,"Pakistan","PAK","South Asia",155833628,151352598,2.0372181006014,2,18,1,2,2,1,0,0,0,0,0,0,4,4,4,4,0,4,3,0,2,,,,,,,,,,2,2,1,2,3,2,2,1,1,,,,,,,,,2,2,3,2,1,2,2,2,,2,,,,2,2,2,,2,,2,,2,2,2,,,2,2,1,5,2,,,,,,,,,,,2,,2,,2,2,,,,,2,,,,,,,,,2,2,,,,,,,,2,,,,,,3,1,1,,,,,,,,,,,,,,1,,1,1,,1,1,1,2,1,1,2,2,,2,1,,1,1,3,,1,2,1,1,2,2,2,1,,,,,,,,,,1,2,,,,,,,,,,,,,,
2024,"Pakistan","PAK","South Asia",155833628,151546907,0.285730633617055,1,30,2,4,2,2,1,0,1,0,0,0,4,4,4,4,0,2,3,0,1,2,1,2,2,,2,2,2,2,,,,,,,,,,,,,,,,,,2,1,2,1,1,2,2,2,,2,,,,2,1,2,,2,,2,,2,2,2,,,2,3,1,1,2,,,,2,2,,4,2,2,,2,,2,,2,1,2,2,,1,2,,,,,,,,,2,2,,,,,,,,2,,,,,,2,1,1,,,,,,,,,,,,,,1,,2,1,,2,,,3,1,1,1,2,,2,1,,1,1,3,,2,2,1,1,1,1,1,2,,,,,,,,,,1,2,,,,,,,,,,,,,,
2024,"Pakistan","PAK","South Asia",155833628,151552459,0.480298331682336,2,32,3,5,2,2,0,1,1,1,0,0,4,4,4,4,1,4,3,1,2,,,,,,,,,,2,2,1,2,2,2,2,2,1,1,1,1,1,2,2,2,,,,,,,,,2,2,2,,,,2,2,2,,2,2,2,,2,2,2,,,2,2,1,1,2,,,,2,2,,1,1,1,1,2,,2,,2,2,,,,,2,,,,,,,,,2,2,,,,,,,,2,,,,,,2,1,1,,,,,,,,,,,,,,1,,1,1,,1,1,2,1,1,2,2,2,,1,2,1,1,1,1,,1,1,1,2,2,2,2,2,,,,,,,,,,1,1,,,,,,,,,,,,,,
2024,"Pakistan","PAK","South Asia",155833628,151692476,0.597802856867485,2,19,1,1,2,1,0,0,0,0,1,0,4,4,4,4,0,2,3,0,2,,,,,,,,,,2,2,1,2,2,2,1,2,2,,,,,,,,,2,2,2,1,2,2,2,2,,2,,,,2,2,2,,2,,1,,1,2,1,,,,2,1,2,2,,,,,,,,,,,2,,2,,2,1,2,2,,1,2,,,,,,,,,2,2,,,,,,,,2,,,,,,3,0,1,,,,,,,,,,,,,,2,2,1,1,,1,1,1,2,2,,2,2,,2,2,2,,,,,,,,,,,,,1,2,2,2,2,2,2,2,1,1,2,,,,,,,,,,,,,,
2024,"Pakistan","PAK","South Asia",155833628,151802353,1.46455900155285,2,46,1,1,1,1,0,1,1,1,1,0,2,4,4,4,0,4,1,1,2,,,,,,,,,,2,2,2,2,2,2,1,1,2,1,4,4,3,2,2,2,,,,,,,,,2,2,2,,,,2,2,2,,2,2,1,,2,2,1,,,,4,1,1,1,1,1,1,2,2,,5,2,2,,2,,1,1,2,2,,,,,1,2,2,2,1,,,,,2,2,,,,,,,,2,,,,,,4,0,1,,,,,,,,,,,,,,2,2,1,1,,2,,,2,2,,2,2,,8,2,2,,,,,,,,,,,,,1,8,2,1,2,2,2,1,4,1,2,,,,,,,,,,,,,,
2024,"Pakistan","PAK","South Asia",155833628,151836336,0.764136451073312,2,18,2,5,1,2,1,1,1,1,1,1,1,1,4,4,1,1,1,1,1,1,2,3,3,2,1,1,1,1,,,,,,,,,,,2,2,1,1,1,1,2,,,,,,,,1,1,1,1,1,2,,1,1,1,1,1,1,1,1,1,1,2,,,2,2,2,2,,,,1,1,1,,1,1,1,1,1,1,1,1,1,1,1,,,1,2,1,1,,,1,2,,1,2,2,1,,,3,2,1,2,,,,,,2,1,1,,,,,,,,,,,,,,1,,1,1,,1,1,1,2,1,1,1,1,1,2,1,,1,1,1,,1,1,1,1,1,1,1,1,,,,,,,,,,1,2,,,,,,,,,,,,,,
2024,"Pakistan","PAK","South Asia",155833628,151975725,0.517813165835169,2,30,2,4,1,2,1,1,1,1,0,1,1,1,4,4,1,4,1,1,1,1,1,2,2,,1,1,1,2,,,,,,,,,,,2,2,2,1,1,2,,,,,,,,,1,1,1,1,1,1,,1,2,,2,2,2,2,2,2,2,,,2,2,2,2,2,,,,2,1,1,,1,2,,1,1,1,1,2,2,,,,,1,2,1,1,,,2,2,,1,2,1,1,,,2,2,1,2,,,,,,2,1,1,,,,,,,,,,,,,,1,,1,1,,1,1,1,1,1,1,2,1,2,1,1,,1,1,2,,1,1,1,1,1,1,1,2,,,,,,,,,,1,1,,,,,,,,,,,,,,
2024,"Pakistan","PAK","South Asia",155833628,152116848,1.35814540040093,2,19,2,3,2,2,0,0,0,0,1,0,2,4,4,4,0,4,3,0,2,,,,,,,,,,2,2,2,2,2,2,2,2,2,,,,,,,,,1,1,2,2,1,2,2,2,,2,,,,3,2,2,,2,,1,,1,2,2,,,,3,2,1,2,,,,,,,,,,,2,,2,,2,2,,,,,1,2,2,2,1,,,,,2,2,,,,,,,,2,,,,,,3,1,1,,,,,,,,,,,,,,1,,1,1,,1,1,1,2,1,2,2,2,,2,1,,1,1,2,,2,1,1,2,2,2,2,2,,,,,,,,,,1,2,,,,,,,,,,,,,,
2024,"Pakistan","PAK","South Asia",155833628,152140805,0.387551138458791,2,23,2,5,1,2,1,1,1,1,1,1,1,4,4,4,0,4,3,1,1,1,2,2,2,,1,1,1,2,,,,,,,,,,,2,2,2,1,2,2,,,,,,,,,1,1,2,3,2,2,,2,2,,2,2,1,,2,2,2,,,,1,3,4,2,,,,2,2,,4,1,2,,2,,2,,2,2,,,,,1,2,2,1,,,2,2,,2,2,,,,,,,,2,,,,,,4,1,1,,,,,,,,,,,,,,1,,1,1,,1,1,1,1,1,1,2,2,,2,1,,1,1,2,,1,1,1,2,2,1,2,2,,,,,,,,,,1,2,,,,,,,,,,,,,,
2024,"Pakistan","PAK","South Asia",155833628,152202568,0.525244101747783,2,34,2,5,1,2,1,1,1,1,1,1,1,4,4,4,0,4,1,1,1,1,1,3,2,,1,1,1,2,,,,,,,,,,,2,2,1,1,1,2,,,,,,,,,1,1,2,2,2,2,,2,2,,2,1,1,,2,1,2,,,,2,3,4,2,,,,2,2,,4,1,2,,1,1,1,1,2,2,,,,,1,2,2,1,,,2,2,,2,2,,,,,,,,2,,,,,,4,1,1,,,,,,,,,,,,,,1,,1,1,,1,1,1,1,1,1,1,1,1,2,1,,1,1,1,,1,1,1,2,1,2,2,2,,,,,,,,,,1,2,,,,,,,,,,,,,,
2024,"Pakistan","PAK","South Asia",155833628,152244110,0.285730633617055,1,20,2,5,2,1,0,0,0,0,1,0,4,4,4,4,0,4,3,0,2,,,,,,,,,,2,2,1,2,1,2,1,2,2,,,,,,,,,1,1,2,1,2,2,2,2,,2,,,,2,2,2,,2,,2,,2,2,2,,,1,2,2,2,2,,,,,,,,,,,2,,2,,2,2,,,,,2,,,,,,,,,2,2,,,,,,,,2,,,,,,4,0,1,,,,,,,,,,,,,,1,,2,1,,1,1,1,4,2,,2,1,2,2,2,2,,,,,2,2,2,2,2,2,2,2,,,,,,,,,,2,,2,1,2,2,1,2,1,2,1,1,1,2,,
2024,"Pakistan","PAK","South Asia",155833628,152255433,1.35814540040093,2,24,2,3,1,1,0,0,0,0,1,0,2,4,4,4,0,4,3,0,2,,,,,,,,,,2,2,1,2,1,1,1,2,1,,,,,,,,,2,2,2,1,2,2,2,2,,2,,,,2,2,2,,2,,1,,2,2,1,,,,2,2,4,2,,,,,,,,,,,2,,2,,2,2,,,,,1,2,2,2,1,,,,,2,2,,,,,,,,2,,,,,,4,1,1,,,,,,,,,,,,,,1,,1,1,,1,1,1,1,1,1,2,2,,2,1,,1,1,3,,1,1,1,1,2,2,2,2,,,,,,,,,,1,2,,,,,,,,,,,,,,
2024,"Pakistan","PAK","South Asia",155833628,152291650,1.01588506755741,2,25,1,1,2,2,0,0,0,0,1,0,4,4,4,4,0,2,3,0,2,,,,,,,,,,2,2,1,2,2,1,2,2,2,,,,,,,,,,,,,,,,2,2,2,,,,2,2,2,,1,2,1,,2,2,2,,,,2,2,1,1,2,2,2,2,2,,1,2,2,,2,,2,,2,1,2,2,,1,2,,,,,,,,,2,2,,,,,,,,2,,,,,,5,0,1,,,,,,,,,,,,,,2,2,1,1,,2,,,3,2,,2,1,2,2,2,2,,,,,,,,,,,,,1,8,2,2,2,2,2,2,1,1,2,,,,,,,,,,,,,,
2024,"Pakistan","PAK","South Asia",155833628,152459899,0.466541036987552,2,74,2,5,1,2,1,1,1,1,1,0,1,4,4,4,0,2,1,1,2,2,1,2,2,,2,2,2,2,,,,,,,,,,,2,2,2,2,2,2,,,,,,,,,2,2,2,,,,2,2,2,,2,2,1,,2,2,2,,,,2,1,2,2,,,,2,2,,1,2,2,,1,1,2,,2,1,2,2,,1,1,1,1,1,,,2,1,,2,2,,,,,,,,2,,,,,,4,0,1,,,,,,,,,,,,,,1,,1,1,,1,2,2,2,2,,2,2,,2,2,2,,,,,2,2,2,2,2,2,2,2,,,,,,,,,,1,2,,,,,,,,,,,,,,
2024,"Pakistan","PAK","South Asia",155833628,152468055,0.285730633617055,1,32,1,5,2,1,1,0,1,0,1,0,4,4,4,4,0,2,3,0,2,2,2,4,4,2,2,2,2,2,,,,,,,,,,,,,,,,,,2,2,2,2,2,2,2,2,,2,,,,2,2,2,,2,,2,,2,2,2,,,1,2,3,4,2,,,,2,2,,4,2,2,,2,,2,,2,1,2,2,,1,2,,,,,,,,,2,2,,,,,,,,2,,,,,,3,0,2,1,1,2,1,2,1,2,4,2,,,,2,,,,,,,,,,,,,,,,2,2,,,,,,,,,,,,,,,,,,,,,,1,2,,,,,,,,,,,,,,
2024,"Pakistan","PAK","South Asia",155833628,152478807,0.873242096935539,1,34,1,3,1,1,0,0,0,0,1,0,4,4,4,4,0,4,3,0,2,,,,,,,,,,2,2,2,2,2,2,2,2,2,,,,,,,,,2,2,2,2,2,2,2,2,,2,,,,2,2,2,,2,,1,,1,2,2,,,,3,1,1,2,,,,,,,,,,,2,,2,,2,2,,,,,2,,,,,,,,,2,2,,,,,,,,2,,,,,,4,0,1,,,,,,,,,,,,,,2,2,1,1,,2,,,2,2,,2,2,,2,2,2,,,,,,,,,,,,,1,1,1,1,2,2,2,1,1,1,2,,,,,,,,,,,,,,
2024,"Pakistan","PAK","South Asia",155833628,152489966,0.995439768497347,2,18,2,5,2,2,0,0,0,0,1,0,4,4,4,4,0,2,2,0,2,,,,,,,,,,2,2,1,2,2,2,2,1,2,,,,,,,,,2,2,1,2,2,2,2,2,,2,,,,2,2,2,,2,,2,,2,2,1,,,1,2,2,4,1,2,2,,,,,,,,,2,,1,2,2,1,2,2,,1,2,,,,,,,,,2,2,,,,,,,,2,,,,,,5,1,1,,,,,,,,,,,,,,1,,2,1,,1,1,1,1,1,1,2,1,2,2,1,,1,1,3,,1,1,1,1,2,2,2,2,,,,,,,,,,2,,2,2,2,2,1,2,2,1,1,1,2,2,,
2024,"Pakistan","PAK","South Asia",155833628,152523425,0.38414104987892,2,50,2,2,1,1,1,0,1,0,1,0,4,4,4,1,0,2,3,1,2,2,2,3,3,1,2,2,2,2,,,,,,,,,,,,,,,,,,2,2,2,1,2,1,2,2,,2,,,,2,2,2,,2,,1,,1,1,1,,,,5,2,2,2,,,,2,2,,4,2,2,,2,,2,,2,1,2,2,,1,2,,,,,,,,,2,2,,,,,,,,1,1,2,,,2,4,0,1,,,,,,,,,,,,,,2,2,2,1,,1,1,1,2,2,,2,1,2,2,2,2,,,,,,,,,,,,,1,2,2,2,2,2,2,1,8,1,2,,,,,,,,,,,,,,
2024,"Pakistan","PAK","South Asia",155833628,152630422,0.689645865328088,1,40,1,4,2,1,0,0,0,0,1,0,4,4,4,4,0,4,3,0,2,,,,,,,,,,2,2,3,3,2,2,1,2,2,,,,,,,,,3,3,3,1,2,2,2,2,,2,,,,2,2,2,,2,,2,,1,2,3,,,1,2,1,6,1,2,1,,,,,,,,,2,,2,,2,2,,,,,2,,,,,,,,,2,2,,,,,,,,2,,,,,,4,0,2,1,1,2,8,1,8,2,5,2,,,,1,,,,,,,,,,,,,,,,2,2,,,,,,,,,,,,,,,,,,,,,,1,3,,,,,,,,,,,,,,
2024,"Pakistan","PAK","South Asia",155833628,152678131,0.526325579406333,1,29,2,4,1,2,0,0,0,0,1,0,2,4,4,4,0,2,1,0,2,,,,,,,,,,2,2,1,2,1,2,1,2,2,,,,,,,,,2,2,2,1,2,2,2,2,,2,,,,2,2,2,,2,,1,,1,2,1,,,,5,1,1,2,,,,,,,,,,,2,,1,1,2,1,2,2,,1,1,2,2,2,1,,,,,2,2,,,,,,,,2,,,,,,4,0,1,,,,,,,,,,,,,,2,2,2,1,,1,1,2,1,2,,2,2,,2,2,2,,,,,,,,,,,,,1,1,2,2,2,2,2,2,1,1,2,,,,,,,,,,,,,,
2024,"Pakistan","PAK","South Asia",155833628,152723993,0.955184857620922,2,16,1,2,2,2,0,0,0,0,0,0,4,4,4,4,0,4,3,0,2,,,,,,,,,,2,2,2,2,2,2,2,2,2,,,,,,,,,2,2,2,2,2,2,2,2,,2,,,,2,2,2,,2,,2,,2,2,2,,,2,2,1,2,2,,,,,,,,,,,2,,2,,2,2,,,,,2,,,,,,,,,2,2,,,,,,,,2,,,,,,3,0,2,2,2,2,2,2,2,2,,8,,,,1,,,,,,,,,,,,,,,,2,2,,,,,,,,,,,,,,,,,,,,,,,,,,,,,,,,,,,,,
2024,"Pakistan","PAK","South Asia",155833628,152776652,0.861923362832306,1,25,1,4,2,2,0,0,0,0,1,0,4,4,4,4,0,4,3,0,2,,,,,,,,,,2,2,2,2,2,2,2,2,2,,,,,,,,,2,2,2,2,2,2,2,2,,2,,,,2,2,2,,2,,2,,1,2,2,,,1,5,1,4,2,,,,,,,,,,,2,,2,,2,2,,,,,2,,,,,,,,,2,2,,,,,,,,2,,,,,,4,0,2,2,1,1,1,2,1,1,3,2,,,,2,,,,,,,,,,,,,,,,2,2,,,,,,,,,,,,,,,,,,,,,,1,2,,,,,,,,,,,,,,
2024,"Pakistan","PAK","South Asia",155833628,152801783,0.285730633617055,1,35,2,5,2,1,0,0,0,0,1,0,4,4,4,2,0,2,3,0,2,,,,,,,,,,2,2,2,2,2,2,2,2,2,,,,,,,,,2,2,2,2,2,2,2,2,,2,,,,2,2,2,,2,,1,,2,2,2,,,,5,1,4,2,,,,,,,,,,,2,,2,,2,1,2,2,,1,2,,,,,,,,,2,2,,,,,,,,1,2,2,1,,2,4,0,1,,,,,,,,,,,,,,1,,1,1,,2,,,2,1,2,2,2,,2,2,2,,,,,2,2,2,2,2,2,2,2,,,,,,,,,,1,2,,,,,,,,,,,,,,
2024,"Pakistan","PAK","South Asia",155833628,152911602,1.81344242267111,2,40,1,1,1,1,0,0,0,0,1,0,4,4,4,2,0,4,2,0,2,,,,,,,,,,2,2,2,1,1,2,1,2,2,,,,,,,,,2,2,2,2,1,2,2,2,,2,,,,2,2,2,,2,,1,,1,2,2,,,,7,,1,1,2,1,,,,,,,,,1,2,2,,2,2,,,,,2,,,,,,,,,2,2,,,,,,,,1,2,2,1,,2,4,0,1,,,,,,,,,,,,,,2,2,1,1,,2,,,2,2,,2,2,,2,2,2,,,,,,,,,,,,,1,2,2,1,2,2,2,1,1,1,2,,,,,,,,,,,,,,
2024,"Pakistan","PAK","South Asia",155833628,152977579,0.405437388767025,1,47,2,5,2,1,0,0,0,0,1,0,4,4,4,4,0,4,3,0,2,,,,,,,,,,2,2,2,1,1,2,1,2,2,,,,,,,,,2,1,2,1,1,2,2,2,,2,,,,2,2,2,,2,,1,,2,1,2,,,,2,1,5,2,,,,,,,,,,,2,,2,,2,2,,,,,2,,,,,,,,,2,2,,,,,,,,2,,,,,,4,0,2,1,1,1,1,2,2,2,1,2,,,,1,,,,,,,,,,,,,,,,2,2,,,,,,,,,,,,,,,,,,,,,,1,2,,,,,,,,,,,,,,
2024,"Pakistan","PAK","South Asia",155833628,153046768,0.372231323338915,2,34,2,5,1,1,1,1,1,1,1,1,4,4,4,1,0,2,1,1,1,2,2,2,2,,1,2,2,2,,,,,,,,,,,2,2,1,1,2,2,,,,,,,,,2,1,1,2,2,1,,2,2,,2,1,1,1,2,2,2,,,,2,2,4,2,,,,2,2,,4,2,2,,1,1,1,1,2,1,2,2,,1,2,,,,,,,,,2,2,,,,,,,,1,2,1,,,1,4,1,1,,,,,,,,,,,,,,1,,1,1,,1,1,1,2,1,1,2,2,,2,1,,1,1,2,,1,1,1,2,2,2,2,2,,,,,,,,,,1,2,,,,,,,,,,,,,,
2024,"Pakistan","PAK","South Asia",155833628,153117193,0.567345305676746,1,20,1,5,2,1,0,0,0,0,0,0,4,4,4,4,0,4,3,0,2,,,,,,,,,,2,2,3,1,1,1,1,2,3,,,,,,,,,2,3,1,1,2,2,2,2,,2,,,,2,2,2,,3,,2,,3,3,2,,,3,7,,5,2,,,,,,,,,,,2,,2,,2,2,,,,,2,,,,,,,,,2,2,,,,,,,,2,,,,,,5,0,2,1,1,2,2,1,2,2,5,2,,,,1,,,,,,,,,,,,,,,,2,2,,,,,,,,,,,,,,,,,,,,,,2,,2,3,2,1,1,2,3,1,1,2,2,1,,
2024,"Pakistan","PAK","South Asia",155833628,153178300,1.41342843902546,2,30,1,5,1,2,1,0,1,0,0,1,4,4,4,4,0,1,3,1,2,,,,,,,,,,,,,,,,,,,,,,,,,,,2,2,2,2,2,1,1,2,,2,,,,1,2,2,,2,,2,,2,2,2,,,2,1,3,2,2,,,,,,,,,,,2,,2,,2,1,1,2,1,,2,,,,,,,,,2,2,,,,,,,,2,,,,,,3,1,1,,,,,,,,,,,,,,1,,1,1,,1,1,1,2,2,,2,2,,2,1,,1,1,2,,1,1,1,1,2,2,2,2,,,,,,,,,,1,2,,,,,,,,,,,,,,
2024,"Pakistan","PAK","South Asia",155833628,153185762,0.308439555424588,1,40,1,2,2,1,0,0,0,0,0,1,4,4,4,4,0,4,3,0,2,,,,,,,,,,2,2,1,2,2,2,2,2,2,,,,,,,,,2,2,2,2,2,2,2,2,,1,,,,,2,2,,2,,2,2,2,2,2,,,2,1,1,4,2,,,,,,,,,,,2,,2,,2,2,,,,,2,,,,,,,,,2,2,,,,,,,,2,,,,,,4,0,1,,,,,,,,,,,,,,2,2,1,2,,2,,,3,2,,1,2,,2,2,2,,,,,,,,,,,,,2,2,2,2,2,2,2,2,,1,2,,,,,,,,,,,,,,
2024,"Pakistan","PAK","South Asia",155833628,153191523,0.285730633617055,1,32,2,5,2,2,0,1,1,1,1,1,3,4,4,1,0,4,1,1,2,,,,,,,,,,2,2,2,2,2,2,2,2,2,1,3,2,2,1,2,2,,,,,,,,,2,1,1,2,2,2,,2,2,,2,2,2,2,1,2,1,,,1,2,1,1,1,1,1,2,2,2,,4,1,2,,1,1,1,1,2,2,,,,,1,2,2,2,2,2,,,,2,2,,,,,,,,1,2,1,,,2,5,1,1,,,,,,,,,,,,,,1,,2,1,,1,1,1,2,1,2,2,1,2,2,2,1,1,1,2,,2,2,2,1,2,2,2,2,,,,,,,,,,1,2,,,,,,,,,,,,,,
2024,"Pakistan","PAK","South Asia",155833628,153266735,1.71138259884262,2,31,1,3,1,2,0,0,0,0,1,1,2,4,4,4,0,2,3,0,2,,,,,,,,,,2,2,1,2,2,2,2,2,1,,,,,,,,,2,2,2,1,1,2,2,2,,1,,,,,2,2,,2,,1,2,2,2,1,,,,7,,1,2,,,,,,,,,,,2,,2,,2,1,2,2,,1,1,2,2,2,1,,,,,2,2,,,,,,,,2,,,,,,4,0,1,,,,,,,,,,,,,,2,2,1,1,,2,,,2,2,,2,2,,2,2,2,,,,,,,,,,,,,1,1,2,1,2,2,2,1,2,1,2,,,,,,,,,,,,,,
2024,"Pakistan","PAK","South Asia",155833628,153394149,1.50604277160733,1,40,1,4,2,2,0,0,0,0,0,0,4,4,4,4,0,4,2,0,2,,,,,,,,,,2,2,3,2,1,1,2,2,2,,,,,,,,,1,1,2,2,1,2,2,2,,2,,,,2,2,2,,2,,2,,2,2,2,,,2,1,2,5,2,,,,,,,,,,,2,,1,2,2,2,,,,,2,,,,,,,,,2,2,,,,,,,,2,,,,,,5,0,2,1,1,2,2,1,1,1,5,2,,,,1,,,,,,,,,,,,,,,,2,2,,,,,,,,,,,,,,,,,,,,,,1,2,,,,,,,,,,,,,,
2024,"Pakistan","PAK","South Asia",155833628,153431135,1.28131363991978,2,34,2,2,1,1,0,0,0,0,1,1,4,4,4,4,0,4,3,0,2,,,,,,,,,,2,2,1,1,1,2,2,2,2,,,,,,,,,1,1,1,1,2,2,2,2,,1,,,,,2,2,,2,,1,2,2,2,1,,,,2,2,3,2,,,,,,,,,,,2,,2,,2,2,,,,,2,,,,,,,,,2,2,,,,,,,,2,,,,,,4,1,1,,,,,,,,,,,,,,1,,1,1,,1,1,1,2,1,1,2,2,,2,1,,1,1,2,,1,1,1,2,2,2,2,2,,,,,,,,,,1,2,,,,,,,,,,,,,,
2024,"Pakistan","PAK","South Asia",155833628,153794302,1.53917948581428,1,16,1,5,2,1,0,0,0,0,1,0,4,4,4,4,0,4,3,0,2,,,,,,,,,,2,2,3,2,2,2,2,2,2,,,,,,,,,2,2,2,2,2,2,2,2,,2,,,,2,2,2,,2,,1,,1,2,2,,,,7,,5,2,,,,,,,,,,,2,,2,,2,2,,,,,2,,,,,,,,,2,2,,,,,,,,2,,,,,,4,0,2,2,2,2,2,2,8,2,,2,,,,1,,,,,,,,,,,,,,,,2,2,,,,,,,,,,,,,,,,,,,,,,,,,,,,,,,,,,,,,
2024,"Pakistan","PAK","South Asia",155833628,153844491,0.828066518755845,1,45,1,1,2,2,0,0,0,0,1,0,4,4,4,4,0,4,3,0,2,,,,,,,,,,2,2,2,3,2,2,2,2,2,,,,,,,,,2,2,2,2,2,2,2,2,,2,,,,2,2,2,,2,,2,,2,2,1,,,2,2,1,1,2,,,,,,,,,,,2,,2,,2,2,,,,,2,,,,,,,,,2,2,,,,,,,,2,,,,,,4,0,1,,,,,,,,,,,,,,2,2,2,1,,2,,,8,2,,2,2,,2,2,2,,,,,,,,,,,,,1,8,2,1,1,2,2,2,1,1,2,,,,,,,,,,,,,,
2024,"Pakistan","PAK","South Asia",155833628,153863818,2.8674876971448,2,35,1,3,1,1,1,0,1,0,1,1,4,4,4,4,0,4,3,0,1,2,1,2,2,,2,2,2,2,,,,,,,,,,,,,,,,,,2,2,2,2,2,2,2,2,,1,,,,,2,2,,2,,1,1,2,2,2,,,,2,2,5,2,,,,2,2,,1,2,2,,2,,2,,2,2,,,,,2,,,,,,,,,2,2,,,,,,,,2,,,,,,1,0,1,,,,,,,,,,,,,,2,2,1,3,,1,1,2,2,2,,2,2,,2,2,2,,,,,,,,,,,,,2,1,1,1,2,1,2,1,8,1,2,,,,,,,,,,,,,,
2024,"Pakistan","PAK","South Asia",155833628,153874156,3.36249473672386,2,60,1,3,1,1,0,0,0,0,1,1,4,4,4,4,0,2,3,0,2,,,,,,,,,,2,2,2,1,1,2,1,2,2,,,,,,,,,2,1,2,1,2,2,2,2,,1,,,,,2,2,,2,,1,2,2,2,2,,,,5,1,1,2,,,,,,,,,,,2,,2,,2,1,2,2,,1,2,,,,,,,,,2,2,,,,,,,,2,,,,,,4,0,1,,,,,,,,,,,,,,2,2,2,1,,2,,,2,2,,2,2,,2,2,2,,,,,,,,,,,,,1,2,2,1,2,2,2,1,8,1,2,,,,,,,,,,,,,,
2024,"Pakistan","PAK","South Asia",155833628,153944140,0.819635592313346,1,20,2,4,2,1,0,0,0,0,1,0,4,4,4,4,0,2,3,0,2,,,,,,,,,,2,2,2,1,1,2,1,2,2,,,,,,,,,1,1,2,1,2,2,2,2,,2,,,,2,2,2,,2,,1,,2,1,2,,,,8,,5,1,2,2,,,,,,,,,2,,2,,2,1,2,2,,1,2,,,,,,,,,2,2,,,,,,,,2,,,,,,4,0,2,1,1,2,2,2,8,2,1,2,,,,1,,,,,,,,,,,,,,,,2,2,,,,,,,,,,,,,,,,,,,,,,2,,2,1,1,2,2,2,3,2,2,2,2,2,,
2024,"Pakistan","PAK","South Asia",155833628,153988479,0.416139545936172,2,34,1,5,2,1,0,0,0,0,0,0,4,4,4,4,0,4,3,0,2,,,,,,,,,,2,2,2,2,2,2,2,2,2,,,,,,,,,2,2,2,2,2,2,2,2,,2,,,,2,2,2,,2,,2,,2,2,2,,,2,2,2,4,2,,,,,,,,,,,2,,2,,2,2,,,,,2,,,,,,,,,2,2,,,,,,,,2,,,,,,4,0,1,,,,,,,,,,,,,,1,,1,1,,1,1,1,1,2,,2,2,,2,2,2,,,,,2,1,1,1,2,2,2,2,,,,,,,,,,1,2,,,,,,,,,,,,,,
2024,"Pakistan","PAK","South Asia",155833628,154054884,0.285730633617055,1,35,2,5,2,2,0,0,0,0,0,0,4,4,4,4,0,2,3,0,2,,,,,,,,,,2,2,2,2,2,2,2,2,2,,,,,,,,,2,2,2,1,2,2,2,2,,2,,,,2,2,2,,2,,2,,2,2,2,,,2,2,1,2,2,,,,,,,,,,,2,,2,,2,1,2,2,,1,2,,,,,,,,,2,2,,,,,,,,2,,,,,,4,0,1,,,,,,,,,,,,,,2,2,2,3,,1,1,1,1,2,,2,2,,2,2,2,,,,,,,,,,,,,1,1,2,2,1,2,2,1,1,1,3,,,,,,,,,,,,,,
2024,"Pakistan","PAK","South Asia",155833628,154149213,2.359954359486,1,65,1,2,2,2,0,0,0,0,1,1,4,4,4,4,0,4,3,0,2,,,,,,,,,,2,1,1,2,1,1,2,1,1,,,,,,,,,2,2,2,2,1,2,2,1,,2,2,1,1,,2,2,,1,,1,,2,1,2,,,,2,1,1,2,,,,,,,,,,,2,,2,,2,2,,,,,2,,,,,,,,,2,2,,,,,,,,2,,,,,,1,0,2,1,1,1,1,2,1,1,4,1,1,2,2,,,,,,,,,,,,,,,,,2,2,,,,,,,,,,,,,,,,,,,,,,1,2,,,,,,,,,,,,,,
2024,"Pakistan","PAK","South Asia",155833628,154306258,0.934562873373869,2,40,1,2,1,1,0,0,0,0,0,0,2,4,4,4,0,4,3,0,2,,,,,,,,,,2,2,2,1,1,1,1,2,2,,,,,,,,,1,1,1,1,1,2,2,2,,2,,,,2,2,2,,2,,2,,2,2,2,,,2,7,,4,1,1,1,,,,,,,,,2,,2,,2,2,,,,,1,2,2,2,1,,,,,2,2,,,,,,,,2,,,,,,3,0,1,,,,,,,,,,,,,,2,2,1,1,,1,1,1,1,2,,2,1,2,2,2,2,,,,,,,,,,,,,1,1,2,1,2,1,2,1,1,1,2,,,,,,,,,,,,,,
2024,"Pakistan","PAK","South Asia",155833628,154452589,0.515831028747322,2,25,2,4,1,2,1,1,1,1,1,0,1,4,4,4,0,2,2,1,2,1,1,2,2,,2,2,2,2,,,,,,,,,,,2,2,2,2,2,2,,,,,,,,,2,2,2,,,,2,2,2,,1,2,2,,1,1,1,,,,2,1,2,2,,,,2,2,,1,1,2,,1,2,2,,2,1,2,2,,1,1,2,2,1,,,2,1,,2,2,,,,,,,,2,,,,,,4,1,2,1,1,1,2,1,2,1,2,2,,,,1,,,,,,,,,,,,,,,,1,,1,2,,1,2,2,1,1,2,2,2,1,,,,,,,,,,1,2,,,,,,,,,,,,,,
2024,"Pakistan","PAK","South Asia",155833628,154578657,2.24871110307612,2,24,2,4,2,2,0,1,1,1,0,1,4,4,4,4,0,4,3,1,2,,,,,,,,,,2,2,1,2,2,1,4,1,1,1,3,3,2,2,2,2,,,,,,,,,2,1,2,2,2,2,,2,2,,2,2,2,,2,2,2,,,2,1,2,3,2,,,,2,2,,1,2,2,,2,,2,,1,2,,,,,2,,,,,,,,,2,2,,,,,,,,2,,,,,,1,1,2,2,2,2,2,2,1,2,6,1,1,1,2,,,,,,,,,,,,,,,,,1,,1,1,2,,1,1,1,2,2,2,1,2,,,,,,,,,,1,2,,,,,,,,,,,,,,
2024,"Pakistan","PAK","South Asia",155833628,154630260,0.372231323338915,2,32,1,3,2,1,0,0,0,0,1,1,4,4,4,4,0,4,3,0,2,,,,,,,,,,2,2,2,1,1,1,1,2,1,,,,,,,,,1,1,1,1,1,2,2,2,,1,,,,,2,2,,2,,1,2,2,1,2,,,,2,2,4,2,,,,,,,,,,,2,,2,,2,2,,,,,2,,,,,,,,,2,2,,,,,,,,2,,,,,,4,1,1,,,,,,,,,,,,,,1,,1,1,,1,1,1,2,1,1,1,1,2,2,1,,1,1,3,,1,1,1,1,2,2,2,2,,,,,,,,,,1,2,,,,,,,,,,,,,,
2024,"Pakistan","PAK","South Asia",155833628,154695724,0.285730633617055,2,38,1,5,1,2,1,0,1,1,1,1,1,4,4,4,0,1,1,1,1,1,1,2,1,,2,1,2,2,,,,,,,,,,,,,,,,,,,,,,,,,2,1,2,3,2,2,,2,2,,2,2,1,,2,2,2,,,,2,2,4,2,,,,2,2,,4,1,2,,1,1,1,2,2,1,2,1,,,1,2,1,2,,,2,2,,2,2,,,,,,,,2,,,,,,3,1,1,,,,,,,,,,,,,,1,,1,1,,1,1,1,1,1,1,2,1,2,2,1,,1,1,3,,1,1,1,1,2,2,2,2,,,,,,,,,,1,2,,,,,,,,,,,,,,
2024,"Pakistan","PAK","South Asia",155833628,154767725,0.503779555551112,2,36,1,3,1,2,0,1,1,1,0,0,1,4,4,1,0,4,1,1,2,,,,,,,,,,2,2,1,2,2,1,1,1,2,1,3,2,2,1,2,2,,,,,,,,,2,2,2,,,,2,2,2,,2,2,2,,2,2,2,,,2,5,2,2,2,,,,1,2,,4,2,2,,1,1,1,1,2,2,,,,,1,2,2,1,,,1,1,,2,2,,,,,,,,1,2,1,,,2,2,0,1,,,,,,,,,,,,,,2,2,1,1,,2,,,2,1,1,2,2,,2,2,2,,,,,,,,,,,,,1,2,2,2,2,2,2,2,1,1,1,,,,,,,,,,,,,,
2024,"Pakistan","PAK","South Asia",155833628,154805457,0.387551138458791,2,24,2,4,1,2,1,1,1,1,1,1,4,4,4,4,0,2,1,1,1,1,1,2,2,,1,2,1,2,,,,,,,,,,,1,2,2,1,2,2,,,,,,,,,1,2,2,2,1,2,,2,2,,2,1,1,,1,2,1,,,,3,2,2,2,,,,2,2,,1,2,2,,1,1,1,1,1,1,2,2,,1,2,,,,,,,,,2,2,,,,,,,,2,,,,,,4,1,1,,,,,,,,,,,,,,1,,1,1,,1,1,1,1,1,1,2,1,2,1,1,,1,1,2,,1,1,1,1,2,1,2,2,,,,,,,,,,1,2,,,,,,,,,,,,,,
2024,"Pakistan","PAK","South Asia",155833628,154864062,1.3691961068868,2,38,2,2,1,1,0,0,0,0,1,0,2,4,4,4,0,4,3,0,2,,,,,,,,,,2,2,1,2,2,2,1,2,1,,,,,,,,,2,1,2,2,2,2,2,2,,2,,,,2,2,2,,2,,1,,2,2,1,,,,2,1,4,2,,,,,,,,,,,2,,2,,2,2,,,,,1,2,2,2,1,,,,,2,2,,,,,,,,2,,,,,,4,1,1,,,,,,,,,,,,,,1,,1,1,,1,1,1,1,1,1,2,2,,2,1,,1,1,2,,1,1,1,2,2,2,2,2,,,,,,,,,,1,2,,,,,,,,,,,,,,
2024,"Pakistan","PAK","South Asia",155833628,155137613,3.36249473672386,1,16,1,2,2,1,0,0,0,0,1,1,4,4,4,4,0,2,,0,2,,,,,,,,,,2,2,2,2,1,2,1,2,2,,,,,,,,,3,3,2,2,2,2,2,2,,2,,,,1,2,2,,2,,1,,2,2,2,,,,2,1,1,1,2,2,,,,,,,,,3,,2,,2,1,2,2,,1,2,,,,,,,,,2,2,,,,,,,,2,,,,,,4,0,2,1,8,2,1,1,2,2,5,2,,,,2,,,,,,,,,,,,,,,,2,2,,,,,,,,,,,,,,,,,,,,,,,,,,,,,,,,,,,,,
2024,"Pakistan","PAK","South Asia",155833628,155205691,1.49914073538408,2,19,2,5,2,2,0,0,0,0,1,0,4,4,4,4,0,4,3,0,2,,,,,,,,,,2,2,1,2,1,1,1,1,2,,,,,,,,,2,2,1,2,2,2,2,2,,2,,,,2,2,2,,2,,2,,2,2,1,,,2,7,,5,2,,,,,,,,,,,2,,2,,2,2,,,,,2,,,,,,,,,2,2,,,,,,,,2,,,,,,4,1,1,,,,,,,,,,,,,,1,,2,1,,1,1,1,1,1,1,2,2,,2,1,,1,1,2,,1,1,1,1,2,2,2,2,,,,,,,,,,1,2,,,,,,,,,,,,,,
2024,"Pakistan","PAK","South Asia",155833628,155267457,0.503779555551112,2,35,1,5,1,2,1,1,1,1,1,1,1,1,1,1,1,1,1,1,1,1,1,1,1,,1,1,1,2,,,,,,,,,,,1,2,2,1,2,2,,,,,,,,,1,1,1,3,1,1,,1,1,2,1,2,1,1,1,2,1,,,,6,3,1,2,,,,1,1,1,,1,1,1,1,1,1,1,1,1,1,1,,,1,1,1,1,,,1,1,,1,1,1,1,,,1,1,2,1,1,1,,,1,4,1,1,,,,,,,,,,,,,,1,,1,1,,1,1,1,1,1,1,1,1,1,2,1,,1,2,,1,1,1,1,1,1,1,1,1,,,,,,,,,,1,2,,,,,,,,,,,,,,
2024,"Pakistan","PAK","South Asia",155833628,155451140,1.64712097879253,2,70,1,4,2,2,0,0,0,0,1,0,4,4,4,4,0,4,3,0,2,,,,,,,,,,2,2,2,2,2,2,1,2,2,,,,,,,,,2,2,2,1,2,2,2,2,,2,,,,2,2,2,,2,,2,,2,2,1,,,2,7,,2,2,,,,,,,,,,,2,,2,,2,2,,,,,2,,,,,,,,,2,2,,,,,,,,2,,,,,,4,0,1,,,,,,,,,,,,,,2,2,1,1,,2,,,2,2,,2,2,,2,2,2,,,,,,,,,,,,,1,2,2,2,2,2,2,1,8,1,2,,,,,,,,,,,,,,
2024,"Pakistan","PAK","South Asia",155833628,155627322,0.285730633617055,1,28,2,5,2,1,0,1,1,1,1,0,4,4,4,4,0,4,3,1,2,,,,,,,,,,2,2,1,2,2,2,1,1,2,1,2,2,2,2,2,2,,,,,,,,,2,2,2,,,,2,2,2,,2,2,1,,2,2,2,,,,2,1,2,2,,,,2,2,,4,2,2,,2,,2,,2,2,,,,,2,,,,,,,,,2,2,,,,,,,,2,,,,,,2,1,2,1,2,2,2,2,2,1,7,1,1,2,2,,,,,,,,,,,,,,,,,1,,1,1,3,,1,1,1,1,2,2,2,2,,,,,,,,,,1,2,,,,,,,,,,,,,,
2024,"Pakistan","PAK","South Asia",155833628,155701863,0.471142813008486,2,30,2,5,1,1,1,1,1,1,1,1,1,3,4,4,0,2,1,1,1,1,1,3,3,1,1,2,2,2,,,,,,,,,,,3,3,3,1,1,1,2,,,,,,,,1,2,1,3,2,2,,2,2,,2,2,1,1,2,2,2,,,,2,2,3,2,,,,2,2,,3,1,2,,2,,1,1,1,1,2,2,,1,1,1,1,1,,,1,1,,1,2,2,2,2,2,,,,2,,,,,,4,1,1,,,,,,,,,,,,,,1,,1,1,,1,1,1,1,1,1,1,1,1,1,1,,2,1,2,,1,1,1,1,2,2,2,2,,,,,,,,,,1,2,,,,,,,,,,,,,,
2024,"Pakistan","PAK","South Asia",155833628,155858439,1.65673123382251,2,28,1,4,1,2,1,0,1,1,1,1,1,4,4,4,0,2,3,1,2,1,1,2,2,,2,2,2,2,,,,,,,,,,,,,,,,,,2,1,2,1,1,1,2,1,,1,2,2,2,,2,2,,2,,1,1,1,2,1,,,,2,3,1,2,,,,2,2,,4,2,2,,2,,2,,2,1,2,2,,1,1,2,1,2,,,2,1,,2,2,,,,,,,,2,,,,,,4,1,1,,,,,,,,,,,,,,1,,1,1,,1,1,1,4,2,,2,2,,2,1,,1,1,2,,1,1,1,1,2,2,2,2,,,,,,,,,,1,2,,,,,,,,,,,,,,
2024,"Pakistan","PAK","South Asia",155833628,156010422,1.35814540040093,2,17,2,4,1,2,0,0,0,0,0,0,4,4,4,4,0,4,3,0,2,,,,,,,,,,2,2,1,2,2,2,1,2,2,,,,,,,,,2,1,2,1,1,1,2,2,,2,,,,2,2,2,,2,,2,,2,2,2,,,2,2,1,3,2,,,,,,,,,,,2,,2,,2,2,,,,,2,,,,,,,,,2,2,,,,,,,,2,,,,,,4,1,1,,,,,,,,,,,,,,1,,2,1,,1,1,1,2,1,1,2,2,,2,1,,1,1,2,,1,1,1,2,2,2,2,2,,,,,,,,,,,,,,,,,,,,,,,,,
2024,"Pakistan","PAK","South Asia",155833628,156034477,0.412970153573412,2,29,2,4,1,1,0,1,1,1,1,1,1,4,4,4,0,1,1,1,2,,,,,,,,,,2,2,2,2,2,2,1,2,2,1,2,2,2,1,2,2,,,,,,,,,2,1,2,2,2,2,,2,2,,2,1,1,,2,2,2,,,,2,2,2,2,,,,2,2,,4,1,2,,1,1,1,1,2,1,2,1,,,1,2,2,1,,,2,2,,2,2,,,,,,,,2,,,,,,4,1,1,,,,,,,,,,,,,,1,,1,1,,1,1,1,2,1,1,2,1,2,2,1,,1,1,2,,1,1,1,1,2,2,2,2,,,,,,,,,,1,2,,,,,,,,,,,,,,
2024,"Pakistan","PAK","South Asia",155833628,156038787,0.70952539934746,1,21,1,3,1,1,0,0,0,0,1,1,4,4,4,4,0,4,3,0,2,,,,,,,,,,2,2,3,3,2,2,2,2,2,,,,,,,,,3,2,2,2,2,2,2,2,,1,,,,,2,2,,2,,1,2,1,2,1,,,,2,1,1,1,1,1,,,,,,,,,2,,2,,2,2,,,,,2,,,,,,,,,2,2,,,,,,,,2,,,,,,3,1,1,,,,,,,,,,,,,,1,,2,1,,1,1,1,2,2,,2,2,,2,2,1,2,1,2,,1,1,2,2,2,2,2,2,,,,,,,,,,1,2,,,,,,,,,,,,,,
2024,"Pakistan","PAK","South Asia",155833628,156078878,0.776698212584042,1,17,2,5,2,2,0,0,0,0,1,0,4,4,4,4,0,2,2,0,2,,,,,,,,,,2,2,1,3,3,1,2,1,1,,,,,,,,,2,2,1,2,1,2,2,2,,2,,,,2,2,2,,2,,2,,1,2,2,,,1,2,2,3,1,2,2,,,,,,,,,1,2,1,2,2,1,2,2,,1,2,,,,,,,,,2,2,,,,,,,,2,,,,,,5,1,1,,,,,,,,,,,,,,1,,2,1,,1,1,1,2,1,1,2,1,2,2,1,,1,1,3,,1,1,1,1,2,2,2,2,,,,,,,,,,,,,,,,,,,,,,,,,
2024,"Pakistan","PAK","South Asia",155833628,156126254,0.285730633617055,1,28,2,5,2,1,0,0,0,0,1,1,4,4,4,4,0,4,3,0,2,,,,,,,,,,2,2,2,2,2,2,2,2,2,,,,,,,,,2,2,2,2,2,2,2,2,,1,,,,,2,2,,1,,1,2,2,2,2,,,,1,1,3,2,,,,,,,,,,,2,,2,,2,2,,,,,2,,,,,,,,,2,2,,,,,,,,2,,,,,,1,0,1,,,,,,,,,,,,,,2,2,1,1,,2,,,3,2,,1,2,,2,2,2,,,,,,,,,,,,,2,2,1,2,2,1,2,2,3,1,2,,,,,,,,,,,,,,
2024,"Pakistan","PAK","South Asia",155833628,156286006,3.36249473672386,2,41,1,2,1,1,0,0,0,0,1,1,2,4,4,4,0,2,2,0,2,,,,,,,,,,2,2,2,2,1,1,2,2,2,,,,,,,,,1,1,3,2,2,2,2,2,,1,,,,,2,2,,2,,1,2,2,2,1,,,,4,2,3,2,,,,,,,,,,,1,2,1,2,2,1,2,2,,1,1,2,2,2,1,,,,,2,2,,,,,,,,2,,,,,,4,0,1,,,,,,,,,,,,,,2,2,1,1,,2,,,2,2,,2,8,,2,2,2,,,,,,,,,,,,,1,1,2,1,2,2,2,1,4,1,2,,,,,,,,,,,,,,
2024,"Pakistan","PAK","South Asia",155833628,156313803,0.507942533778707,2,29,2,5,1,2,1,1,1,1,1,1,1,1,1,4,1,1,1,1,1,1,1,1,2,,1,1,1,2,,,,,,,,,,,1,1,1,1,1,1,1,,,,,,,,2,2,1,,,,,1,2,,1,1,1,1,1,1,2,,,,4,2,2,2,,,,1,1,1,,1,2,,1,1,1,1,1,1,1,1,,,1,1,1,1,,,1,2,,1,1,1,1,,,2,1,1,2,,,,,,2,1,1,,,,,,,,,,,,,,2,1,1,1,,1,1,1,2,1,1,1,1,1,1,1,,1,1,1,,1,1,1,1,1,1,1,2,2,2,8,2,1,2,1,2,7,1,1,,,,,,,,,,,,,,
2024,"Pakistan","PAK","South Asia",155833628,156332519,0.737620811798523,1,25,1,4,2,1,0,0,0,0,0,0,4,4,4,4,0,4,3,0,2,,,,,,,,,,2,2,2,1,1,2,1,2,1,,,,,,,,,1,1,1,1,1,2,2,2,,2,,,,2,2,2,,2,,2,,2,2,2,,,2,2,1,1,1,1,1,,,,,,,,,2,,2,,2,2,,,,,2,,,,,,,,,2,2,,,,,,,,2,,,,,,4,0,2,1,1,1,1,1,1,1,1,1,2,2,2,,,,,,,,,,,,,,,,,2,2,,,,,,,,,,,,,,,,,,,,,,1,2,,,,,,,,,,,,,,
2024,"Pakistan","PAK","South Asia",155833628,156446414,0.708775842028321,2,23,3,5,2,1,1,1,1,1,1,1,4,4,4,1,0,4,3,1,1,1,1,2,3,,1,1,1,1,,,,,,,,,,,2,2,2,1,1,2,,,,,,,,,1,1,1,3,2,1,,2,1,1,1,1,1,1,2,2,2,1,1,,2,2,2,2,,,,1,2,,3,2,2,,2,,2,,2,2,,,,,2,,,,,,,,,2,2,,,,,,,,1,1,1,,,1,4,1,1,,,,,,,,,,,,,,1,,1,1,,1,1,1,1,1,1,2,2,,1,1,,3,2,,2,1,1,1,2,2,2,2,2,,,,,,,,,,1,2,,,,,,,,,,,,,,
2024,"Pakistan","PAK","South Asia",155833628,156858379,0.352974618574636,2,45,1,3,1,1,0,1,1,1,1,0,4,4,4,4,0,1,1,1,2,,,,,,,,,,2,2,2,1,1,2,1,2,2,1,3,3,3,1,2,2,,,,,,,,,2,2,2,,,,2,2,2,,2,2,1,,2,2,1,,,,2,1,1,2,,,,2,2,,4,1,2,,1,1,2,,2,1,2,1,,,2,,,,,,,,,2,2,,,,,,,,2,,,,,,4,1,1,,,,,,,,,,,,,,1,,1,1,,2,,,2,1,1,2,2,,2,1,,1,1,2,,1,1,1,1,2,2,2,2,,,,,,,,,,1,2,,,,,,,,,,,,,,
2024,"Pakistan","PAK","South Asia",155833628,156962886,1.44065027012994,1,20,1,3,2,1,0,0,0,0,0,0,4,4,4,4,0,4,3,0,2,,,,,,,,,,2,2,2,3,3,1,1,2,2,,,,,,,,,3,3,2,1,2,2,2,2,,2,,,,2,2,2,,2,,2,,2,2,2,,,2,7,,1,2,,,,,,,,,,,2,,2,,2,2,,,,,2,,,,,,,,,2,2,,,,,,,,2,,,,,,4,0,2,1,2,2,1,1,2,2,1,2,,,,2,,,,,,,,,,,,,,,,2,2,,,,,,,,,,,,,,,,,,,,,,1,2,,,,,,,,,,,,,,
2024,"Pakistan","PAK","South Asia",155833628,157047044,1.25206051722954,2,20,3,5,2,1,0,0,0,0,0,0,4,4,4,4,0,4,3,0,2,,,,,,,,,,2,2,1,2,2,2,2,2,2,,,,,,,,,2,2,2,2,2,2,2,2,,2,,,,2,2,2,,2,,2,,2,2,2,,,2,3,2,1,2,,,,,,,,,,,2,,2,,2,2,,,,,2,,,,,,,,,2,2,,,,,,,,2,,,,,,2,1,1,,,,,,,,,,,,,,1,,1,1,,1,1,2,1,1,2,2,2,,2,2,1,1,1,3,,1,1,1,2,2,2,2,2,,,,,,,,,,1,2,,,,,,,,,,,,,,
2024,"Pakistan","PAK","South Asia",155833628,157344260,2.68432547887619,1,15,1,1,2,2,0,0,0,0,1,0,4,4,4,4,0,4,3,0,2,,,,,,,,,,2,2,2,2,1,2,1,2,1,,,,,,,,,2,2,2,2,2,2,2,2,,2,,,,2,2,2,,2,,1,,1,2,2,,,,2,1,1,2,,,,,,,,,,,2,,2,,2,2,,,,,2,,,,,,,,,2,2,,,,,,,,2,,,,,,4,0,2,1,1,1,2,1,2,2,1,2,,,,1,,,,,,,,,,,,,,,,2,2,,,,,,,,,,,,,,,,,,,,,,,,,,,,,,,,,,,,,
2024,"Pakistan","PAK","South Asia",155833628,157347065,0.369180602456848,2,35,2,5,1,2,0,1,1,1,1,1,2,4,4,4,0,1,1,1,2,,,,,,,,,,2,2,1,1,1,2,1,2,1,1,1,2,1,1,2,2,,,,,,,,,2,2,1,,,,,2,2,,2,2,1,2,2,2,2,,,,2,1,1,2,,,,2,2,,4,1,2,,1,1,1,1,2,1,2,1,,,1,2,2,2,1,,,,,2,2,,,,,,,,2,,,,,,4,1,1,,,,,,,,,,,,,,1,,1,1,,1,1,1,2,1,1,2,2,,2,1,,1,1,2,,1,1,1,1,2,2,2,2,,,,,,,,,,1,2,,,,,,,,,,,,,,
2024,"Pakistan","PAK","South Asia",155833628,157538391,0.393625989065373,1,25,1,1,2,2,0,1,1,1,1,1,3,4,4,4,0,4,3,1,2,,,,,,,,,,2,1,1,2,1,1,1,1,1,2,2,3,3,1,2,2,,,,,,,,,1,2,1,1,1,2,,2,2,,1,1,1,1,2,2,2,,,,1,2,2,1,1,2,2,2,2,,2,1,2,,2,,2,,2,2,,,,,1,2,2,2,2,2,,,,2,2,,,,,,,,2,,,,,,2,1,1,,,,,,,,,,,,,,1,,1,1,,1,1,1,1,1,1,1,2,,2,1,,1,1,1,,1,2,1,1,1,2,1,1,,,,,,,,,,1,2,,,,,,,,,,,,,,
2024,"Pakistan","PAK","South Asia",155833628,157697594,1.60632440304887,2,23,2,2,1,1,0,0,0,0,1,0,2,4,4,4,0,4,3,0,2,,,,,,,,,,2,2,2,2,2,1,2,2,2,,,,,,,,,1,2,2,2,1,2,2,2,,2,,,,2,2,2,,2,,1,,1,2,2,,,,3,1,1,2,,,,,,,,,,,2,,2,,2,2,,,,,1,2,2,2,1,,,,,2,2,,,,,,,,2,,,,,,4,1,1,,,,,,,,,,,,,,1,,1,1,,1,1,1,2,1,1,2,2,,2,1,,1,1,3,,1,1,1,2,2,2,2,2,,,,,,,,,,1,2,,,,,,,,,,,,,,
2024,"Pakistan","PAK","South Asia",155833628,157715573,0.74957036769204,2,20,1,4,1,2,0,0,0,0,1,1,2,4,4,4,0,2,3,0,2,,,,,,,,,,2,2,1,1,1,2,1,2,2,,,,,,,,,1,1,2,1,1,2,2,2,,1,,,,,2,2,,2,,1,2,2,2,1,,,,1,1,2,2,,,,,,,,,,,2,,2,,2,1,2,2,,1,1,2,2,2,1,,,,,2,2,,,,,,,,2,,,,,,4,1,1,,,,,,,,,,,,,,1,,1,1,,1,1,1,1,1,1,2,2,,2,1,,1,1,2,,1,1,1,1,2,2,2,2,,,,,,,,,,1,2,,,,,,,,,,,,,,
2024,"Pakistan","PAK","South Asia",155833628,157841645,0.37675274208744,1,40,2,4,2,2,0,0,0,0,0,1,4,4,4,4,0,4,3,0,2,,,,,,,,,,2,2,1,2,2,2,2,2,2,,,,,,,,,2,2,2,2,2,2,2,2,,1,,,,,2,2,,2,,2,2,2,2,2,,,2,1,1,2,2,,,,,,,,,,,2,,2,,2,2,,,,,2,,,,,,,,,2,2,,,,,,,,2,,,,,,4,0,2,2,2,1,2,1,2,1,5,1,2,2,1,,,,,,,,,,,,,,,,,2,2,,,,,,,,,,,,,,,,,,,,,,1,2,,,,,,,,,,,,,,
2024,"Pakistan","PAK","South Asia",155833628,157972644,0.507942533778707,2,34,2,5,2,2,0,1,1,1,0,1,4,4,4,4,0,1,3,1,2,,,,,,,,,,2,2,1,2,1,2,2,2,2,1,1,1,2,1,2,2,,,,,,,,,2,1,2,3,2,2,,2,2,,2,2,2,,2,2,2,,,2,1,3,4,2,,,,2,2,,1,1,2,,2,,2,,2,1,2,1,,,2,,,,,,,,,2,2,,,,,,,,2,,,,,,3,1,1,,,,,,,,,,,,,,1,,1,1,,1,1,1,1,1,2,2,2,,2,1,,3,1,3,,1,1,1,1,2,2,2,2,,,,,,,,,,1,2,,,,,,,,,,,,,,
2024,"Pakistan","PAK","South Asia",155833628,158008249,2.40040854320489,1,35,1,5,2,2,0,0,0,0,0,0,4,4,4,4,0,4,3,0,2,,,,,,,,,,2,2,3,2,3,1,1,2,2,,,,,,,,,2,3,2,1,2,2,2,2,,2,,,,2,2,2,,2,,3,,2,2,2,,,2,5,2,2,2,,,,,,,,,,,2,,2,,2,2,,,,,2,,,,,,,,,2,2,,,,,,,,2,,,,,,4,0,2,2,2,8,2,2,2,9,,2,,,,1,,,,,,,,,,,,,,,,2,2,,,,,,,,,,,,,,,,,,,,,,1,2,,,,,,,,,,,,,,
2024,"Pakistan","PAK","South Asia",155833628,158301484,1.81901945967439,1,32,1,2,1,2,0,0,0,0,1,0,2,2,4,4,0,2,2,0,2,,,,,,,,,,2,2,2,2,3,2,1,2,2,,,,,,,,,3,1,2,1,2,2,2,2,,2,,,,2,2,2,,2,,1,,1,2,2,,,,2,1,1,1,1,1,,,,,,,,,1,2,2,,1,1,2,2,,1,1,2,2,2,1,,,,,1,2,2,2,1,,,,,2,,,,,,4,0,2,1,1,1,1,1,2,2,5,2,,,,1,,,,,,,,,,,,,,,,2,2,,,,,,,,,,,,,,,,,,,,,,1,2,,,,,,,,,,,,,,
2024,"Pakistan","PAK","South Asia",155833628,158619868,0.517798808389361,1,22,3,4,2,2,0,0,0,0,0,0,4,4,4,4,0,2,1,0,2,,,,,,,,,,2,2,1,2,1,1,1,1,1,,,,,,,,,2,1,1,2,1,2,2,2,,2,,,,2,2,2,,2,,2,,2,2,2,,,2,2,1,2,2,,,,,,,,,,,2,,1,1,2,1,2,2,,1,2,,,,,,,,,2,2,,,,,,,,2,,,,,,4,1,1,,,,,,,,,,,,,,1,,2,1,,1,1,1,1,1,1,2,1,2,2,1,,1,2,,2,1,2,1,1,2,2,2,2,,,,,,,,,,1,2,,,,,,,,,,,,,,
2024,"Pakistan","PAK","South Asia",155833628,159020241,1.38051044769216,2,30,2,2,1,1,0,0,0,0,1,0,2,4,4,4,0,4,3,0,2,,,,,,,,,,2,2,1,1,1,2,1,2,1,,,,,,,,,2,1,2,1,1,2,2,2,,2,,,,2,2,2,,2,,1,,2,2,1,,,,2,2,3,2,,,,,,,,,,,2,,2,,2,2,,,,,1,2,2,2,1,,,,,2,2,,,,,,,,2,,,,,,4,1,1,,,,,,,,,,,,,,1,,1,1,,1,1,1,1,1,1,2,2,,2,1,,1,1,2,,1,1,1,2,2,2,2,2,,,,,,,,,,1,2,,,,,,,,,,,,,,
2024,"Pakistan","PAK","South Asia",155833628,159021603,0.285730633617055,1,32,1,5,2,2,1,0,1,0,1,0,2,4,4,1,0,2,3,1,2,,,,,,,,,,,,,,,,,,,,,,,,,,,2,2,2,2,2,2,2,2,,2,,,,2,2,2,,2,,1,,2,2,2,,,,5,1,4,2,,,,,,,,,,,2,,2,,1,1,2,2,,1,1,2,2,2,1,,,,,2,2,,,,,,,,1,1,2,,,2,3,1,2,1,1,1,1,1,1,1,3,2,,,,1,,,,,,,,,,,,,,,,2,1,2,1,2,,1,2,1,2,2,2,1,1,,,,,,,,,,1,2,,,,,,,,,,,,,,
2024,"Pakistan","PAK","South Asia",155833628,159071085,0.628841811134897,2,25,2,2,1,2,0,0,0,0,0,0,2,4,4,4,0,4,2,0,2,,,,,,,,,,2,2,1,1,2,2,2,2,1,,,,,,,,,2,2,2,2,2,2,2,2,,2,,,,2,2,2,,2,,2,,2,2,2,,,2,2,2,2,2,,,,,,,,,,,2,,1,2,2,2,,,,,1,2,2,2,1,,,,,2,2,,,,,,,,2,,,,,,4,1,1,,,,,,,,,,,,,,1,,1,1,,1,1,1,1,2,,2,2,,2,1,,1,1,3,,1,1,1,1,2,2,2,2,,,,,,,,,,1,2,,,,,,,,,,,,,,
2024,"Pakistan","PAK","South Asia",155833628,159101465,0.641971219490792,2,35,2,3,1,2,0,0,0,0,1,0,4,4,4,4,0,2,1,0,2,,,,,,,,,,2,1,2,2,1,2,2,2,2,,,,,,,,,2,1,2,2,2,2,1,2,,2,,,,2,2,2,,2,,1,,1,1,1,,,,5,2,2,1,2,2,,,,,,,,,1,2,1,1,1,1,2,2,,1,2,,,,,,,,,2,2,,,,,,,,2,,,,,,4,1,1,,,,,,,,,,,,,,1,,1,1,,1,1,1,2,1,2,2,2,,2,1,,1,1,1,,1,1,1,1,2,2,2,2,,,,,,,,,,1,2,,,,,,,,,,,,,,
2024,"Pakistan","PAK","South Asia",155833628,159110036,1.24658787885251,2,38,1,2,1,1,0,0,0,0,1,0,4,4,4,4,0,4,3,0,2,,,,,,,,,,2,2,1,1,1,2,2,2,1,,,,,,,,,1,1,2,1,2,2,2,2,,2,,,,2,2,2,,2,,1,,2,2,1,,,,2,2,3,2,,,,,,,,,,,2,,2,,2,2,,,,,2,,,,,,,,,2,2,,,,,,,,2,,,,,,4,0,1,,,,,,,,,,,,,,2,2,1,1,,2,,,2,2,,2,2,,2,2,2,,,,,,,,,,,,,1,1,2,2,2,2,2,2,1,1,2,,,,,,,,,,,,,,
2024,"Pakistan","PAK","South Asia",155833628,159465838,1.20725104873618,1,45,1,4,2,2,0,0,0,0,0,1,4,4,4,4,0,4,3,0,2,,,,,,,,,,2,2,1,2,1,2,2,2,3,,,,,,,,,2,1,2,1,2,2,2,2,,1,,,,,2,2,,2,,2,2,2,2,2,,,2,2,1,2,2,,,,,,,,,,,2,,2,,2,2,,,,,2,,,,,,,,,2,2,,,,,,,,2,,,,,,5,0,2,1,1,1,1,1,1,1,7,1,2,2,2,,,,,,,,,,,,,,,,,2,2,,,,,,,,,,,,,,,,,,,,,,1,2,,,,,,,,,,,,,,
2024,"Pakistan","PAK","South Asia",155833628,159473038,0.285730633617055,1,46,1,3,2,1,0,0,0,0,0,0,4,4,4,4,0,4,3,0,2,,,,,,,,,,2,2,2,2,2,2,1,1,2,,,,,,,,,2,2,2,1,2,2,2,2,,2,,,,2,2,2,,2,,2,,2,2,2,,,2,2,1,1,2,,,,,,,,,,,2,,2,,1,2,,,,,2,,,,,,,,,2,2,,,,,,,,2,,,,,,4,0,1,,,,,,,,,,,,,,2,2,2,1,,2,,,2,2,,2,2,,2,2,2,,,,,,,,,,,,,1,2,1,1,2,2,1,2,1,1,2,,,,,,,,,,,,,,
2024,"Pakistan","PAK","South Asia",155833628,159571597,0.724063336043177,1,19,3,2,2,1,0,0,0,0,0,0,4,4,4,4,0,2,3,0,2,,,,,,,,,,2,2,1,2,1,1,1,2,3,,,,,,,,,2,3,1,1,3,2,2,2,,2,,,,2,2,2,,2,,2,,2,2,2,,,2,2,1,2,1,2,2,,,,,,,,,2,,2,,2,1,2,2,,1,2,,,,,,,,,2,2,,,,,,,,2,,,,,,4,0,2,1,8,2,2,1,2,2,5,2,,,,1,,,,,,,,,,,,,,,,2,2,,,,,,,,,,,,,,,,,,,,,,1,2,,,,,,,,,,,,,,
2024,"Pakistan","PAK","South Asia",155833628,159594960,0.738361204913696,2,35,2,4,1,1,1,1,1,1,1,1,4,4,4,2,0,1,2,1,1,1,2,2,2,,1,2,2,2,,,,,,,,,,,2,2,2,1,2,2,,,,,,,,,1,1,1,2,2,2,,2,2,,2,2,1,2,2,2,2,,,,2,2,3,2,,,,2,2,,4,2,2,,1,2,2,,2,1,2,1,,,2,,,,,,,,,2,2,,,,,,,,1,2,2,1,,1,3,0,1,,,,,,,,,,,,,,1,,1,1,,1,1,1,2,1,1,1,2,,2,2,2,,,,,1,1,1,2,1,1,2,2,,,,,,,,,,1,2,,,,,,,,,,,,,,
2024,"Pakistan","PAK","South Asia",155833628,159698123,1.25688904757058,2,28,1,3,1,1,0,0,0,0,1,1,3,4,4,4,0,4,3,0,2,,,,,,,,,,2,2,1,1,1,2,1,2,2,,,,,,,,,1,2,2,1,2,2,2,2,,1,,,,,2,2,,2,,1,1,2,2,1,,,,2,1,4,2,,,,,,,,,,,2,,2,,2,2,,,,,1,2,2,2,2,2,,,,2,2,,,,,,,,2,,,,,,4,1,1,,,,,,,,,,,,,,1,,1,1,,1,1,1,2,1,1,2,2,,2,1,,1,1,2,,1,1,1,2,2,2,2,2,,,,,,,,,,1,2,,,,,,,,,,,,,,
2024,"Pakistan","PAK","South Asia",155833628,159757536,3.36249473672386,1,18,1,1,2,1,0,0,0,0,0,0,4,4,4,4,0,4,3,0,2,,,,,,,,,,2,2,2,1,1,3,2,2,2,,,,,,,,,2,2,2,2,2,2,2,2,,2,,,,2,2,2,,2,,2,,2,2,2,,,2,2,1,1,1,2,1,,,,,,,,,2,,2,,2,2,,,,,2,,,,,,,,,2,2,,,,,,,,2,,,,,,4,0,2,2,1,2,1,1,2,2,5,2,,,,2,,,,,,,,,,,,,,,,2,2,,,,,,,,,,,,,,,,,,,,,,1,2,,,,,,,,,,,,,,
2024,"Pakistan","PAK","South Asia",155833628,159881559,0.744462646677831,2,28,1,5,1,2,0,0,0,0,1,0,2,4,4,4,0,2,3,0,2,,,,,,,,,,2,2,1,1,1,1,2,2,1,,,,,,,,,1,1,2,1,1,2,2,2,,2,,,,2,2,2,,1,,1,,2,1,2,,,,2,2,3,2,,,,,,,,,,,2,,2,,2,1,2,2,,1,1,2,2,2,1,,,,,2,2,,,,,,,,2,,,,,,4,1,1,,,,,,,,,,,,,,1,,1,1,,1,1,1,2,1,1,2,2,,2,1,,2,1,2,,1,1,1,2,2,2,2,2,,,,,,,,,,1,2,,,,,,,,,,,,,,
2024,"Pakistan","PAK","South Asia",155833628,159954267,1.13839421082097,2,27,3,3,1,2,0,0,0,0,1,0,4,4,4,4,0,2,2,0,2,,,,,,,,,,2,2,1,2,2,2,2,2,2,,,,,,,,,,,,,,,,2,2,2,,,,2,2,2,,2,2,1,,2,2,2,,,,2,2,2,2,,,,2,2,,1,1,2,,2,,1,2,2,1,2,2,,1,2,,,,,,,,,2,2,,,,,,,,2,,,,,,4,1,1,,,,,,,,,,,,,,1,,1,1,,1,1,1,2,1,1,2,2,,2,1,,1,1,2,,1,1,1,1,2,2,1,1,,,,,,,,,,1,2,,,,,,,,,,,,,,
2024,"Pakistan","PAK","South Asia",155833628,160073317,0.369890077637452,2,25,2,4,1,1,1,1,1,1,1,1,4,2,4,1,0,1,1,1,2,,,,,,,,,,,,,,,,,,,2,2,3,3,1,1,2,,,,,,,,,2,2,2,,,,1,2,1,1,2,2,1,,1,1,2,,,,2,1,3,1,2,1,2,2,2,,1,2,2,,1,1,1,1,2,1,2,1,,,2,,,,,,,,,1,2,2,2,1,,,,,1,1,2,,,2,4,1,1,,,,,,,,,,,,,,1,,1,1,,1,1,1,2,1,1,2,1,2,1,1,,1,1,1,,1,1,1,1,1,1,1,2,,,,,,,,,,1,2,,,,,,,,,,,,,,
2024,"Pakistan","PAK","South Asia",155833628,160304241,0.285730633617055,1,30,2,2,2,1,0,0,0,0,1,0,4,4,4,4,0,4,3,0,2,,,,,,,,,,2,2,1,1,2,2,1,2,2,,,,,,,,,1,1,2,1,2,2,2,2,,2,,,,2,2,2,,2,,1,,1,2,2,,,,7,,1,2,,,,,,,,,,,2,,2,,2,2,,,,,2,,,,,,,,,2,2,,,,,,,,2,,,,,,4,1,1,,,,,,,,,,,,,,1,,2,1,,1,1,1,2,1,2,2,2,,2,1,,2,1,3,,1,1,2,2,1,1,2,2,,,,,,,,,,1,2,,,,,,,,,,,,,,
2024,"Pakistan","PAK","South Asia",155833628,160317043,0.621976686324849,1,28,1,5,2,1,0,0,0,0,0,0,4,4,4,4,0,2,3,0,2,,,,,,,,,,2,2,2,1,2,2,1,2,2,,,,,,,,,2,2,2,2,2,2,2,2,,2,,,,2,2,2,,2,,2,,2,2,2,,,2,7,,1,2,,,,,,,,,,,2,,2,,2,1,2,2,,1,2,,,,,,,,,2,2,,,,,,,,2,,,,,,3,0,1,,,,,,,,,,,,,,2,2,2,1,,2,,,3,2,,2,2,,2,2,2,,,,,,,,,,,,,1,2,2,1,2,2,2,1,8,1,2,,,,,,,,,,,,,,
2024,"Pakistan","PAK","South Asia",155833628,160513084,1.42682139389293,2,55,3,5,1,2,1,1,1,1,0,1,3,4,4,4,1,2,2,1,1,1,1,2,2,,1,2,2,2,,,,,,,,,,,1,2,2,2,2,2,,,,,,,,,1,1,1,2,2,2,,2,2,,2,2,2,2,2,2,2,,,2,2,2,2,2,,,,1,1,2,,1,1,1,2,,1,2,2,1,2,2,,1,1,2,2,2,2,2,,,,2,2,,,,,,,,2,,,,,,4,1,1,,,,,,,,,,,,,,1,,1,1,,1,1,1,3,2,,2,2,,2,1,,1,1,3,,1,1,1,2,2,2,2,2,,,,,,,,,,1,2,,,,,,,,,,,,,,
2024,"Pakistan","PAK","South Asia",155833628,160520634,1.2070460354524,2,55,1,4,1,2,0,1,1,1,1,1,4,4,4,4,0,1,1,1,2,,,,,,,,,,2,2,2,2,1,2,1,2,1,1,2,1,1,1,2,2,,,,,,,,,2,2,1,,,,,2,2,,2,2,1,2,2,2,2,,,,3,1,1,2,,,,2,2,,4,1,2,,1,1,1,1,2,1,2,1,,,2,,,,,,,,,2,2,,,,,,,,2,,,,,,4,1,1,,,,,,,,,,,,,,1,,2,1,,2,,,2,1,1,2,2,,2,1,,1,1,2,,1,1,1,1,2,2,2,2,,,,,,,,,,1,2,,,,,,,,,,,,,,
2024,"Pakistan","PAK","South Asia",155833628,160584436,0.832279091872345,2,25,2,5,2,1,0,0,0,0,1,0,4,3,4,4,0,4,3,0,2,,,,,,,,,,2,2,1,2,2,2,2,2,2,,,,,,,,,2,2,2,2,2,2,2,2,,2,,,,2,2,2,,1,,1,,1,2,2,,,,2,1,2,2,,,,,,,,,,,2,,2,,2,2,,,,,2,,,,,,,,,1,2,2,2,2,2,,,,2,,,,,,4,1,1,,,,,,,,,,,,,,1,,1,1,,1,2,2,1,1,2,2,2,,2,1,,1,1,1,,1,1,1,2,2,2,2,2,,,,,,,,,,1,2,,,,,,,,,,,,,,
2024,"Pakistan","PAK","South Asia",155833628,160588071,0.873242096935538,1,30,1,2,2,1,0,0,0,0,1,0,4,4,4,4,0,4,3,0,2,,,,,,,,,,2,2,2,1,1,2,1,2,2,,,,,,,,,1,1,2,1,1,2,2,2,,2,,,,2,2,2,,2,,1,,2,2,1,,,,7,,1,1,2,1,,,,,,,,,2,,2,,2,2,,,,,2,,,,,,,,,2,2,,,,,,,,2,,,,,,4,0,2,1,1,1,1,2,2,2,1,1,1,2,2,,,,,,,,,,,,,,,,,2,2,,,,,,,,,,,,,,,,,,,,,,1,2,,,,,,,,,,,,,,
2024,"Pakistan","PAK","South Asia",155833628,160688676,0.725678355248993,2,28,1,2,1,1,0,0,0,0,1,0,2,4,4,4,0,4,3,0,2,,,,,,,,,,2,2,2,2,2,1,2,2,2,,,,,,,,,2,1,1,2,2,2,2,2,,2,,,,2,2,2,,2,,1,,1,1,2,,,,2,1,2,2,,,,,,,,,,,2,,2,,2,2,,,,,1,2,2,2,1,,,,,2,2,,,,,,,,2,,,,,,4,1,1,,,,,,,,,,,,,,1,,1,1,,1,1,1,2,1,1,2,2,,2,1,,1,1,4,,1,1,1,2,2,2,2,2,,,,,,,,,,1,2,,,,,,,,,,,,,,
2024,"Pakistan","PAK","South Asia",155833628,160746372,0.481304831106335,1,29,2,4,2,1,0,0,0,0,1,1,4,4,4,2,0,2,3,0,2,,,,,,,,,,2,2,1,1,2,2,1,2,1,,,,,,,,,1,1,2,2,1,2,2,2,,1,,,,,2,2,,2,,1,1,1,2,2,,,,1,1,2,2,,,,,,,,,,,2,,2,,2,1,2,2,,1,2,,,,,,,,,2,2,,,,,,,,1,2,2,1,,2,3,0,1,,,,,,,,,,,,,,1,,1,1,,2,,,2,1,1,2,2,,2,2,2,,,,,2,2,2,2,2,2,2,2,,,,,,,,,,1,2,,,,,,,,,,,,,,
2024,"Pakistan","PAK","South Asia",155833628,160756147,0.791241232044017,1,25,1,3,2,2,1,0,1,0,1,1,4,4,4,4,0,2,3,0,2,2,2,2,2,,1,2,2,2,,,,,,,,,,,,,,,,,,2,2,2,1,2,2,2,1,,2,2,2,2,,2,2,,2,,2,,1,2,1,,,1,2,1,1,2,,,,2,2,,4,2,2,,2,,2,,2,1,2,2,,1,2,,,,,,,,,2,2,,,,,,,,2,,,,,,3,0,2,1,1,1,2,2,2,2,1,2,,,,2,,,,,,,,,,,,,,,,2,2,,,,,,,,,,,,,,,,,,,,,,1,2,,,,,,,,,,,,,,
2024,"Pakistan","PAK","South Asia",155833628,160777743,1.43993175515585,1,52,1,2,2,2,0,0,0,0,1,0,4,4,4,4,0,4,3,0,2,,,,,,,,,,2,2,2,2,1,2,1,2,2,,,,,,,,,2,1,2,1,2,2,2,2,,2,,,,2,2,2,,2,,1,,1,2,1,,,,5,1,1,1,2,1,,,,,,,,,2,,2,,2,2,,,,,2,,,,,,,,,2,2,,,,,,,,2,,,,,,4,0,1,,,,,,,,,,,,,,2,2,2,1,,2,,,2,2,,2,2,,2,2,2,,,,,,,,,,,,,1,8,2,1,2,8,2,1,1,1,2,,,,,,,,,,,,,,
2024,"Pakistan","PAK","South Asia",155833628,160802452,0.285730633665648,1,22,2,5,2,2,0,0,0,0,1,0,4,4,4,4,0,4,3,0,2,,,,,,,,,,2,2,1,2,2,2,2,2,1,,,,,,,,,,,,,,,,2,2,2,,,,2,2,2,,1,2,1,,2,2,2,,,,1,2,3,2,,,,2,2,,4,2,2,,2,,2,,2,2,,,,,2,,,,,,,,,2,2,,,,,,,,2,,,,,,1,1,1,,,,,,,,,,,,,,1,,1,1,,2,,,3,1,1,2,2,,2,1,,1,1,3,,1,1,1,2,2,2,2,2,,,,,,,,,,1,2,,,,,,,,,,,,,,
2024,"Pakistan","PAK","South Asia",155833628,160899797,3.36249473672386,2,38,1,1,1,1,0,0,0,0,1,0,4,4,4,4,0,2,2,0,2,,,,,,,,,,2,2,2,2,1,2,1,2,2,,,,,,,,,2,1,2,1,2,2,2,2,,2,,,,2,2,2,,2,,1,,1,2,2,,,,2,1,1,1,2,1,,,,,,,,,1,2,2,,2,1,2,2,,1,2,,,,,,,,,2,2,,,,,,,,2,,,,,,4,0,1,,,,,,,,,,,,,,2,2,1,1,,2,,,2,2,,2,2,,2,2,2,,,,,,,,,,,,,2,2,2,1,2,2,2,1,8,1,2,,,,,,,,,,,,,,
2024,"Pakistan","PAK","South Asia",155833628,161004932,1.40184431006081,2,42,1,5,1,1,0,1,1,1,0,1,4,4,4,4,0,4,3,1,2,,,,,,,,,,2,1,1,1,1,1,2,2,1,1,1,3,3,1,1,2,,,,,,,,,2,2,1,,,,,2,2,,2,2,2,2,2,2,2,,,2,2,2,3,2,,,,2,2,,4,2,2,,2,,2,,2,2,,,,,2,,,,,,,,,2,2,,,,,,,,2,,,,,,2,1,1,,,,,,,,,,,,,,1,,1,1,,1,1,2,8,1,1,2,2,,2,2,1,2,1,2,,1,1,1,2,2,2,1,2,,,,,,,,,,1,2,,,,,,,,,,,,,,
2024,"Pakistan","PAK","South Asia",155833628,161032126,0.507942533778707,2,31,1,4,1,2,1,1,1,1,1,1,1,4,4,4,1,1,1,1,1,1,2,1,1,,1,1,1,2,,,,,,,,,,,1,1,1,1,2,2,,,,,,,,,2,2,1,,,,,2,2,,2,2,1,2,2,1,1,,,,4,2,2,2,,,,1,1,1,,1,2,,1,1,1,1,2,1,1,1,,,1,2,1,1,,,2,2,,2,2,,,,,,,,2,,,,,,4,1,1,,,,,,,,,,,,,,1,,1,1,,1,1,1,3,1,1,1,2,,2,1,,1,1,2,,1,1,1,1,1,1,2,2,,,,,,,,,,1,2,,,,,,,,,,,,,,
2024,"Pakistan","PAK","South Asia",155833628,161172231,1.20274080103299,1,37,1,5,2,1,0,0,0,0,1,0,4,4,4,4,0,4,3,0,2,,,,,,,,,,2,2,2,1,1,3,2,1,2,,,,,,,,,1,1,3,1,3,2,2,2,,2,,,,2,2,2,,2,,1,,1,2,2,,,,5,1,1,1,1,1,,,,,,,,,2,,2,,2,2,,,,,2,,,,,,,,,2,2,,,,,,,,2,,,,,,4,0,2,1,1,1,1,1,2,1,1,1,2,2,2,,,,,,,,,,,,,,,,,2,2,,,,,,,,,,,,,,,,,,,,,,1,2,,,,,,,,,,,,,,
2024,"Pakistan","PAK","South Asia",155833628,161293508,1.56463551103364,2,38,2,5,1,2,1,0,1,1,0,1,1,4,4,4,0,4,3,1,1,1,1,2,2,,1,1,2,2,,,,,,,,,,,,,,,,,,2,2,2,2,2,2,2,2,,2,,,,1,2,2,,2,,2,,2,2,2,,,2,3,3,4,2,,,,2,2,,1,2,2,,2,,2,,2,2,,,,,1,1,1,2,,,2,2,,2,2,,,,,,,,2,,,,,,6,1,1,,,,,,,,,,,,,,1,,1,1,,1,1,1,2,1,1,2,2,,2,1,,1,1,2,,1,1,1,1,2,2,1,2,,,,,,,,,,1,2,,,,,,,,,,,,,,
2024,"Pakistan","PAK","South Asia",155833628,161307182,0.775102276917581,2,22,2,5,1,2,1,1,1,1,0,1,4,4,4,4,1,2,3,1,1,1,1,2,1,,1,1,1,2,,,,,,,,,,,1,1,2,1,2,2,,,,,,,,,2,1,2,3,1,2,,2,2,,2,2,2,,2,2,2,,,2,1,3,4,2,,,,2,2,,4,1,1,3,2,,2,,2,1,2,2,,1,2,,,,,,,,,2,2,,,,,,,,2,,,,,,2,1,1,,,,,,,,,,,,,,1,,1,1,,1,1,1,2,1,1,2,2,,2,1,,1,1,2,,1,1,1,1,2,2,1,2,,,,,,,,,,1,2,,,,,,,,,,,,,,
2024,"Pakistan","PAK","South Asia",155833628,161309091,1.64973495651552,2,35,1,2,1,2,0,1,1,1,1,0,1,4,4,4,0,4,1,1,2,,,,,,,,,,2,2,2,2,1,2,1,2,2,1,1,2,2,2,2,2,,,,,,,,,2,2,2,,,,2,2,1,1,2,1,1,,1,2,1,,,,2,1,1,2,,,,2,2,,1,2,2,,1,1,2,,2,2,,,,,1,2,2,1,,,1,1,,2,2,,,,,,,,2,,,,,,5,1,1,,,,,,,,,,,,,,1,,1,1,,2,,,2,2,,2,2,,2,1,,1,1,2,,1,1,1,2,2,2,2,2,,,,,,,,,,1,2,,,,,,,,,,,,,,
2024,"Pakistan","PAK","South Asia",155833628,161490480,0.285730633617055,1,39,2,4,2,1,0,0,0,0,0,0,4,4,4,2,0,4,3,0,2,,,,,,,,,,2,2,2,2,2,2,2,2,2,,,,,,,,,2,2,2,2,2,2,2,2,,2,,,,2,2,2,,2,,2,,2,2,2,,,2,1,1,3,2,,,,,,,,,,,2,,2,,2,2,,,,,2,,,,,,,,,2,2,,,,,,,,1,2,2,1,,2,3,0,1,,,,,,,,,,,,,,1,,1,1,,2,,,2,1,1,2,2,,2,2,2,,,,,2,2,2,2,2,2,2,2,,,,,,,,,,1,2,,,,,,,,,,,,,,
2024,"Pakistan","PAK","South Asia",155833628,161540292,3.36249473672386,2,25,1,5,2,2,0,0,0,0,0,0,4,4,4,4,0,1,3,0,2,,,,,,,,,,2,2,2,2,2,2,3,2,2,,,,,,,,,,,,,,,,2,2,2,,,,2,2,2,,2,2,2,,2,2,2,,,3,2,2,2,2,,,,2,2,,1,2,2,,2,,2,,2,1,2,1,,,2,,,,,,,,,2,2,,,,,,,,2,,,,,,4,0,1,,,,,,,,,,,,,,2,2,1,1,,2,,,3,2,,2,2,,2,2,2,,,,,,,,,,,,,2,2,2,1,2,2,2,2,4,1,2,,,,,,,,,,,,,,
2024,"Pakistan","PAK","South Asia",155833628,161628455,0.421809467517731,2,34,1,4,1,2,1,0,1,1,1,1,4,4,4,2,0,2,2,0,1,1,2,4,4,2,2,2,2,2,,,,,,,,,,,,,,,,,,,,,,,,,2,2,1,,,,,2,2,,2,2,1,2,1,2,2,,,,1,3,4,2,,,,2,2,,4,2,2,,1,2,1,2,2,1,2,2,,1,2,,,,,,,,,2,2,,,,,,,,1,2,2,1,,2,4,1,1,,,,,,,,,,,,,,1,,1,1,,1,1,1,1,1,1,2,2,,2,1,,1,1,2,,1,1,1,1,2,2,2,2,,,,,,,,,,1,2,,,,,,,,,,,,,,
2024,"Pakistan","PAK","South Asia",155833628,161632964,0.86608520891138,1,40,1,3,2,1,0,0,0,0,0,0,4,4,4,4,0,4,3,0,2,,,,,,,,,,2,2,2,2,2,2,2,2,2,,,,,,,,,2,2,2,2,2,2,2,2,,2,,,,2,2,2,,2,,2,,2,2,2,,,2,1,1,4,2,,,,,,,,,,,2,,2,,2,2,,,,,2,,,,,,,,,2,2,,,,,,,,2,,,,,,4,0,2,2,2,2,2,2,2,2,,1,2,2,1,,,,,,,,,,,,,,,,,2,2,,,,,,,,,,,,,,,,,,,,,,1,2,,,,,,,,,,,,,,
2024,"Pakistan","PAK","South Asia",155833628,161987796,3.2834684877491,1,55,1,4,2,2,0,0,0,0,1,1,4,4,4,4,0,4,2,0,2,,,,,,,,,,2,1,2,2,2,2,1,1,2,,,,,,,,,2,2,2,2,2,2,2,2,,1,,,,,2,2,,2,,1,1,2,2,2,,,,6,2,3,2,,,,,,,,,,,2,,1,2,2,2,,,,,2,,,,,,,,,2,2,,,,,,,,2,,,,,,4,0,1,,,,,,,,,,,,,,2,2,1,1,,2,,,2,2,,2,2,,2,2,2,,,,,,,,,,,,,2,2,2,1,2,2,2,1,8,1,2,,,,,,,,,,,,,,
2024,"Pakistan","PAK","South Asia",155833628,162143532,1.32658106963884,2,25,1,1,1,1,0,0,0,0,1,0,4,4,4,4,0,4,2,0,2,,,,,,,,,,2,2,2,2,2,2,1,2,2,,,,,,,,,2,2,2,2,2,2,2,2,,2,,,,2,2,2,,2,,1,,2,2,2,,,,7,,1,2,,,,,,,,,,,2,,1,2,2,2,,,,,2,,,,,,,,,2,2,,,,,,,,2,,,,,,4,1,1,,,,,,,,,,,,,,1,,1,1,,1,1,1,4,2,,2,2,,2,1,,1,1,2,,1,1,1,2,1,2,2,2,,,,,,,,,,1,2,,,,,,,,,,,,,,
2024,"Pakistan","PAK","South Asia",155833628,162165288,1.69735650725886,2,42,1,4,1,2,0,1,1,1,1,1,4,4,4,4,0,1,1,1,2,,,,,,,,,,2,2,2,2,1,1,2,2,2,1,1,1,1,1,2,2,,,,,,,,,2,2,1,,,,,2,2,,2,2,1,2,2,2,2,,,,3,2,2,2,,,,2,2,,4,1,2,,1,1,1,1,2,1,2,1,,,2,,,,,,,,,2,2,,,,,,,,2,,,,,,2,1,1,,,,,,,,,,,,,,1,,1,1,,2,,,2,1,1,2,2,,2,1,,1,1,3,,1,1,1,2,2,2,2,2,,,,,,,,,,1,2,,,,,,,,,,,,,,
2024,"Pakistan","PAK","South Asia",155833628,162281347,1.02611965720952,1,16,1,4,2,1,0,0,0,0,1,0,4,4,4,4,0,4,2,0,2,,,,,,,,,,2,2,2,2,2,2,2,2,2,,,,,,,,,2,2,2,2,2,2,2,2,,2,,,,2,2,2,,2,,2,,1,2,2,,,1,7,,5,1,2,1,,,,,,,,,1,2,2,,2,2,,,,,2,,,,,,,,,2,2,,,,,,,,2,,,,,,5,0,2,1,1,8,8,1,1,2,5,2,,,,1,,,,,,,,,,,,,,,,2,2,,,,,,,,,,,,,,,,,,,,,,,,,,,,,,,,,,,,,
2024,"Pakistan","PAK","South Asia",155833628,162641460,1.14994388292216,1,50,1,1,1,1,0,0,0,0,1,0,4,4,4,2,0,4,3,0,2,,,,,,,,,,2,2,2,1,1,1,1,2,1,,,,,,,,,3,1,3,1,3,2,2,2,,2,,,,2,2,2,,2,,1,,1,2,3,,,,7,,1,1,1,1,,,,,,,,,2,,2,,2,2,,,,,2,,,,,,,,,2,2,,,,,,,,1,2,2,1,,2,4,0,2,1,1,1,1,1,2,2,1,2,,,,1,,,,,,,,,,,,,,,,2,2,,,,,,,,,,,,,,,,,,,,,,1,2,,,,,,,,,,,,,,
2024,"Pakistan","PAK","South Asia",155833628,162785877,2.09838405614435,1,50,1,1,2,1,0,0,0,0,0,0,4,4,4,4,0,4,3,0,2,,,,,,,,,,2,2,1,2,2,2,1,2,1,,,,,,,,,2,1,2,1,2,2,2,2,,2,,,,2,2,2,,2,,2,,2,2,2,,,2,3,1,2,2,,,,,,,,,,,2,,2,,2,2,,,,,2,,,,,,,,,2,2,,,,,,,,2,,,,,,2,0,2,1,2,2,1,1,2,2,1,2,,,,1,,,,,,,,,,,,,,,,2,2,,,,,,,,,,,,,,,,,,,,,,1,2,,,,,,,,,,,,,,
2024,"Pakistan","PAK","South Asia",155833628,163008928,0.514112409206706,1,36,2,2,1,2,0,0,0,0,1,0,2,4,4,4,0,3,3,0,2,,,,,,,,,,2,2,2,2,2,2,2,2,1,,,,,,,,,2,2,2,2,2,2,1,2,,2,,,,2,2,2,,2,,1,,1,2,1,,,,1,2,1,2,,,,,,,,,,,2,,2,,2,1,2,2,,2,1,2,2,2,1,,,,,2,2,,,,,,,,2,,,,,,2,0,1,,,,,,,,,,,,,,2,2,2,1,,2,,,2,2,,2,2,,2,2,2,,,,,,,,,,,,,1,1,2,1,1,1,1,1,4,1,2,,,,,,,,,,,,,,
2024,"Pakistan","PAK","South Asia",155833628,163013754,1.60632440304887,2,22,1,3,1,1,0,1,1,1,1,0,4,4,4,4,0,4,3,1,2,,,,,,,,,,2,2,1,2,2,2,2,2,2,1,4,4,4,2,2,2,,,,,,,,,2,2,2,,,,2,2,2,,2,1,1,,2,2,2,,,,2,2,3,2,,,,2,2,,3,1,2,,2,,2,,2,2,,,,,2,,,,,,,,,2,2,,,,,,,,2,,,,,,4,1,1,,,,,,,,,,,,,,2,2,2,7,1,1,2,2,2,1,1,2,2,,2,1,,1,2,,2,2,1,2,2,1,2,2,2,1,2,2,2,2,2,2,2,1,1,2,,,,,,,,,,,,,,
2024,"Pakistan","PAK","South Asia",155833628,163364241,0.285730633617055,1,40,2,5,1,2,1,0,1,1,1,0,1,4,4,4,0,2,3,1,1,1,1,1,1,,2,1,2,2,,,,,,,,,,,,,,,,,,2,1,2,1,2,2,1,2,,2,,,,2,2,2,,1,,2,,2,2,1,,,,2,1,1,2,,,,2,2,,1,2,2,,2,,2,,2,1,2,2,,1,1,2,1,2,,,1,1,,2,2,,,,,,,,2,,,,,,4,1,1,,,,,,,,,,,,,,1,,1,1,,1,1,1,4,1,1,2,2,,2,1,,2,1,3,,1,1,1,2,2,2,2,2,,,,,,,,,,1,2,,,,,,,,,,,,,,
2024,"Pakistan","PAK","South Asia",155833628,163558295,0.285730633617055,1,25,2,5,2,1,0,0,0,0,1,0,4,4,4,4,0,2,3,0,2,,,,,,,,,,2,2,2,1,1,2,1,2,2,,,,,,,,,1,1,2,2,1,2,2,2,,2,,,,2,2,2,,2,,1,,2,2,2,,,,2,1,2,2,,,,,,,,,,,2,,2,,2,1,2,2,,1,2,,,,,,,,,2,2,,,,,,,,2,,,,,,4,0,2,1,1,1,2,2,2,2,1,2,,,,1,,,,,,,,,,,,,,,,2,2,,,,,,,,,,,,,,,,,,,,,,1,2,,,,,,,,,,,,,,
2024,"Pakistan","PAK","South Asia",155833628,163573879,0.66329053481942,2,28,1,4,1,1,0,0,0,0,0,0,4,4,4,4,0,4,3,0,2,,,,,,,,,,2,2,2,2,1,2,1,2,2,,,,,,,,,2,1,2,2,1,2,2,2,,2,,,,2,2,2,,2,,2,,2,2,2,,,2,3,2,1,2,,,,,,,,,,,2,,2,,2,2,,,,,2,,,,,,,,,2,2,,,,,,,,2,,,,,,4,0,1,,,,,,,,,,,,,,2,2,1,1,,2,,,2,1,2,2,2,,2,2,2,,,,,,,,,,,,,1,1,2,1,2,2,2,2,1,1,2,,,,,,,,,,,,,,
2024,"Pakistan","PAK","South Asia",155833628,163623604,2.29240935321994,2,19,2,5,2,2,0,1,1,1,0,0,4,4,4,4,0,4,3,1,2,,,,,,,,,,2,2,1,2,2,1,1,1,2,1,3,3,3,1,2,2,,,,,,,,,2,2,2,,,,2,2,2,,2,2,2,,2,2,2,,,2,5,2,4,2,,,,2,2,,4,2,2,,2,,2,,1,2,,,,,2,,,,,,,,,2,2,,,,,,,,2,,,,,,6,0,1,,,,,,,,,,,,,,2,2,2,1,,1,1,1,1,2,,2,2,,2,2,2,,,,,,,,,,,,,2,2,1,2,2,2,2,2,3,1,2,,,,,,,,,,,,,,
2024,"Pakistan","PAK","South Asia",155833628,163904694,0.467281436686935,2,40,2,3,1,2,0,0,0,0,0,0,2,4,4,4,0,2,3,0,2,,,,,,,,,,2,2,1,2,3,2,2,2,2,,,,,,,,,2,2,2,2,2,2,2,2,,2,,,,2,2,2,,2,,2,,2,2,2,,,2,2,2,1,1,2,2,,,,,,,,,2,,2,,2,1,2,2,,1,1,2,2,2,1,,,,,2,2,,,,,,,,2,,,,,,3,0,1,,,,,,,,,,,,,,2,2,1,1,,1,1,1,2,2,,2,2,,2,2,2,,,,,,,,,,,,,1,1,2,2,2,2,2,1,8,1,2,,,,,,,,,,,,,,
2024,"Pakistan","PAK","South Asia",155833628,163940780,0.285730633617055,1,27,2,4,2,1,0,0,0,0,1,0,4,4,4,4,0,4,3,0,2,,,,,,,,,,2,2,1,2,1,2,1,2,2,,,,,,,,,2,1,2,1,2,2,2,2,,2,,,,2,2,2,,2,,1,,1,2,1,,,,7,,1,1,2,1,,,,,,,,,2,,2,,2,2,,,,,2,,,,,,,,,2,2,,,,,,,,2,,,,,,4,0,1,,,,,,,,,,,,,,2,2,2,1,,1,1,1,4,2,,2,2,,2,2,2,,,,,,,,,,,,,1,1,2,2,2,2,2,2,1,1,2,,,,,,,,,,,,,,
2024,"Pakistan","PAK","South Asia",155833628,163992469,0.540321544050271,1,45,2,4,2,2,0,0,0,0,1,0,4,4,4,4,0,4,2,0,2,,,,,,,,,,2,2,2,2,2,2,2,1,2,,,,,,,,,2,2,2,2,2,2,2,2,,2,,,,2,2,2,,1,,1,,1,2,2,,,,2,1,4,2,,,,,,,,,,,1,2,2,,2,2,,,,,2,,,,,,,,,2,2,,,,,,,,2,,,,,,1,0,1,,,,,,,,,,,,,,2,2,1,1,,2,,,3,2,,2,2,,2,2,2,,,,,,,,,,,,,2,2,2,1,2,2,2,1,8,1,2,,,,,,,,,,,,,,
2024,"Pakistan","PAK","South Asia",155833628,164125061,0.66329053481942,2,25,1,5,1,1,0,1,1,1,1,0,4,4,4,4,0,4,2,1,2,,,,,,,,,,1,2,1,2,2,2,1,2,2,1,2,2,2,2,2,2,,,,,,,,,2,2,2,,,,2,2,2,,2,2,1,,1,2,1,,,,7,,1,2,,,,2,2,,4,2,2,,1,2,2,,2,2,,,,,2,,,,,,,,,2,2,,,,,,,,2,,,,,,4,0,1,,,,,,,,,,,,,,2,2,1,1,,1,1,2,2,2,,2,2,,2,2,2,,,,,,,,,,,,,1,1,2,2,2,2,2,2,1,1,2,,,,,,,,,,,,,,
2024,"Pakistan","PAK","South Asia",155833628,164197125,0.507942533778707,2,26,2,5,1,2,1,1,1,1,1,1,4,4,4,4,0,1,1,1,1,1,1,1,2,,1,1,1,2,,,,,,,,,,,2,2,2,1,2,1,2,,,,,,,,1,1,1,1,2,2,,2,1,2,1,1,1,2,1,1,2,,,,3,2,2,2,,,,2,2,,4,1,2,,1,1,1,1,2,1,1,1,,,2,,,,,,,,,2,2,,,,,,,,2,,,,,,2,1,1,,,,,,,,,,,,,,1,,1,1,,1,1,1,1,1,1,2,1,2,1,1,,1,1,2,,1,1,1,1,1,1,1,1,,,,,,,,,,1,2,,,,,,,,,,,,,,
2024,"Pakistan","PAK","South Asia",155833628,164247975,0.758929473880646,2,29,,5,1,1,0,1,1,1,1,1,4,4,4,4,0,2,3,1,2,,,,,,,,,,2,2,2,1,1,2,1,2,2,1,2,2,2,1,1,2,,,,,,,,,2,2,1,,,,,2,2,,1,2,1,1,2,1,2,,,,4,1,3,2,,,,2,2,,4,2,2,,2,,2,,2,1,2,2,,1,2,,,,,,,,,2,2,,,,,,,,2,,,,,,4,1,1,,,,,,,,,,,,,,1,,1,1,,1,1,1,2,1,2,2,2,,2,1,,2,1,2,,1,1,1,1,2,2,2,2,,,,,,,,,,1,2,,,,,,,,,,,,,,
2024,"Pakistan","PAK","South Asia",155833628,164265074,0.840452262632581,1,60,1,4,2,2,0,0,0,0,0,0,4,4,4,4,0,2,3,0,2,,,,,,,,,,2,2,2,2,1,2,2,1,2,,,,,,,,,1,1,2,1,2,2,2,2,,2,,,,2,2,2,,2,,2,,2,2,2,,,2,7,,1,2,,,,,,,,,,,2,,2,,2,1,2,2,,1,2,,,,,,,,,2,2,,,,,,,,2,,,,,,4,0,1,,,,,,,,,,,,,,2,2,8,1,,2,,,2,2,,2,2,,2,2,2,,,,,,,,,,,,,1,2,2,1,2,2,2,2,1,1,2,,,,,,,,,,,,,,
2024,"Pakistan","PAK","South Asia",155833628,164281842,0.311349873719416,2,60,2,5,1,1,0,0,0,0,1,0,4,4,3,4,0,2,3,0,2,,,,,,,,,,2,1,1,1,1,2,2,2,1,,,,,,,,,2,1,2,1,2,2,2,2,,2,,,,2,2,2,,1,,2,,2,2,1,,,,1,1,4,2,,,,,,,,,,,2,,2,,2,1,2,2,,1,2,,,,,,,,,2,1,2,2,2,2,,,,2,,,,,,1,0,1,,,,,,,,,,,,,,2,2,1,1,,2,,,8,1,2,2,2,,2,2,2,,,,,,,,,,,,,2,1,2,1,2,1,2,1,6,1,2,,,,,,,,,,,,,,
2024,"Pakistan","PAK","South Asia",155833628,164473532,0.382472277167481,1,21,2,5,2,2,0,0,0,0,1,0,4,4,4,4,0,4,3,0,2,,,,,,,,,,2,2,2,2,1,2,2,1,2,,,,,,,,,,,,,,,,2,2,2,,,,2,2,2,,2,2,1,,2,2,1,,,,1,2,5,2,,,,2,2,,4,2,1,2,2,,2,,2,2,,,,,2,,,,,,,,,2,2,,,,,,,,2,,,,,,4,1,2,9,9,2,2,2,9,9,,9,,,,1,,,,,,,,,,,,,,,,2,1,4,2,,1,2,1,1,1,2,2,2,2,,,,,,,,,,1,2,,,,,,,,,,,,,,
2024,"Pakistan","PAK","South Asia",155833628,164646047,0.550869767812294,1,42,1,3,2,1,0,0,0,0,1,0,4,4,4,4,0,2,3,0,2,,,,,,,,,,2,2,2,2,3,2,2,1,2,,,,,,,,,2,1,2,1,2,2,2,2,,2,,,,2,2,2,,2,,1,,2,2,1,,,,5,1,1,1,2,1,,,,,,,,,2,,2,,2,1,2,2,,1,2,,,,,,,,,2,2,,,,,,,,2,,,,,,4,0,1,,,,,,,,,,,,,,2,2,2,1,,1,1,1,2,2,,2,2,,2,2,2,,,,,,,,,,,,,2,8,2,2,1,2,2,2,5,1,2,,,,,,,,,,,,,,
2024,"Pakistan","PAK","South Asia",155833628,164647163,1.86405186385758,1,49,1,3,2,2,0,0,0,0,1,0,4,4,4,4,0,4,3,0,2,,,,,,,,,,2,2,2,1,1,1,1,2,3,,,,,,,,,2,1,1,1,2,2,2,2,,2,,,,2,2,2,,2,,1,,1,2,2,,,,7,,3,1,2,2,,,,,,,,,2,,2,,2,2,,,,,2,,,,,,,,,2,2,,,,,,,,2,,,,,,4,0,2,2,1,2,1,2,2,2,4,2,,,,1,,,,,,,,,,,,,,,,2,2,,,,,,,,,,,,,,,,,,,,,,1,2,,,,,,,,,,,,,,
2024,"Pakistan","PAK","South Asia",155833628,164974793,0.285730633617055,1,40,2,1,2,1,0,0,0,0,1,1,4,4,4,4,0,4,3,0,2,,,,,,,,,,2,2,2,2,2,2,2,2,1,,,,,,,,,2,2,2,2,2,2,2,2,,1,,,,,2,2,,2,,1,2,2,2,2,,,,2,1,4,2,,,,,,,,,,,2,,2,,2,2,,,,,2,,,,,,,,,2,2,,,,,,,,2,,,,,,4,1,1,,,,,,,,,,,,,,1,,1,1,,2,,,3,1,1,1,2,,2,1,,1,1,3,,1,1,1,2,2,2,2,2,,,,,,,,,,1,2,,,,,,,,,,,,,,
2024,"Pakistan","PAK","South Asia",155833628,165078402,0.775301157967481,1,17,1,3,1,2,0,0,0,0,1,0,2,4,4,2,0,4,3,0,2,,,,,,,,,,2,2,2,2,3,2,1,2,2,,,,,,,,,1,1,2,1,2,2,2,2,,2,,,,2,2,2,,2,,1,,1,2,1,,,,7,,6,1,1,1,,,,,,,,,2,,2,,2,2,,,,,1,2,2,2,1,,,,,2,2,,,,,,,,1,2,2,1,,2,4,0,2,1,1,2,1,1,2,1,1,1,2,2,2,,,,,,,,,,,,,,,,,2,2,,,,,,,,,,,,,,,,,,,,,,,,,,,,,,,,,,,,,
2024,"Pakistan","PAK","South Asia",155833628,165166977,0.480298331682336,2,34,3,5,2,1,1,1,1,1,0,0,4,4,4,4,0,4,3,1,1,1,2,2,3,,1,1,1,1,,,,,,,,,,,3,3,3,1,1,2,,,,,,,,,2,2,2,,,,2,2,2,,2,2,2,,2,2,2,2,,2,5,1,3,2,,,,2,2,,2,1,2,,2,,2,,2,2,,,,,2,,,,,,,,,2,2,,,,,,,,2,,,,,,4,1,1,,,,,,,,,,,,,,1,,1,1,,1,1,1,8,1,1,2,2,,2,1,,2,1,3,,1,1,1,2,1,2,1,2,,,,,,,,,,1,2,,,,,,,,,,,,,,
2024,"Pakistan","PAK","South Asia",155833628,165178655,0.285730633617055,1,25,3,5,2,1,0,1,1,1,0,1,4,4,4,4,0,4,1,1,2,,,,,,,,,,2,2,1,1,1,2,1,1,2,1,2,2,2,2,2,2,,,,,,,,,2,2,2,,,,1,2,2,,2,2,2,,2,2,2,,,2,2,2,3,2,,,,1,2,,4,2,2,,2,,1,1,1,2,,,,,2,,,,,,,,,2,2,,,,,,,,2,,,,,,4,1,1,,,,,,,,,,,,,,1,,1,1,,1,1,1,1,1,2,2,2,,2,2,1,2,2,,1,1,1,1,1,2,2,2,1,,,,,,,,,,1,2,,,,,,,,,,,,,,
2024,"Pakistan","PAK","South Asia",155833628,165298933,0.697188871295178,1,45,2,5,2,2,0,1,1,1,1,1,4,4,4,4,0,4,3,1,2,,,,,,,,,,2,2,2,2,2,2,1,1,2,1,3,3,3,1,2,2,,,,,,,,,2,1,2,3,2,1,,2,2,,2,2,1,,2,2,2,,,,6,2,2,2,,,,2,2,,4,2,1,2,2,,2,,2,2,,,,,2,,,,,,,,,2,2,,,,,,,,2,,,,,,5,1,1,,,,,,,,,,,,,,1,,1,1,,1,1,1,1,2,,2,2,,2,1,,1,2,,1,1,1,1,1,2,2,2,2,,,,,,,,,,1,2,,,,,,,,,,,,,,
2024,"Pakistan","PAK","South Asia",155833628,165404351,0.503779555551112,2,40,2,4,2,2,0,0,0,0,1,1,4,4,4,4,0,2,3,0,2,,,,,,,,,,2,2,1,1,1,2,2,2,2,,,,,,,,,2,2,2,2,2,1,2,2,,1,,,,,2,2,,1,,2,2,1,2,1,,,,3,2,4,2,,,,,,,,,,,2,,2,,2,1,2,2,,1,2,,,,,,,,,2,2,,,,,,,,2,,,,,,1,1,1,,,,,,,,,,,,,,2,2,1,1,,1,1,2,2,1,1,2,1,2,1,2,1,4,2,,1,2,2,2,1,2,2,1,1,1,1,1,2,1,1,1,2,1,1,2,,,,,,,,,,,,,,
2024,"Pakistan","PAK","South Asia",155833628,165506500,0.810196109412302,2,25,1,3,1,1,0,0,0,0,0,0,4,4,4,4,0,4,3,0,2,,,,,,,,,,2,2,2,2,1,2,2,2,2,,,,,,,,,2,1,2,2,2,2,2,2,,2,,,,2,2,2,,2,,2,,2,2,2,,,2,2,1,1,2,,,,,,,,,,,2,,2,,2,2,,,,,2,,,,,,,,,2,2,,,,,,,,2,,,,,,4,1,1,,,,,,,,,,,,,,1,,1,1,,1,1,1,2,1,1,2,2,,2,1,,1,1,2,,1,1,1,1,2,2,2,2,,,,,,,,,,1,2,,,,,,,,,,,,,,
2024,"Pakistan","PAK","South Asia",155833628,165624531,2.359954359486,1,60,1,2,2,2,1,0,1,1,0,0,4,4,1,4,0,2,3,1,2,1,1,2,2,,2,3,2,2,,,,,,,,,,,,,,,,,,3,3,2,2,2,2,2,2,,2,,,,2,2,2,,2,,2,,2,2,2,,,2,7,,5,2,,,,2,2,,4,2,2,,2,,2,,2,1,2,2,,1,2,,,,,,,,,2,1,1,2,,,2,2,2,2,,,,,,4,0,1,,,,,,,,,,,,,,1,,8,2,,2,,,3,2,,2,1,2,2,2,2,,,,,2,2,2,2,2,2,2,2,,,,,,,,,,1,2,,,,,,,,,,,,,,
2024,"Pakistan","PAK","South Asia",155833628,165678085,0.718101373288635,1,25,3,4,1,1,1,0,1,1,0,1,1,4,4,4,0,2,3,1,1,1,1,2,3,,1,1,1,2,,,,,,,,,,,,,,,,,,2,2,2,2,2,2,2,1,,2,2,1,2,,2,2,,2,,2,,2,2,2,,,2,1,3,3,1,2,1,2,2,2,,4,2,2,,2,,2,,2,1,2,2,,1,1,1,1,2,,,2,2,,2,2,,,,,,,,2,,,,,,3,1,1,,,,,,,,,,,,,,1,,1,1,,1,1,1,1,1,1,2,2,,2,1,,1,1,3,,1,1,1,1,2,2,2,2,,,,,,,,,,1,2,,,,,,,,,,,,,,
2024,"Pakistan","PAK","South Asia",155833628,165897225,0.998893474774625,1,15,1,1,2,1,1,0,1,0,0,0,4,1,4,4,0,4,3,1,2,,,,,,,,,,,,,,,,,,,,,,,,,,,1,1,2,1,3,2,2,2,,2,,,,2,2,2,,2,,2,,2,2,2,,,2,3,1,1,2,,,,,,,,,,,2,,2,,2,2,,,,,2,,,,,,,,,1,2,2,2,2,1,1,2,3,2,,,,,,4,0,2,1,1,1,1,1,8,2,5,1,2,2,2,,,,,,,,,,,,,,,,,2,2,,,,,,,,,,,,,,,,,,,,,,,,,,,,,,,,,,,,,
2024,"Pakistan","PAK","South Asia",155833628,165916413,0.803555931558965,2,40,2,4,1,1,1,1,1,1,1,1,1,4,4,2,0,1,1,1,1,1,2,2,2,,1,1,1,2,,,,,,,,,,,2,2,2,1,2,2,,,,,,,,,2,2,2,,,,1,2,2,,2,2,1,,1,2,1,,,,2,2,2,2,,,,2,2,,4,2,2,,1,1,1,1,1,1,1,1,,,1,2,1,1,,,2,2,,2,2,,,,,,,,1,2,2,1,,1,8,1,1,,,,,,,,,,,,,,1,,1,1,,1,1,1,3,1,1,2,2,,2,1,,1,1,3,,1,1,1,1,1,2,2,2,,,,,,,,,,1,2,,,,,,,,,,,,,,
2024,"Pakistan","PAK","South Asia",155833628,165942674,3.36249473672386,1,38,1,3,2,2,0,0,0,0,1,0,4,4,4,4,0,4,3,0,2,,,,,,,,,,2,2,2,2,2,2,2,2,2,,,,,,,,,2,2,2,2,2,2,2,2,,2,,,,2,2,2,,1,,2,,2,2,2,,,,3,1,1,2,,,,,,,,,,,2,,2,,2,2,,,,,2,,,,,,,,,2,2,,,,,,,,2,,,,,,4,0,2,1,2,2,2,2,2,2,1,2,,,,1,,,,,,,,,,,,,,,,2,2,,,,,,,,,,,,,,,,,,,,,,1,2,,,,,,,,,,,,,,
2024,"Pakistan","PAK","South Asia",155833628,166003436,0.73157544411314,1,35,1,2,2,1,0,0,0,0,0,0,4,4,4,4,0,4,3,0,2,,,,,,,,,,2,2,1,2,2,2,1,2,2,,,,,,,,,2,2,2,1,2,2,2,2,,2,,,,2,2,2,,2,,2,,2,2,2,,,2,1,1,2,1,2,1,,,,,,,,,2,,2,,2,2,,,,,2,,,,,,,,,2,2,,,,,,,,2,,,,,,4,0,2,1,2,2,2,2,2,2,1,2,,,,1,,,,,,,,,,,,,,,,2,2,,,,,,,,,,,,,,,,,,,,,,1,2,,,,,,,,,,,,,,
2024,"Pakistan","PAK","South Asia",155833628,166300758,1.79880622859988,2,20,1,4,1,1,0,0,0,0,1,0,4,4,4,4,0,2,2,0,2,,,,,,,,,,2,2,2,1,2,2,1,2,2,,,,,,,,,2,2,2,2,2,1,2,2,,2,,,,2,2,2,,2,,2,,2,2,2,,,1,7,,1,1,2,2,,,,,,,,,1,2,2,,2,1,2,2,,1,2,,,,,,,,,2,2,,,,,,,,2,,,,,,4,1,1,,,,,,,,,,,,,,1,,1,1,,2,,,2,2,,2,2,,2,1,,1,1,2,,1,2,1,2,2,2,2,2,,,,,,,,,,1,2,,,,,,,,,,,,,,
2024,"Pakistan","PAK","South Asia",155833628,166367901,3.20699826524713,1,56,1,2,2,1,0,0,0,0,1,0,4,4,4,4,0,4,3,0,2,,,,,,,,,,2,2,2,2,1,2,1,2,2,,,,,,,,,2,1,2,1,2,2,2,2,,2,,,,2,2,2,,2,,1,,1,2,1,,,,5,1,1,1,2,1,,,,,,,,,2,,2,,2,2,,,,,2,,,,,,,,,2,2,,,,,,,,2,,,,,,4,0,1,,,,,,,,,,,,,,2,2,2,1,,2,,,2,2,,2,2,,2,2,2,,,,,,,,,,,,,1,1,2,1,2,2,2,1,8,1,2,,,,,,,,,,,,,,
2024,"Pakistan","PAK","South Asia",155833628,166379421,0.352974618574636,2,45,2,5,1,1,0,0,0,0,1,0,2,4,4,4,0,2,2,0,2,,,,,,,,,,2,2,1,1,2,1,3,2,1,,,,,,,,,1,2,2,2,2,1,2,2,,2,,,,2,2,2,,2,,1,,2,2,1,,,,2,2,2,2,,,,,,,,,,,1,2,1,2,2,1,2,2,,1,1,2,2,2,1,,,,,2,2,,,,,,,,2,,,,,,4,1,1,,,,,,,,,,,,,,1,,1,1,,1,1,1,4,1,1,1,2,,2,1,,1,1,3,,1,1,1,1,2,2,2,2,,,,,,,,,,1,2,,,,,,,,,,,,,,
2024,"Pakistan","PAK","South Asia",155833628,166621382,0.471142813008486,2,32,1,5,2,1,0,0,0,0,1,1,4,4,4,4,0,1,3,0,2,,,,,,,,,,2,2,2,2,2,2,2,2,2,,,,,,,,,,,,,,,,2,2,1,,,,,2,2,,2,2,1,2,2,2,2,,,,2,2,2,2,,,,2,2,,3,2,2,,2,,2,,1,1,2,1,,,2,,,,,,,,,2,2,,,,,,,,2,,,,,,4,1,1,,,,,,,,,,,,,,1,,1,3,,1,1,1,4,1,1,1,1,2,1,1,,3,2,,1,1,1,2,2,2,2,1,2,,,,,,,,,,1,2,,,,,,,,,,,,,,
2024,"Pakistan","PAK","South Asia",155833628,166797103,0.285730633617055,1,27,2,4,2,1,0,0,0,0,1,0,4,4,4,4,0,2,3,0,2,,,,,,,,,,2,2,2,2,2,2,2,2,2,,,,,,,,,2,2,2,2,2,2,2,2,,2,,,,2,2,2,,2,,1,,2,2,2,,,,7,,2,2,,,,,,,,,,,2,,2,,2,1,2,2,,1,2,,,,,,,,,2,2,,,,,,,,2,,,,,,4,0,2,1,2,2,1,2,1,2,1,2,,,,1,,,,,,,,,,,,,,,,2,2,,,,,,,,,,,,,,,,,,,,,,1,3,,,,,,,,,,,,,,
2024,"Pakistan","PAK","South Asia",155833628,166803962,0.42742962025302,1,40,1,5,2,2,0,0,0,0,0,0,4,4,4,2,0,2,3,0,2,,,,,,,,,,2,2,2,2,2,2,2,2,2,,,,,,,,,2,2,2,2,2,2,2,2,,2,,,,2,2,2,,2,,2,,2,2,2,,,2,5,1,4,2,,,,,,,,,,,2,,2,,2,1,2,2,,1,2,,,,,,,,,2,2,,,,,,,,1,2,2,1,,2,1,0,2,2,1,1,1,1,2,2,2,2,,,,2,,,,,,,,,,,,,,,,2,2,,,,,,,,,,,,,,,,,,,,,,1,2,,,,,,,,,,,,,,
2024,"Pakistan","PAK","South Asia",155833628,166814478,1.05982276227769,2,28,1,2,1,2,0,0,0,0,1,0,4,4,4,4,0,4,3,0,2,,,,,,,,,,2,2,2,2,2,2,2,2,2,,,,,,,,,2,2,2,2,2,2,2,2,,2,,,,2,2,2,,2,,1,,2,2,2,,,,2,2,2,2,,,,,,,,,,,2,,2,,2,2,,,,,2,,,,,,,,,2,2,,,,,,,,2,,,,,,4,0,1,,,,,,,,,,,,,,2,2,1,7,2,2,,,2,2,,2,2,,2,2,2,,,,,,,,,,,,,2,2,2,2,2,2,2,2,,1,2,,,,,,,,,,,,,,
2024,"Pakistan","PAK","South Asia",155833628,166883647,0.963330116929088,2,45,1,5,1,2,0,0,0,0,0,0,2,4,4,4,0,4,3,0,2,,,,,,,,,,2,2,2,2,1,2,1,2,2,,,,,,,,,2,1,2,1,3,2,2,2,,2,,,,2,2,2,,2,,2,,2,2,2,,,2,2,2,1,2,,,,,,,,,,,2,,2,,2,2,,,,,1,2,2,2,1,,,,,2,2,,,,,,,,2,,,,,,4,1,1,,,,,,,,,,,,,,1,,1,1,,2,,,1,1,1,2,2,,2,1,,1,1,3,,2,2,1,2,2,2,2,2,,,,,,,,,,1,2,,,,,,,,,,,,,,
2024,"Pakistan","PAK","South Asia",155833628,167019000,0.641061827626242,2,30,2,5,1,1,1,0,1,0,0,0,1,4,4,4,0,4,3,1,1,2,1,2,2,,2,1,2,2,,,,,,,,,,,,,,,,,,1,1,2,2,2,2,2,2,,2,,,,2,2,2,,2,,2,,2,2,2,,,2,1,1,4,1,1,1,1,2,2,,4,2,2,,2,,2,,2,2,,,,,1,1,1,2,,,2,1,,2,2,,,,,,,,2,,,,,,3,1,1,,,,,,,,,,,,,,1,,1,1,,1,1,1,2,1,1,2,2,,2,1,,1,1,3,,1,1,1,1,2,2,1,2,,,,,,,,,,1,2,,,,,,,,,,,,,,
2024,"Pakistan","PAK","South Asia",155833628,167158125,1.39197199362084,2,23,2,3,1,1,0,1,1,1,1,1,3,4,4,2,1,4,2,1,2,,,,,,,,,,2,2,1,2,2,2,1,2,2,2,2,2,2,2,2,2,,,,,,,,,2,1,2,2,2,2,,2,2,,2,2,1,,2,1,2,,,,2,3,4,2,,,,2,1,2,,1,2,,2,,1,2,2,2,,,,,1,2,2,2,2,2,,,,2,2,,,,,,,,1,2,2,1,,2,2,0,1,,,,,,,,,,,,,,2,2,1,1,,1,1,1,1,1,1,2,2,,2,2,2,,,,,,,,,,,,,1,1,2,2,2,2,2,1,1,1,2,,,,,,,,,,,,,,
2024,"Pakistan","PAK","South Asia",155833628,167402459,2.69820934289981,2,22,1,4,1,1,0,1,1,1,1,1,4,4,4,2,0,1,1,1,2,,,,,,,,,,2,2,1,1,1,1,1,1,1,1,2,1,2,1,2,2,,,,,,,,,2,1,1,1,1,2,,2,2,,2,1,1,1,1,1,2,,,,3,2,4,2,,,,2,2,,4,2,2,,2,,1,1,2,1,2,1,,,2,,,,,,,,,2,2,,,,,,,,1,2,2,1,,1,4,1,1,,,,,,,,,,,,,,1,,1,1,,1,1,1,2,1,1,1,2,,2,1,,1,1,3,,1,1,1,1,1,1,2,2,,,,,,,,,,1,2,,,,,,,,,,,,,,
2024,"Pakistan","PAK","South Asia",155833628,167675523,0.383465459580792,1,60,2,1,2,1,0,0,0,0,1,0,4,4,4,4,0,4,3,0,2,,,,,,,,,,2,2,1,2,1,2,1,2,2,,,,,,,,,2,2,2,1,2,2,2,2,,2,,,,2,2,2,,2,,2,,2,2,1,,,1,7,,1,2,,,,,,,,,,,2,,2,,2,2,,,,,2,,,,,,,,,2,2,,,,,,,,2,,,,,,4,0,2,1,2,2,2,2,1,2,1,1,2,2,2,,,,,,,,,,,,,,,,,2,2,,,,,,,,,,,,,,,,,,,,,,1,2,,,,,,,,,,,,,,
2024,"Pakistan","PAK","South Asia",155833628,167700899,1.18184980118441,1,40,1,5,2,2,0,0,0,0,0,0,4,4,4,4,0,2,3,0,2,,,,,,,,,,2,2,2,2,2,2,1,2,2,,,,,,,,,2,2,2,1,2,2,2,2,,2,,,,2,2,2,,2,,2,,2,2,2,,,2,7,,1,2,,,,,,,,,,,2,,2,,2,1,2,2,,1,2,,,,,,,,,2,2,,,,,,,,2,,,,,,4,0,2,1,1,2,1,2,2,2,4,1,2,2,2,,,,,,,,,,,,,,,,,2,2,,,,,,,,,,,,,,,,,,,,,,1,2,,,,,,,,,,,,,,
2024,"Pakistan","PAK","South Asia",155833628,168006763,0.610064190950703,1,19,2,3,2,1,0,0,0,0,1,0,4,4,4,4,0,4,3,0,2,,,,,,,,,,2,2,2,2,2,2,2,2,2,,,,,,,,,2,2,2,2,2,2,1,2,,2,,,,2,2,1,2,2,,2,,2,1,1,,,2,1,2,2,2,,,,,,,,,,,2,,2,,2,2,,,,,2,,,,,,,,,2,2,,,,,,,,2,,,,,,5,0,2,2,1,1,1,2,2,1,2,2,,,,2,,,,,,,,,,,,,,,,2,2,,,,,,,,,,,,,,,,,,,,,,2,,2,1,2,1,2,2,2,2,2,2,2,2,,
2024,"Pakistan","PAK","South Asia",155833628,168028197,1.36702663832601,2,60,2,2,2,2,0,0,0,0,1,0,4,4,4,4,0,4,3,0,2,,,,,,,,,,2,2,2,1,1,2,1,2,2,,,,,,,,,1,1,3,1,2,2,2,2,,2,,,,2,2,2,,2,,2,,2,2,1,,,1,2,1,4,2,,,,,,,,,,,2,,2,,2,2,,,,,2,,,,,,,,,2,2,,,,,,,,2,,,,,,4,0,1,,,,,,,,,,,,,,2,2,1,1,,1,1,2,2,2,,2,2,,2,2,2,,,,,,,,,,,,,1,1,2,1,2,2,2,2,4,1,2,,,,,,,,,,,,,,
2024,"Pakistan","PAK","South Asia",155833628,168035784,2.12632752608496,2,22,2,4,1,2,1,0,1,0,1,0,1,4,4,4,0,2,3,1,1,2,1,3,3,1,2,2,2,2,,,,,,,,,,,,,,,,,,2,2,2,1,2,1,2,2,,2,,,,2,2,2,,2,,1,,1,2,1,,,,2,1,1,2,,,,2,2,,4,2,2,,2,,2,,2,1,2,2,,1,1,2,1,2,,,2,1,,2,2,,,,,,,,2,,,,,,4,1,1,,,,,,,,,,,,,,1,,1,1,,1,1,1,2,1,1,2,1,2,2,1,,1,1,2,,1,1,1,1,2,2,2,2,,,,,,,,,,1,2,,,,,,,,,,,,,,
2024,"Pakistan","PAK","South Asia",155833628,168235721,0.285730633617055,1,22,2,5,2,2,0,0,0,0,0,0,4,4,4,4,0,4,2,0,2,,,,,,,,,,2,2,3,3,2,1,2,2,1,,,,,,,,,1,2,2,1,1,2,2,2,,2,,,,2,2,2,,2,,2,,2,2,2,,,2,1,2,5,2,,,,,,,,,,,2,,1,2,2,2,,,,,2,,,,,,,,,2,2,,,,,,,,2,,,,,,5,0,2,1,1,2,1,2,1,1,1,2,,,,1,,,,,,,,,,,,,,,,2,2,,,,,,,,,,,,,,,,,,,,,,1,2,,,,,,,,,,,,,,
2024,"Pakistan","PAK","South Asia",155833628,168318874,0.73157544411314,1,35,1,1,2,1,0,0,0,0,0,0,4,4,4,4,0,4,3,0,2,,,,,,,,,,2,2,2,1,1,1,1,1,1,,,,,,,,,1,1,1,1,1,2,2,2,,2,,,,2,2,2,,2,,2,,2,2,2,,,2,2,1,1,1,1,1,,,,,,,,,2,,2,,2,2,,,,,2,,,,,,,,,2,2,,,,,,,,2,,,,,,4,0,2,1,1,1,2,1,1,1,1,1,2,2,2,,,,,,,,,,,,,,,,,2,2,,,,,,,,,,,,,,,,,,,,,,1,2,,,,,,,,,,,,,,
2024,"Pakistan","PAK","South Asia",155833628,168389855,0.405098054706151,2,27,2,5,1,1,0,1,1,1,1,1,1,4,4,4,0,1,1,1,2,,,,,,,,,,2,2,1,1,1,1,1,2,2,1,2,2,2,1,2,2,,,,,,,,,2,1,2,2,2,2,,2,2,,1,1,1,,2,1,2,,,,5,1,3,2,,,,2,2,,4,1,2,,1,1,1,1,2,1,2,1,,,1,2,2,1,,,2,2,,2,2,,,,,,,,2,,,,,,4,1,1,,,,,,,,,,,,,,1,,1,1,,1,1,1,2,1,1,1,2,,2,1,,1,1,2,,1,1,1,1,2,2,1,2,,,,,,,,,,1,2,,,,,,,,,,,,,,
2024,"Pakistan","PAK","South Asia",155833628,168490381,0.705949237149272,2,45,2,4,1,1,0,0,0,0,1,1,4,4,4,4,0,2,3,0,2,,,,,,,,,,2,2,2,1,1,1,1,2,2,,,,,,,,,1,1,1,1,2,2,2,2,,1,,,,,2,2,,2,,1,1,1,1,2,,,,2,1,3,2,,,,,,,,,,,2,,2,,2,1,2,2,,1,2,,,,,,,,,2,2,,,,,,,,2,,,,,,4,1,1,,,,,,,,,,,,,,1,,1,1,,1,2,1,2,1,2,1,2,,2,1,,1,1,2,,1,1,1,2,2,2,2,2,,,,,,,,,,1,2,,,,,,,,,,,,,,
2024,"Pakistan","PAK","South Asia",155833628,168552229,0.920340298461442,2,28,1,3,1,1,0,0,0,0,1,0,4,4,4,4,0,4,3,0,2,,,,,,,,,,2,2,1,2,2,2,1,2,2,,,,,,,,,2,1,2,2,2,2,2,2,,2,,,,2,2,2,,2,,2,,2,2,1,,,2,2,1,4,2,,,,,,,,,,,2,,2,,2,2,,,,,2,,,,,,,,,2,2,,,,,,,,2,,,,,,4,0,1,,,,,,,,,,,,,,2,2,1,1,,2,,,2,2,,2,2,,2,2,2,,,,,,,,,,,,,1,2,2,2,2,2,2,1,1,1,2,,,,,,,,,,,,,,
2024,"Pakistan","PAK","South Asia",155833628,168571157,2.24871110307612,2,17,2,4,2,2,0,0,0,0,1,1,4,4,4,4,0,4,3,0,2,,,,,,,,,,2,2,1,2,2,1,1,1,1,,,,,,,,,2,1,1,1,1,2,1,2,,2,,,,1,2,2,,2,,1,,1,2,2,,,,2,2,4,2,,,,,,,,,,,2,,2,,2,2,,,,,2,,,,,,,,,2,2,,,,,,,,2,,,,,,4,1,1,,,,,,,,,,,,,,1,,1,1,,1,1,1,2,1,1,1,2,,2,1,,1,1,3,,1,1,1,2,1,2,2,2,,,,,,,,,,,,,,,,,,,,,,,,,
2024,"Pakistan","PAK","South Asia",155833628,168666353,0.622699747438832,2,72,2,3,1,1,1,0,1,0,1,0,4,4,4,2,0,3,2,0,2,2,1,2,2,,2,2,1,2,,,,,,,,,,,,,,,,,,1,1,1,1,1,2,2,2,,2,,,,2,3,2,,2,,2,,1,1,2,,,2,6,1,5,1,2,1,1,2,2,,4,2,2,,1,2,1,2,2,1,2,2,,2,2,,,,,,,,,2,2,,,,,,,,1,2,2,1,,2,1,0,2,1,1,1,1,2,1,2,1,2,,,,1,,,,,,,,,,,,,,,,2,2,,,,,,,,,,,,,,,,,,,,,,1,2,,,,,,,,,,,,,,
2024,"Pakistan","PAK","South Asia",155833628,168728352,0.604480807557036,2,42,1,4,1,1,0,0,0,0,1,1,4,4,4,2,0,4,3,0,2,,,,,,,,,,2,2,2,1,1,2,2,2,2,,,,,,,,,1,1,1,2,2,2,2,2,,1,,,,,2,2,,1,,1,3,2,1,2,,,,2,1,3,2,,,,,,,,,,,2,,2,,2,2,,,,,2,,,,,,,,,2,2,,,,,,,,1,2,2,1,,1,4,1,1,,,,,,,,,,,,,,1,,1,1,,2,,,2,1,1,2,2,,2,1,,1,1,2,,1,1,1,1,2,2,2,2,,,,,,,,,,1,2,,,,,,,,,,,,,,
2024,"Pakistan","PAK","South Asia",155833628,168923324,0.379464736940323,2,30,2,3,1,2,0,1,1,1,1,0,1,4,4,4,0,1,1,1,2,,,,,,,,,,2,2,1,1,1,2,1,2,1,1,2,2,2,1,2,2,,,,,,,,,2,2,2,,,,2,2,2,,2,1,1,,2,2,1,,,,5,1,1,2,,,,2,2,,4,1,2,,1,1,1,1,2,1,2,1,,,1,2,2,1,,,1,1,,2,2,,,,,,,,2,,,,,,4,1,1,,,,,,,,,,,,,,1,,1,1,,1,1,1,3,1,1,1,2,,2,1,,1,1,2,,1,1,1,1,2,2,2,2,,,,,,,,,,1,2,,,,,,,,,,,,,,
2024,"Pakistan","PAK","South Asia",155833628,169002697,0.285730633617055,1,51,2,5,2,2,0,0,0,0,1,0,4,4,4,4,0,4,3,0,2,,,,,,,,,,2,2,2,2,1,2,1,1,2,,,,,,,,,2,1,2,1,2,2,2,2,,2,,,,2,2,2,,2,,1,,1,2,1,,,,7,,1,2,,,,,,,,,,,2,,2,,2,2,,,,,2,,,,,,,,,2,2,,,,,,,,2,,,,,,3,0,1,,,,,,,,,,,,,,2,2,2,1,,2,,,2,2,,2,2,,2,2,2,,,,,,,,,,,,,1,1,2,1,2,8,2,1,1,1,2,,,,,,,,,,,,,,
2024,"Pakistan","PAK","South Asia",155833628,169058394,0.308439555424588,1,42,1,4,2,1,0,0,0,0,1,0,4,4,4,4,0,4,3,0,2,,,,,,,,,,2,2,1,2,2,2,2,2,1,,,,,,,,,2,2,2,2,2,1,2,2,,2,,,,2,2,2,,2,,1,,2,2,2,,,,1,1,4,2,,,,,,,,,,,2,,2,,2,2,,,,,2,,,,,,,,,2,2,,,,,,,,2,,,,,,2,0,1,,,,,,,,,,,,,,2,2,2,1,,2,,,3,2,,1,2,,2,2,2,,,,,,,,,,,,,2,2,2,2,1,1,2,2,5,1,2,,,,,,,,,,,,,,
2024,"Pakistan","PAK","South Asia",155833628,169298837,0.74957036769204,2,18,2,1,1,2,1,1,1,1,0,0,4,1,5,4,0,4,2,1,2,1,2,3,3,1,1,2,2,2,,,,,,,,,,,,,,,,,,,,,,,,,2,,2,,,,2,2,2,,2,,2,,2,2,2,,,3,2,2,3,2,,,,2,2,,3,2,2,,1,2,2,,1,2,,,,,2,,,,,,,,,1,3,2,1,,,3,1,1,2,,,,,,1,0,2,2,2,2,2,2,2,1,7,2,,,,1,,,,,,,,,,,,,,,,2,2,,,,,,,,,,,,,,,,,,,,,,1,2,,,,,,,,,,,,,,
2024,"Pakistan","PAK","South Asia",155833628,169345064,0.285730633617055,1,29,2,5,2,2,0,0,0,0,0,0,4,4,4,4,0,4,3,0,2,,,,,,,,,,2,2,2,2,2,2,2,2,2,,,,,,,,,2,2,2,1,2,2,2,2,,2,,,,2,2,2,,2,,2,,2,2,2,,,2,2,2,2,2,,,,,,,,,,,2,,2,,2,2,,,,,2,,,,,,,,,2,2,,,,,,,,2,,,,,,4,0,1,,,,,,,,,,,,,,1,,2,1,,1,1,1,2,1,2,2,2,,2,2,2,,,,,1,2,1,1,2,1,2,2,,,,,,,,,,1,1,,,,,,,,,,,,,,
2024,"Pakistan","PAK","South Asia",155833628,169607712,1.79880622859988,2,17,1,4,1,1,0,1,1,1,1,0,4,4,4,4,0,2,3,1,2,,,,,,,,,,2,2,1,2,1,2,1,2,1,1,3,3,3,2,1,2,,,,,,,,,2,2,2,,,,2,2,2,,2,2,1,,2,2,2,,,,3,1,1,2,,,,2,2,,4,2,2,,2,,2,,2,1,2,2,,1,2,,,,,,,,,2,2,,,,,,,,2,,,,,,5,0,1,,,,,,,,,,,,,,2,2,2,1,,1,1,1,2,2,,1,2,,2,2,2,,,,,,,,,,,,,1,1,1,2,1,2,2,2,1,,,,,,,,,,,,,,,,
2024,"Pakistan","PAK","South Asia",155833628,169807601,0.961431040084495,2,60,2,2,1,2,0,0,0,0,1,0,2,4,4,4,0,4,3,0,2,,,,,,,,,,2,2,2,2,2,1,2,2,2,,,,,,,,,1,1,2,1,2,2,2,2,,2,,,,2,2,2,,2,,1,,1,1,2,,,,1,2,2,2,,,,,,,,,,,2,,2,,2,2,,,,,1,2,2,2,1,,,,,2,2,,,,,,,,2,,,,,,2,1,1,,,,,,,,,,,,,,1,,1,1,,1,1,1,2,1,2,2,2,,2,1,,1,1,3,,1,2,1,2,2,2,8,2,,,,,,,,,,1,2,,,,,,,,,,,,,,
2024,"Pakistan","PAK","South Asia",155833628,169985456,0.285730633617055,1,36,2,5,1,1,1,0,1,0,1,0,4,4,4,4,0,2,3,0,2,2,1,2,2,,2,1,2,2,,,,,,,,,,,,,,,,,,1,1,2,1,2,2,2,2,,2,,,,2,2,2,,2,,1,,1,2,2,,,,1,2,1,1,1,1,2,2,2,,1,2,2,,2,,2,,2,1,2,2,,1,2,,,,,,,,,2,2,,,,,,,,2,,,,,,3,0,1,,,,,,,,,,,,,,2,2,2,1,,1,2,1,4,2,,2,1,1,2,2,2,,,,,,,,,,,,,1,1,2,2,2,2,2,2,1,1,2,,,,,,,,,,,,,,
2024,"Pakistan","PAK","South Asia",155833628,170012395,3.36249473672386,1,17,1,2,2,2,0,0,0,0,1,0,4,4,4,5,0,4,3,0,2,,,,,,,,,,2,2,3,1,1,1,1,2,3,,,,,,,,,3,1,1,1,3,2,2,2,,2,,,,2,2,2,,2,,2,,2,2,2,,,1,8,,5,2,,,,,,,,,,,2,,2,,2,2,,,,,2,,,,,,,,,2,2,,,,,,,,3,,,,,,4,0,2,1,1,1,2,1,2,1,1,2,,,,2,,,,,,,,,,,,,,,,2,2,,,,,,,,,,,,,,,,,,,,,,,,,,,,,,,,,,,,,
2024,"Pakistan","PAK","South Asia",155833628,170079871,1.27081229295436,2,36,2,2,1,2,0,0,0,0,1,0,4,4,4,4,0,4,3,0,2,,,,,,,,,,2,2,2,2,2,2,2,2,2,,,,,,,,,2,2,2,2,2,2,2,2,,2,,,,2,2,2,,2,,1,,2,2,2,,,,2,1,3,2,,,,,,,,,,,2,,2,,2,2,,,,,2,,,,,,,,,2,2,,,,,,,,2,,,,,,4,0,1,,,,,,,,,,,,,,2,2,1,1,,2,,,2,2,,2,2,,2,2,2,,,,,,,,,,,,,2,2,2,2,2,2,2,2,,1,2,,,,,,,,,,,,,,
2024,"Pakistan","PAK","South Asia",155833628,170229353,0.581941482716791,1,18,2,4,2,2,0,0,0,0,1,0,4,4,4,4,0,4,3,0,2,,,,,,,,,,2,2,1,2,3,1,1,2,2,,,,,,,,,2,1,1,1,2,2,2,2,,2,,,,2,2,2,,2,,1,,2,2,1,,,,2,1,1,2,,,,,,,,,,,2,,2,,2,2,,,,,2,,,,,,,,,2,2,,,,,,,,2,,,,,,4,1,2,1,2,2,2,2,1,1,1,1,1,2,2,,,,,,,,,,,,,,,,,1,,2,1,2,,1,1,2,2,1,2,2,2,,,,,,,,,,2,,2,2,2,2,2,2,2,2,2,1,2,2,,
2024,"Pakistan","PAK","South Asia",155833628,170231759,1.74262061789898,1,16,1,4,2,1,0,0,0,0,0,0,4,4,4,4,0,4,3,0,2,,,,,,,,,,2,2,2,3,3,3,2,2,3,,,,,,,,,2,2,3,2,2,2,2,2,,2,,,,2,2,2,,2,,2,,2,2,2,,,2,8,,1,2,,,,,,,,,,,2,,2,,2,2,,,,,2,,,,,,,,,2,2,,,,,,,,2,,,,,,3,1,2,2,8,1,2,1,2,1,7,1,1,2,1,,,,,,,,,,,,,,,,,1,,2,8,,8,1,1,2,2,2,2,2,2,,,,,,,,,,,,,,,,,,,,,,,,,
2024,"Pakistan","PAK","South Asia",155833628,170242478,0.503779555551112,2,35,2,3,1,2,1,1,1,1,1,1,1,4,4,4,1,1,1,1,1,1,1,2,2,,1,1,1,2,,,,,,,,,,,2,1,2,1,1,2,,,,,,,,,1,1,1,2,1,2,,2,2,,2,1,1,2,2,1,1,,,,1,1,4,2,,,,1,1,1,,1,1,3,1,1,1,1,1,1,1,1,,,1,2,1,1,,,2,2,,2,2,,,,,,,,2,,,,,,4,1,1,,,,,,,,,,,,,,1,,1,1,,1,1,1,2,1,1,2,2,,2,1,,1,1,3,,1,1,1,2,1,2,1,2,,,,,,,,,,1,2,,,,,,,,,,,,,,
2024,"Pakistan","PAK","South Asia",155833628,170285167,0.389904698885805,1,18,2,1,2,2,0,0,0,0,0,0,4,4,4,4,0,4,3,0,2,,,,,,,,,,2,2,1,2,2,2,2,2,2,,,,,,,,,2,2,2,2,2,2,2,2,,2,,,,2,2,2,,2,,2,,2,2,2,,,2,3,1,1,2,,,,,,,,,,,2,,2,,2,2,,,,,2,,,,,,,,,2,2,,,,,,,,2,,,,,,2,0,2,2,2,2,2,1,2,2,5,1,2,2,2,,,,,,,,,,,,,,,,,2,2,,,,,,,,,,,,,,,,,,,,,,2,,1,2,2,2,2,2,1,1,2,1,2,1,,
2024,"Pakistan","PAK","South Asia",155833628,170312246,1.64790434752134,2,18,2,4,1,1,0,0,0,0,1,0,2,4,4,4,0,2,2,0,2,,,,,,,,,,2,2,2,1,2,2,2,2,2,,,,,,,,,1,1,2,2,3,2,2,2,,2,,,,2,2,2,,2,,1,,2,2,1,,,,2,2,2,2,,,,,,,,,,,1,2,1,2,2,1,2,2,,1,1,2,2,2,1,,,,,2,2,,,,,,,,2,,,,,,4,1,1,,,,,,,,,,,,,,2,1,1,1,,1,1,1,4,1,1,2,2,,2,1,,1,1,1,,1,1,1,1,2,2,2,2,8,2,1,2,2,1,1,1,7,1,2,,,,,,,,,,,,,,
2024,"Pakistan","PAK","South Asia",155833628,170394843,0.38414104987892,2,49,1,3,1,2,0,1,1,1,1,1,2,4,4,4,0,4,1,1,2,,,,,,,,,,2,2,1,1,1,2,1,2,2,1,1,3,3,2,1,2,,,,,,,,,2,1,2,3,2,2,,2,1,2,2,2,1,,1,2,2,,,,2,2,1,1,2,1,2,2,2,,4,2,2,,1,1,1,1,1,2,,,,,1,2,2,2,1,,,,,2,2,,,,,,,,2,,,,,,3,1,1,,,,,,,,,,,,,,1,,1,1,,1,1,1,4,2,,2,2,,2,1,,1,1,3,,1,1,1,2,2,2,2,2,,,,,,,,,,1,2,,,,,,,,,,,,,,
2024,"Pakistan","PAK","South Asia",155833628,170513206,2.59413873371439,1,60,1,1,2,2,1,0,1,0,1,0,4,4,4,4,0,4,3,0,2,2,2,3,3,2,2,2,2,1,,,,,,,,,,,,,,,,,,2,2,2,2,2,2,1,2,,2,,,,2,2,1,1,1,,2,,1,1,1,2,,,1,1,2,1,1,2,2,2,2,,3,2,2,,2,,2,,2,2,,,,,2,,,,,,,,,2,2,,,,,,,,2,,,,,,3,0,2,2,2,1,2,2,2,2,3,2,,,,1,,,,,,,,,,,,,,,,2,8,,,,,,,,,,,,,,,,,,,,,,1,2,,,,,,,,,,,,,,
2024,"Pakistan","PAK","South Asia",155833628,170680519,0.314420905567448,2,29,2,2,1,1,1,1,1,1,1,1,1,4,4,1,0,4,3,1,1,1,1,2,2,,2,1,2,1,,,,,,,,,,,,,,,,,,,,,,,,,2,,1,,,,,1,2,,1,,2,1,2,2,2,2,,,3,1,5,2,,,,2,2,,1,1,2,,2,,2,,1,2,,,,,1,2,1,2,,,2,2,,2,2,,,,,,,,1,2,1,,,2,4,1,1,,,,,,,,,,,,,,1,,1,3,,1,2,1,2,1,1,2,2,,2,2,1,3,1,2,,2,2,1,1,2,1,2,1,,,,,,,,,,1,2,,,,,,,,,,,,,,
2024,"Pakistan","PAK","South Asia",155833628,170760068,0.976372667701903,2,50,1,4,2,1,1,0,1,0,1,1,4,2,4,3,0,4,2,0,2,2,1,3,3,1,2,2,2,2,,,,,,,,,,,,,,,,,,1,1,2,1,1,1,2,2,,1,,,,,2,2,,2,,1,1,2,2,1,,,,2,1,5,2,,,,2,2,,1,2,2,,2,,1,2,2,2,,,,,2,,,,,,,,,1,2,2,2,1,,,,,1,2,2,2,2,2,1,0,2,2,2,1,2,2,1,1,3,2,,,,1,,,,,,,,,,,,,,,,2,2,,,,,,,,,,,,,,,,,,,,,,1,2,,,,,,,,,,,,,,
2024,"Pakistan","PAK","South Asia",155833628,170858818,0.901181912651298,1,50,1,4,1,2,0,0,0,0,1,0,2,4,4,4,0,4,2,0,2,,,,,,,,,,2,2,2,1,1,2,1,2,3,,,,,,,,,1,1,2,1,2,2,2,2,,2,,,,2,2,2,,2,,1,,1,2,1,,,,2,1,1,2,,,,,,,,,,,2,,1,2,2,2,,,,,1,2,2,2,1,,,,,2,2,,,,,,,,2,,,,,,4,0,2,1,2,1,1,2,2,1,1,1,2,1,2,,,,,,,,,,,,,,,,,2,2,,,,,,,,,,,,,,,,,,,,,,1,2,,,,,,,,,,,,,,
2024,"Pakistan","PAK","South Asia",155833628,171013130,0.737620811798524,1,28,1,4,1,1,0,0,0,0,0,0,2,4,4,4,0,4,3,0,2,,,,,,,,,,2,2,2,2,2,2,1,2,2,,,,,,,,,2,2,2,1,2,2,2,2,,2,,,,2,2,2,,2,,2,,2,2,2,,,2,2,1,2,1,2,1,,,,,,,,,2,,2,,2,2,,,,,1,2,2,2,1,,,,,2,2,,,,,,,,2,,,,,,4,0,2,1,1,2,2,1,2,2,5,2,,,,1,,,,,,,,,,,,,,,,2,2,,,,,,,,,,,,,,,,,,,,,,1,2,,,,,,,,,,,,,,
2024,"Pakistan","PAK","South Asia",155833628,171018926,0.925318666273763,1,40,1,3,2,1,0,0,0,0,1,0,4,4,5,4,0,2,3,0,2,,,,,,,,,,2,2,2,2,2,2,1,2,2,,,,,,,,,2,1,1,2,1,2,2,2,,2,,,,2,2,2,,2,,1,,2,2,2,,,,2,1,1,2,,,,,,,,,,,2,,2,,2,1,2,2,,1,2,,,,,,,,,2,3,,,,,,,,2,,,,,,4,0,2,1,1,1,2,2,2,2,1,2,,,,1,,,,,,,,,,,,,,,,2,2,,,,,,,,,,,,,,,,,,,,,,1,2,,,,,,,,,,,,,,
2024,"Pakistan","PAK","South Asia",155833628,171040546,0.338447532360629,1,29,1,3,2,2,0,0,0,0,1,0,4,4,4,4,0,4,3,0,2,,,,,,,,,,2,2,2,3,2,2,1,2,2,,,,,,,,,3,2,2,1,2,2,2,2,,2,,,,2,2,2,,2,,2,,1,2,2,,,1,4,1,1,2,,,,,,,,,,,2,,2,,2,2,,,,,2,,,,,,,,,2,2,,,,,,,,2,,,,,,3,0,2,1,1,2,1,2,2,1,7,1,2,1,2,,,,,,,,,,,,,,,,,2,2,,,,,,,,,,,,,,,,,,,,,,1,2,,,,,,,,,,,,,,
2024,"Pakistan","PAK","South Asia",155833628,171052069,0.34716252568722,1,40,1,2,2,1,0,0,0,0,1,0,4,4,4,4,0,4,3,0,2,,,,,,,,,,2,2,2,1,1,1,1,2,2,,,,,,,,,2,1,1,1,2,2,2,2,,2,,,,2,2,2,,2,,1,,1,2,2,,,,7,,2,2,,,,,,,,,,,2,,2,,2,2,,,,,2,,,,,,,,,2,2,,,,,,,,2,,,,,,4,0,2,1,1,2,1,2,2,1,1,2,,,,1,,,,,,,,,,,,,,,,2,2,,,,,,,,,,,,,,,,,,,,,,1,2,,,,,,,,,,,,,,
2024,"Pakistan","PAK","South Asia",155833628,171352869,0.285730633617055,1,27,1,1,2,1,0,0,0,0,0,0,4,4,4,4,0,4,3,0,2,,,,,,,,,,2,2,2,2,2,2,2,2,2,,,,,,,,,2,2,2,2,2,2,2,2,,2,,,,2,2,2,,2,,2,,2,2,2,,,2,1,1,4,2,,,,,,,,,,,2,,2,,2,2,,,,,2,,,,,,,,,2,2,,,,,,,,2,,,,,,2,0,1,,,,,,,,,,,,,,2,2,2,1,,2,,,3,2,,2,2,,2,2,2,,,,,,,,,,,,,2,2,2,2,2,2,2,2,,1,2,,,,,,,,,,,,,,
2024,"Pakistan","PAK","South Asia",155833628,171376913,0.285730633617055,1,24,1,2,2,1,1,0,1,1,1,0,4,4,4,4,0,4,1,1,1,1,2,2,2,,2,2,2,2,,,,,,,,,,,,,,,,,,2,3,2,1,2,2,2,2,,2,,,,2,2,2,,2,,1,,2,2,1,,,,3,1,1,1,2,1,1,2,2,,4,2,2,,2,,1,1,2,2,,,,,2,,,,,,,,,2,2,,,,,,,,2,,,,,,4,0,1,,,,,,,,,,,,,,2,2,1,1,,1,1,1,2,2,,2,2,,2,2,2,,,,,,,,,,,,,1,1,2,2,2,2,2,2,1,1,2,,,,,,,,,,,,,,
2024,"Pakistan","PAK","South Asia",155833628,171602319,0.60947592975509,2,31,1,3,1,1,0,0,0,0,1,0,2,4,4,4,0,2,3,0,2,,,,,,,,,,2,2,1,2,1,2,1,2,1,,,,,,,,,2,1,2,1,2,2,2,2,,2,,,,2,2,2,,2,,1,,2,2,2,,,,7,,1,2,,,,,,,,,,,2,,2,,2,1,2,2,,1,1,2,2,2,1,,,,,2,2,,,,,,,,2,,,,,,4,1,1,,,,,,,,,,,,,,1,,1,1,,2,,,2,2,,2,2,,2,1,,2,1,2,,1,1,1,1,2,2,2,2,,,,,,,,,,1,2,,,,,,,,,,,,,,
2024,"Pakistan","PAK","South Asia",155833628,171615434,0.47873424885909,1,29,3,5,2,2,0,0,0,0,0,0,4,4,4,4,0,2,3,0,2,,,,,,,,,,2,1,2,2,1,2,2,2,2,,,,,,,,,2,2,2,2,2,2,2,2,,2,,,,2,2,2,,2,,2,,2,2,2,,,2,1,3,3,2,,,,,,,,,,,2,,2,,2,1,2,2,,1,2,,,,,,,,,2,2,,,,,,,,2,,,,,,4,1,1,,,,,,,,,,,,,,1,,1,1,,1,1,1,2,1,1,1,2,,2,1,,1,1,4,,1,1,1,1,2,2,2,2,,,,,,,,,,1,2,,,,,,,,,,,,,,
2024,"Pakistan","PAK","South Asia",155833628,171693301,2.36369960236882,1,40,1,5,2,2,1,1,1,1,1,1,4,4,4,4,0,2,3,1,2,1,1,3,3,1,1,2,2,2,,,,,,,,,,,2,2,2,2,2,2,,,,,,,,,2,2,1,,,,,2,2,,2,2,1,2,2,1,2,,,,2,1,2,2,,,,2,2,,4,2,2,,2,,2,,2,1,2,2,,1,2,,,,,,,,,2,2,,,,,,,,2,,,,,,2,0,1,,,,,,,,,,,,,,2,2,2,1,,2,,,1,2,,2,2,,2,2,2,,,,,,,,,,,,,1,2,2,1,2,2,2,2,4,1,2,,,,,,,,,,,,,,
2024,"Pakistan","PAK","South Asia",155833628,171943288,2.0372181006014,2,18,1,2,2,2,0,0,0,0,0,0,4,4,4,4,0,4,3,0,2,,,,,,,,,,2,2,2,1,1,1,2,2,2,,,,,,,,,1,1,1,1,1,2,2,2,,2,,,,2,2,2,,2,,2,,2,2,2,,,2,2,1,4,2,,,,,,,,,,,2,,2,,2,2,,,,,2,,,,,,,,,2,2,,,,,,,,2,,,,,,3,0,1,,,,,,,,,,,,,,2,2,2,1,,1,1,2,1,2,,2,2,,2,2,2,,,,,,,,,,,,,1,2,2,2,1,2,1,2,1,1,2,,,,,,,,,,,,,,
2024,"Pakistan","PAK","South Asia",155833628,172257373,2.2599398777152,1,50,1,5,2,2,0,0,0,0,0,1,4,4,4,4,0,2,3,0,2,,,,,,,,,,2,2,2,2,1,2,1,2,1,,,,,,,,,2,2,2,1,2,2,2,2,,1,,,,,2,2,,2,,2,2,2,2,2,,,2,2,1,2,2,,,,,,,,,,,2,,2,,2,1,2,2,,1,2,,,,,,,,,2,2,,,,,,,,2,,,,,,4,0,2,2,2,2,1,2,2,1,7,1,2,2,8,,,,,,,,,,,,,,,,,2,2,,,,,,,,,,,,,,,,,,,,,,2,,2,2,2,2,2,2,2,2,2,2,2,2,,
2024,"Pakistan","PAK","South Asia",155833628,172261009,2.7416131005568,2,52,1,2,1,1,0,0,0,0,1,0,2,4,4,4,0,4,3,0,2,,,,,,,,,,2,2,2,1,1,1,1,2,3,,,,,,,,,1,3,1,1,3,2,2,2,,2,,,,2,2,2,,2,,2,,2,2,2,,,1,7,,1,2,,,,,,,,,,,2,,2,,2,2,,,,,1,2,2,2,1,,,,,2,2,,,,,,,,2,,,,,,1,0,1,,,,,,,,,,,,,,2,2,1,1,,2,,,3,2,,2,2,,2,2,2,,,,,,,,,,,,,1,8,8,1,2,8,2,1,1,1,2,,,,,,,,,,,,,,
2024,"Pakistan","PAK","South Asia",155833628,172272663,2.08579515258368,2,15,1,3,1,2,1,0,1,0,1,1,1,4,4,4,0,2,3,1,2,,,,,,,,,,,,,,,,,,,,,,,,,,,2,2,1,1,2,2,2,2,,1,,,,,2,2,,2,,1,2,1,2,1,,,,1,1,5,2,,,,,,,,,,,2,,2,,2,1,2,2,,1,1,2,1,2,,,2,5,,2,2,,,,,,,,2,,,,,,4,1,2,1,2,2,2,1,1,1,5,1,1,2,2,,,,,,,,,,,,,,,,,1,,2,1,2,,1,1,1,1,2,2,2,2,,,,,,,,,,,,,,,,,,,,,,,,,
2024,"Pakistan","PAK","South Asia",155833628,172467105,0.82486747825776,2,40,1,4,1,2,0,0,0,0,1,0,4,4,4,4,0,4,3,0,2,,,,,,,,,,2,2,1,2,1,2,1,2,2,,,,,,,,,2,1,2,2,2,2,2,2,,2,,,,2,2,2,,2,,1,,1,1,1,,,,2,2,1,2,,,,,,,,,,,2,,2,,2,2,,,,,2,,,,,,,,,2,2,,,,,,,,2,,,,,,5,0,1,,,,,,,,,,,,,,2,2,1,1,,1,1,1,2,2,,2,2,,2,2,2,,,,,,,,,,,,,1,2,2,2,2,2,2,2,1,1,2,,,,,,,,,,,,,,
2024,"Pakistan","PAK","South Asia",155833628,172924052,0.285730633617055,1,33,2,5,2,2,0,0,0,0,1,1,4,4,4,4,0,2,3,0,2,,,,,,,,,,2,2,1,1,1,2,2,1,2,,,,,,,,,1,2,2,2,2,1,1,2,,1,,,,,2,2,,2,,1,2,1,2,2,,,,2,2,2,1,1,2,,,,,,,,,2,,2,,2,1,2,2,,1,2,,,,,,,,,2,2,,,,,,,,2,,,,,,4,1,1,,,,,,,,,,,,,,1,,1,1,,1,1,1,1,2,,2,2,,2,1,,1,1,2,,1,1,1,1,2,2,2,2,,,,,,,,,,1,2,,,,,,,,,,,,,,
2024,"Pakistan","PAK","South Asia",155833628,172924458,0.514112409206706,1,40,1,4,2,2,0,0,0,0,1,0,4,4,4,4,0,4,3,0,2,,,,,,,,,,2,2,2,2,1,2,1,2,3,,,,,,,,,2,1,2,1,2,2,2,2,,2,,,,2,2,2,,2,,1,,2,2,2,,,,7,,1,2,,,,,,,,,,,2,,2,,2,2,,,,,2,,,,,,,,,2,2,,,,,,,,2,,,,,,4,0,1,,,,,,,,,,,,,,2,2,1,7,2,1,1,1,3,2,,2,8,,2,2,2,,,,,,,,,,,,,1,8,2,2,2,2,2,2,1,1,3,,,,,,,,,,,,,,
2024,"Pakistan","PAK","South Asia",155833628,172968229,0.840452262632581,1,65,1,4,2,2,0,0,0,0,0,0,4,4,4,4,0,4,3,0,2,,,,,,,,,,2,2,2,1,1,2,1,2,1,,,,,,,,,2,1,1,1,1,2,2,2,,2,,,,2,2,2,,2,,2,,2,2,2,,,2,7,,1,1,2,1,,,,,,,,,2,,2,,2,2,,,,,2,,,,,,,,,2,2,,,,,,,,2,,,,,,3,0,2,1,2,1,1,2,1,2,1,2,,,,1,,,,,,,,,,,,,,,,2,2,,,,,,,,,,,,,,,,,,,,,,1,2,,,,,,,,,,,,,,
2024,"Pakistan","PAK","South Asia",155833628,173160804,0.507942533778707,2,28,1,5,1,2,1,1,1,1,1,1,1,4,4,1,1,4,1,1,1,1,1,1,1,,1,1,1,2,,,,,,,,,,,1,2,1,1,2,2,,,,,,,,,2,1,1,1,1,2,,2,2,,2,2,1,2,2,2,2,,,,5,2,1,2,,,,1,1,2,,1,2,,1,1,1,1,1,2,,,,,1,2,1,1,,,1,2,,2,2,,,,,,,,1,1,1,,,1,4,1,1,,,,,,,,,,,,,,1,,1,1,,1,1,1,2,1,1,2,1,2,1,1,,1,2,,2,1,1,1,1,1,1,1,2,,,,,,,,,,1,1,,,,,,,,,,,,,,
2024,"Pakistan","PAK","South Asia",155833628,173161861,0.74729904024193,1,50,1,4,2,1,0,0,0,0,1,0,4,4,4,3,0,2,3,0,2,,,,,,,,,,2,2,2,2,2,2,2,2,2,,,,,,,,,2,2,2,2,2,2,2,2,,2,,,,2,2,2,,2,,2,,2,2,2,,,1,5,1,4,2,,,,,,,,,,,2,,2,,2,1,2,2,,1,2,,,,,,,,,2,2,,,,,,,,1,2,2,2,2,2,4,0,2,1,2,1,2,2,1,1,7,2,,,,2,,,,,,,,,,,,,,,,2,2,,,,,,,,,,,,,,,,,,,,,,1,2,,,,,,,,,,,,,,
2024,"Pakistan","PAK","South Asia",155833628,173346896,1.55343949750551,2,28,2,3,1,2,1,1,1,1,1,1,1,4,4,4,1,1,3,1,1,1,1,2,2,,1,2,1,2,,,,,,,,,,,1,1,1,1,2,2,,,,,,,,,1,1,1,2,1,1,,2,2,,2,1,1,2,2,1,2,,,,1,1,4,2,,,,2,2,,4,1,1,1,2,,2,,2,1,1,1,,,1,2,1,1,,,2,2,,2,2,,,,,,,,2,,,,,,4,1,1,,,,,,,,,,,,,,1,,1,1,,1,1,1,2,1,1,1,2,,2,1,,1,1,3,,1,1,1,1,1,1,1,1,,,,,,,,,,1,2,,,,,,,,,,,,,,
2024,"Pakistan","PAK","South Asia",155833628,173774198,0.968248191327688,1,35,1,1,2,1,0,0,0,0,0,0,4,4,4,4,0,4,3,0,2,,,,,,,,,,2,2,2,3,3,2,2,2,2,,,,,,,,,3,3,2,1,3,2,2,2,,2,,,,2,2,2,,2,,2,,2,2,2,,,2,7,,5,1,2,2,,,,,,,,,2,,2,,2,2,,,,,2,,,,,,,,,2,2,,,,,,,,2,,,,,,4,0,2,1,8,2,1,1,8,2,4,2,,,,2,,,,,,,,,,,,,,,,2,2,,,,,,,,,,,,,,,,,,,,,,1,2,,,,,,,,,,,,,,
2024,"Pakistan","PAK","South Asia",155833628,173861487,1.05970158949246,1,23,3,2,2,2,0,0,0,0,0,1,4,4,4,4,0,4,3,0,2,,,,,,,,,,1,2,2,2,1,1,1,1,2,,,,,,,,,,,,,,,,2,1,2,3,2,2,,2,2,,2,2,2,,2,2,2,,,2,3,2,2,1,2,2,2,2,2,,4,2,1,2,2,,2,,2,2,,,,,2,,,,,,,,,2,2,,,,,,,,2,,,,,,5,1,1,,,,,,,,,,,,,,1,,1,1,,1,2,1,1,1,2,2,2,,2,1,,1,2,,1,1,2,2,2,2,2,2,2,,,,,,,,,,1,2,,,,,,,,,,,,,,
2024,"Pakistan","PAK","South Asia",155833628,173887293,0.623687970701647,2,35,2,3,1,1,0,0,0,0,1,1,2,4,4,4,0,4,3,0,2,,,,,,,,,,2,2,2,1,1,1,1,2,1,,,,,,,,,1,1,1,1,1,2,2,2,,2,,,,1,2,2,,2,,2,,2,2,1,,,2,1,1,3,1,1,1,,,,,,,,,2,,2,,2,2,,,,,1,2,2,2,1,,,,,2,2,,,,,,,,2,,,,,,3,1,1,,,,,,,,,,,,,,1,,1,1,,1,1,1,1,1,1,1,2,,2,1,,1,1,3,,1,1,1,1,2,1,2,2,,,,,,,,,,1,2,,,,,,,,,,,,,,
2024,"Pakistan","PAK","South Asia",155833628,173900611,0.507942533778707,2,32,1,4,2,2,0,1,1,1,1,0,4,4,4,4,0,1,1,1,2,,,,,,,,,,2,2,1,2,2,2,1,2,2,1,1,1,2,1,2,2,,,,,,,,,2,2,2,,,,2,2,2,,2,2,1,,2,1,1,,,,2,2,3,2,,,,2,2,,1,1,2,,1,1,1,1,2,1,2,1,,,2,,,,,,,,,2,2,,,,,,,,2,,,,,,4,1,1,,,,,,,,,,,,,,1,,1,1,,1,1,1,1,1,1,2,2,,2,1,,1,1,3,,1,1,1,2,2,2,2,2,,,,,,,,,,1,2,,,,,,,,,,,,,,
2024,"Pakistan","PAK","South Asia",155833628,173916172,1.1299699388576,1,50,1,4,2,2,0,0,0,0,1,0,4,4,4,4,0,4,3,0,2,,,,,,,,,,2,2,2,2,1,2,2,2,1,,,,,,,,,2,2,2,1,2,2,2,2,,2,,,,2,2,2,,2,,1,,1,2,2,,,,7,,2,2,,,,,,,,,,,2,,2,,2,2,,,,,2,,,,,,,,,2,2,,,,,,,,2,,,,,,4,0,2,1,1,2,1,2,2,2,1,2,,,,1,,,,,,,,,,,,,,,,2,2,,,,,,,,,,,,,,,,,,,,,,1,2,,,,,,,,,,,,,,
2024,"Pakistan","PAK","South Asia",155833628,174398433,0.285730633617055,1,37,1,3,2,2,0,0,0,0,1,0,4,4,4,4,0,2,3,0,2,,,,,,,,,,2,2,2,3,1,2,2,1,2,,,,,,,,,1,1,2,2,1,2,2,2,,2,,,,2,2,2,,2,,2,,2,2,1,,,2,2,1,1,1,2,2,,,,,,,,,2,,2,,2,1,2,2,,1,2,,,,,,,,,2,2,,,,,,,,2,,,,,,5,0,1,,,,,,,,,,,,,,2,2,2,2,,2,,,2,2,,2,2,,2,2,2,,,,,,,,,,,,,2,1,2,1,2,1,2,2,6,1,2,,,,,,,,,,,,,,
2024,"Pakistan","PAK","South Asia",155833628,174486554,3.36249473672386,2,55,1,2,1,1,0,0,0,0,1,0,4,4,4,4,0,2,2,0,2,,,,,,,,,,2,2,2,2,1,2,1,2,2,,,,,,,,,2,1,2,2,2,2,2,2,,2,,,,2,2,2,,2,,1,,2,2,2,,,,2,3,1,2,,,,,,,,,,,1,2,2,,2,1,2,2,,1,2,,,,,,,,,2,2,,,,,,,,2,,,,,,4,0,1,,,,,,,,,,,,,,2,2,2,1,,2,,,2,2,,2,2,,2,2,2,,,,,,,,,,,,,1,2,2,1,2,2,2,1,8,1,2,,,,,,,,,,,,,,
2024,"Pakistan","PAK","South Asia",155833628,175055247,0.285730633617055,1,30,3,5,2,2,0,0,0,0,1,1,4,4,4,4,0,4,3,0,2,,,,,,,,,,2,2,1,2,2,2,1,2,2,,,,,,,,,2,2,2,1,2,2,2,2,,1,,,,,2,2,,2,,1,2,2,2,2,,,,2,2,2,2,,,,,,,,,,,2,,2,,2,2,,,,,2,,,,,,,,,2,2,,,,,,,,2,,,,,,4,1,1,,,,,,,,,,,,,,1,,2,1,,1,1,1,2,1,1,2,2,,2,2,1,4,2,,1,2,2,2,2,2,2,2,2,,,,,,,,,,1,2,,,,,,,,,,,,,,
2024,"Pakistan","PAK","South Asia",155833628,175119234,0.771429447232001,2,25,1,5,1,1,1,0,1,0,0,1,4,4,4,4,0,1,3,1,2,,,,,,,,,,,,,,,,,,,,,,,,,,,2,1,1,2,2,2,2,2,,1,,,,,2,2,,2,,2,2,2,2,2,,,2,2,2,4,2,,,,,,,,,,,2,,2,,1,1,1,2,2,,2,,,,,,,,,2,2,,,,,,,,2,,,,,,4,1,1,,,,,,,,,,,,,,1,,1,1,,1,1,1,1,1,1,2,2,,2,2,1,1,1,3,,1,1,1,2,2,2,2,2,,,,,,,,,,1,2,,,,,,,,,,,,,,
2024,"Pakistan","PAK","South Asia",155833628,175338930,0.369180602456848,2,41,1,4,1,2,1,1,1,1,1,1,1,4,4,4,1,1,1,1,1,1,1,3,2,,2,1,1,2,,,,,,,,,,,2,2,2,1,2,2,,,,,,,,,2,1,1,2,2,2,,2,1,1,1,2,1,1,1,1,2,,,,2,2,2,1,1,1,1,1,1,2,,1,2,,1,1,1,1,1,1,1,1,,,1,2,1,1,,,1,2,,2,2,,,,,,,,2,,,,,,2,1,1,,,,,,,,,,,,,,1,,1,1,,1,1,1,2,1,1,1,1,2,1,1,,1,1,3,,1,1,1,1,1,1,2,2,,,,,,,,,,1,2,,,,,,,,,,,,,,
2024,"Pakistan","PAK","South Asia",155833628,175362944,0.285730633617055,1,26,2,4,2,1,0,0,0,0,1,0,4,4,4,4,0,4,3,0,2,,,,,,,,,,2,2,1,1,2,2,1,2,2,,,,,,,,,1,1,2,1,2,2,2,2,,2,,,,2,2,2,,1,,2,,2,1,1,,,,2,1,1,2,,,,,,,,,,,2,,2,,1,2,,,,,2,,,,,,,,,2,2,,,,,,,,2,,,,,,4,1,1,,,,,,,,,,,,,,2,2,1,1,,1,1,1,2,2,,2,1,2,2,1,,2,1,2,,1,1,1,2,2,2,2,2,1,1,1,2,2,1,1,2,1,1,2,,,,,,,,,,,,,,
2024,"Pakistan","PAK","South Asia",155833628,175518872,0.70952539934746,1,17,2,4,2,2,0,0,0,0,1,0,4,4,4,4,0,2,3,0,2,,,,,,,,,,2,2,2,2,2,1,1,3,3,,,,,,,,,3,3,2,1,2,2,2,2,,2,,,,2,2,2,,2,,1,,2,2,2,,,,3,1,1,2,,,,,,,,,,,2,,2,,2,1,2,2,,1,2,,,,,,,,,2,2,,,,,,,,2,,,,,,4,1,2,1,8,2,2,2,8,1,1,1,1,2,1,,,,,,,,,,,,,,,,,1,,1,1,4,,2,2,2,2,2,2,2,2,,,,,,,,,,,,,,,,,,,,,,,,,
2024,"Pakistan","PAK","South Asia",155833628,175560685,0.503779555551112,2,40,2,4,1,2,1,1,1,1,1,1,1,4,4,4,1,1,1,1,1,1,1,2,2,,1,1,1,2,,,,,,,,,,,2,2,1,1,1,1,2,,,,,,,,1,1,1,2,2,1,,2,2,,1,1,1,2,2,2,2,,,,2,2,3,1,2,2,1,1,1,1,,1,1,3,1,1,1,1,2,1,1,1,,,1,2,2,1,,,1,2,,2,2,,,,,,,,2,,,,,,4,1,1,,,,,,,,,,,,,,1,,1,1,,1,1,1,2,1,1,1,2,,2,1,,1,1,3,,1,1,1,1,2,1,1,2,,,,,,,,,,1,2,,,,,,,,,,,,,,
2024,"Pakistan","PAK","South Asia",155833628,175735373,0.893538207500257,2,48,1,4,1,2,1,1,1,1,1,0,1,4,4,4,0,2,3,1,1,1,1,2,2,,2,3,2,2,,,,,,,,,,,2,3,3,2,2,2,,,,,,,,,2,2,2,,,,2,2,2,,2,2,1,,2,2,1,,,,2,1,1,2,,,,2,2,,4,2,2,,2,,2,,2,1,2,2,,1,1,2,1,2,,,2,1,,2,2,,,,,,,,2,,,,,,4,1,1,,,,,,,,,,,,,,1,,1,1,,1,1,1,2,2,,2,2,,2,1,,1,1,2,,1,2,1,1,2,2,2,2,,,,,,,,,,1,2,,,,,,,,,,,,,,
2024,"Pakistan","PAK","South Asia",155833628,175765824,3.36249473672386,1,18,1,3,2,1,0,0,0,0,1,0,4,4,4,4,0,4,3,0,2,,,,,,,,,,2,2,2,2,2,2,2,2,2,,,,,,,,,2,2,2,2,2,2,2,2,,2,,,,2,2,2,,2,,1,,1,1,2,,,,7,,1,1,2,1,,,,,,,,,2,,2,,2,2,,,,,2,,,,,,,,,2,2,,,,,,,,2,,,,,,4,0,2,1,2,2,2,2,2,2,1,2,,,,2,,,,,,,,,,,,,,,,2,2,,,,,,,,,,,,,,,,,,,,,,1,2,,,,,,,,,,,,,,
2024,"Pakistan","PAK","South Asia",155833628,175902529,1.13469061135349,1,18,1,3,2,1,0,0,0,0,1,0,4,4,4,4,0,5,3,0,2,,,,,,,,,,2,2,3,1,1,1,1,2,2,,,,,,,,,1,1,1,1,2,2,2,2,,2,,,,2,2,2,,2,,1,,2,2,2,,,,3,1,5,2,,,,,,,,,,,2,,2,,2,3,,,,,2,,,,,,,,,2,2,,,,,,,,2,,,,,,5,0,2,2,2,1,2,1,1,2,5,2,,,,1,,,,,,,,,,,,,,,,2,2,,,,,,,,,,,,,,,,,,,,,,1,2,,,,,,,,,,,,,,
2024,"Pakistan","PAK","South Asia",155833628,176000707,0.511603398259641,2,40,1,2,1,2,0,1,1,1,0,1,4,4,4,4,0,4,2,1,2,,,,,,,,,,2,1,1,1,1,2,1,1,2,1,2,3,2,2,1,2,,,,,,,,,2,2,1,,,,,2,2,,2,2,2,2,2,2,2,,,2,2,1,1,2,,,,2,2,,1,2,2,,1,2,2,,2,2,,,,,2,,,,,,,,,2,2,,,,,,,,2,,,,,,2,0,1,,,,,,,,,,,,,,2,2,2,1,,2,,,1,2,,2,2,,2,2,2,,,,,,,,,,,,,1,1,2,2,1,1,2,1,6,1,2,,,,,,,,,,,,,,
2024,"Pakistan","PAK","South Asia",155833628,176091617,1.05892385572391,2,51,2,5,2,1,0,0,0,0,0,0,4,4,4,4,0,4,3,0,2,,,,,,,,,,2,2,3,1,2,2,2,2,1,,,,,,,,,2,2,1,2,2,2,2,2,,2,,,,2,2,2,,2,,2,,2,2,2,,,2,3,2,4,2,,,,,,,,,,,2,,2,,2,2,,,,,2,,,,,,,,,2,2,,,,,,,,2,,,,,,4,0,1,,,,,,,,,,,,,,2,2,8,2,,2,,,3,2,,2,2,,2,2,2,,,,,,,,,,,,,8,8,8,2,9,2,2,1,8,1,2,,,,,,,,,,,,,,
2024,"Pakistan","PAK","South Asia",155833628,176199964,2.82767256279765,1,40,1,3,2,1,0,0,0,0,0,0,4,4,4,4,0,4,3,0,2,,,,,,,,,,2,2,2,1,1,2,1,2,1,,,,,,,,,1,1,3,1,3,2,2,2,,2,,,,2,2,2,,2,,2,,2,2,2,,,2,5,1,1,2,,,,,,,,,,,2,,2,,2,2,,,,,2,,,,,,,,,2,2,,,,,,,,2,,,,,,4,0,2,2,1,2,2,8,2,2,2,2,,,,1,,,,,,,,,,,,,,,,2,2,,,,,,,,,,,,,,,,,,,,,,1,2,,,,,,,,,,,,,,
2024,"Pakistan","PAK","South Asia",155833628,176404102,1.01588506755741,2,28,2,3,1,2,1,1,1,1,1,1,1,4,4,4,0,2,2,1,1,1,1,2,3,,2,1,2,2,,,,,,,,,,,2,3,3,2,2,2,,,,,,,,,2,2,1,,,,,2,2,,2,2,1,2,1,1,1,,,,5,1,3,2,,,,2,2,,4,2,2,,1,2,2,,2,1,2,2,,1,1,2,2,1,,,2,2,,2,2,,,,,,,,2,,,,,,2,1,1,,,,,,,,,,,,,,1,,1,1,,1,1,1,1,1,1,2,2,,2,1,,1,1,2,,1,1,1,1,2,1,2,2,,,,,,,,,,1,2,,,,,,,,,,,,,,
2024,"Pakistan","PAK","South Asia",155833628,176434681,2.34596933150802,2,21,1,2,1,2,0,0,0,0,1,0,2,4,4,2,0,2,2,0,2,,,,,,,,,,2,2,2,2,2,2,2,2,2,,,,,,,,,2,2,2,2,2,2,2,2,,2,,,,2,2,2,,2,,1,,1,1,2,,,,3,2,3,1,2,2,,,,,,,,,1,2,1,2,1,1,2,2,,1,1,2,2,2,1,,,,,2,2,,,,,,,,1,2,2,1,,2,4,1,1,,,,,,,,,,,,,,1,,1,3,,1,1,1,2,1,1,1,2,,1,1,,2,1,1,,1,1,1,1,2,2,2,2,,,,,,,,,,1,2,,,,,,,,,,,,,,
2024,"Pakistan","PAK","South Asia",155833628,176520598,0.771168613810058,1,36,2,2,2,2,0,0,0,0,1,0,4,4,4,4,0,3,3,0,2,,,,,,,,,,2,2,1,2,2,2,1,2,2,,,,,,,,,2,2,2,2,2,2,2,2,,2,,,,2,2,2,,2,,1,,2,1,2,,,,2,1,1,2,,,,,,,,,,,2,,2,,2,1,3,2,,2,2,,,,,,,,,2,2,,,,,,,,2,,,,,,2,1,1,,,,,,,,,,,,,,1,,2,1,,1,1,1,2,2,,2,2,,2,1,,1,1,2,,1,1,1,1,2,2,2,2,,,,,,,,,,1,2,,,,,,,,,,,,,,
2024,"Pakistan","PAK","South Asia",155833628,176529820,0.715298534484645,1,40,2,5,1,2,0,0,0,0,0,0,2,4,4,4,0,2,3,0,2,,,,,,,,,,2,2,1,2,2,2,1,2,1,,,,,,,,,2,1,2,1,2,2,2,2,,2,,,,2,2,2,,2,,3,,3,2,2,,,2,2,1,1,1,2,2,,,,,,,,,2,,2,,2,1,2,2,,1,1,2,2,2,1,,,,,2,2,,,,,,,,2,,,,,,4,0,1,,,,,,,,,,,,,,2,2,1,1,,2,,,1,2,,2,2,,2,2,2,,,,,,,,,,,,,1,1,2,2,2,2,2,2,1,1,2,,,,,,,,,,,,,,
2024,"Pakistan","PAK","South Asia",155833628,176575421,1.71138259884262,2,26,1,1,1,1,0,0,0,0,1,0,2,4,4,4,0,4,3,0,2,,,,,,,,,,2,2,2,2,1,2,1,2,1,,,,,,,,,1,1,1,1,2,2,2,2,,2,,,,2,2,2,,2,,1,,2,2,1,,,,7,,1,2,,,,,,,,,,,2,,2,,2,2,,,,,1,2,2,2,1,,,,,2,2,,,,,,,,2,,,,,,4,0,1,,,,,,,,,,,,,,2,2,2,1,,2,,,1,2,,2,2,,2,2,2,,,,,,,,,,,,,1,1,1,1,2,1,2,2,1,2,,2,2,1,1,2,2,1,1,1,1,1,1,,
2024,"Pakistan","PAK","South Asia",155833628,176700005,0.507942533778707,2,31,2,5,1,2,1,1,1,1,1,1,1,4,4,4,0,1,1,1,1,1,1,2,1,,1,1,1,2,,,,,,,,,,,1,2,2,1,1,2,,,,,,,,,1,1,1,2,1,1,,1,2,,1,2,1,2,2,2,1,,,,2,2,2,2,,,,2,2,,4,1,2,,1,1,1,1,2,1,2,1,,,1,2,1,1,,,2,2,,2,2,,,,,,,,2,,,,,,1,1,1,,,,,,,,,,,,,,1,,1,1,,1,1,1,1,1,1,1,1,2,2,1,,1,1,2,,1,1,1,1,1,1,1,2,,,,,,,,,,1,2,,,,,,,,,,,,,,
2024,"Pakistan","PAK","South Asia",155833628,176747385,1.52827290214662,2,24,2,4,1,2,1,1,1,1,1,1,1,4,4,4,1,1,1,1,1,1,2,1,1,,1,1,1,2,,,,,,,,,,,1,1,1,1,2,2,,,,,,,,,1,1,2,1,1,2,,2,2,,2,2,1,,1,2,1,,,,4,2,1,2,,,,1,1,2,,1,2,,1,1,1,1,2,1,2,1,,,1,2,1,1,,,1,2,,2,2,,,,,,,,2,,,,,,4,1,1,,,,,,,,,,,,,,1,,1,1,,1,1,1,3,2,,2,1,2,2,1,,1,1,2,,1,1,1,1,1,1,1,2,,,,,,,,,,1,2,,,,,,,,,,,,,,
2024,"Pakistan","PAK","South Asia",155833628,176782897,0.384074018503776,1,40,3,1,2,1,0,0,0,0,1,0,4,4,4,4,0,2,3,0,2,,,,,,,,,,2,2,1,2,2,2,1,2,2,,,,,,,,,1,2,2,1,2,2,2,2,,2,,,,2,2,2,,2,,1,,1,2,2,,,,7,,1,2,,,,,,,,,,,2,,2,,2,1,2,2,,1,2,,,,,,,,,2,2,,,,,,,,2,,,,,,4,0,2,1,1,2,2,2,2,2,2,2,,,,2,,,,,,,,,,,,,,,,2,2,,,,,,,,,,,,,,,,,,,,,,1,3,,,,,,,,,,,,,,
2024,"Pakistan","PAK","South Asia",155833628,176791001,0.285730633617055,1,50,2,5,2,2,1,0,1,1,0,1,4,4,4,4,0,4,3,0,1,1,2,3,3,1,2,1,2,2,,,,,,,,,,,,,,,,,,2,1,2,2,1,2,2,1,,2,2,2,2,,2,2,,2,,2,,2,2,2,,,2,2,1,2,1,1,2,1,2,2,,1,2,2,,2,,2,,2,2,,,,,2,,,,,,,,,2,2,,,,,,,,2,,,,,,5,1,2,1,1,2,2,2,1,1,2,1,2,1,2,,,,,,,,,,,,,,,,,1,,1,2,,1,1,2,2,2,2,2,2,2,,,,,,,,,,1,2,,,,,,,,,,,,,,
2024,"Pakistan","PAK","South Asia",155833628,176859666,1.4337438485724,2,40,1,2,1,1,0,0,0,0,1,0,2,4,4,4,0,4,3,0,2,,,,,,,,,,2,2,2,1,3,2,1,2,2,,,,,,,,,1,1,2,1,2,2,2,2,,2,,,,2,2,2,,2,,1,,2,2,2,,,,7,,1,2,,,,,,,,,,,2,,2,,2,2,,,,,1,2,2,2,1,,,,,2,2,,,,,,,,2,,,,,,1,0,1,,,,,,,,,,,,,,2,8,1,1,,2,,,2,2,,2,2,,2,2,2,,,,,,,,,,,,,1,1,1,1,2,2,2,1,3,1,2,,,,,,,,,,,,,,
2024,"Pakistan","PAK","South Asia",155833628,177132639,0.347672374141449,1,25,1,5,2,1,0,0,0,0,1,0,4,4,4,4,0,4,3,0,2,,,,,,,,,,2,2,2,2,2,2,2,2,2,,,,,,,,,2,2,2,2,2,2,2,2,,2,,,,2,2,2,,2,,2,,1,1,2,,,2,7,,1,2,,,,,,,,,,,2,,2,,2,2,,,,,2,,,,,,,,,2,2,,,,,,,,2,,,,,,3,0,2,2,2,2,2,2,2,2,,2,,,,1,,,,,,,,,,,,,,,,2,2,,,,,,,,,,,,,,,,,,,,,,1,2,,,,,,,,,,,,,,
2024,"Pakistan","PAK","South Asia",155833628,177260662,1.8851150418651,1,35,1,1,2,1,0,0,0,0,1,0,4,4,4,4,0,2,3,0,2,,,,,,,,,,2,2,2,2,1,2,2,2,2,,,,,,,,,2,1,1,2,3,2,2,2,,2,,,,2,2,2,,2,,1,,1,1,1,,,,2,1,4,1,1,2,,,,,,,,,2,,2,,2,1,2,2,,1,2,,,,,,,,,2,2,,,,,,,,2,,,,,,4,0,1,,,,,,,,,,,,,,2,2,2,7,1,2,,,2,2,,2,2,,2,2,2,,,,,,,,,,,,,1,2,1,1,1,2,2,1,8,1,2,,,,,,,,,,,,,,
2024,"Pakistan","PAK","South Asia",155833628,177410074,0.285730633617055,1,28,1,1,1,2,0,0,0,0,1,0,3,4,4,4,0,2,3,0,2,,,,,,,,,,2,2,3,2,2,1,1,2,1,,,,,,,,,2,2,1,1,2,2,2,2,,2,,,,2,2,2,,1,,2,,2,1,2,,,,3,1,1,2,,,,,,,,,,,2,,2,,2,1,2,2,,1,1,2,2,2,2,2,,,,2,2,,,,,,,,2,,,,,,4,1,1,,,,,,,,,,,,,,2,2,2,1,,1,1,1,1,2,,2,2,,2,1,,1,2,,1,2,2,2,1,2,2,2,2,1,2,2,2,2,2,1,1,1,1,1,,,,,,,,,,,,,,
2024,"Pakistan","PAK","South Asia",155833628,177546529,2.8231921624413,1,60,1,1,2,1,0,0,0,0,1,0,4,4,4,4,0,4,3,0,2,,,,,,,,,,2,2,2,2,1,1,2,1,1,,,,,,,,,2,1,1,2,1,2,2,2,,2,,,,2,2,2,,2,,2,,2,1,2,,,2,3,2,2,2,,,,,,,,,,,2,,2,,2,2,,,,,2,,,,,,,,,2,2,,,,,,,,2,,,,,,3,0,2,2,2,1,2,2,2,2,3,2,,,,2,,,,,,,,,,,,,,,,2,2,,,,,,,,,,,,,,,,,,,,,,1,2,,,,,,,,,,,,,,
2024,"Pakistan","PAK","South Asia",155833628,177637210,0.420749350614766,2,40,3,5,2,1,0,0,0,0,0,0,4,4,4,4,0,4,3,0,2,,,,,,,,,,2,2,1,2,2,2,2,2,2,,,,,,,,,2,2,2,2,2,2,2,2,,2,,,,2,2,2,,2,,2,,2,2,2,,,2,2,1,1,2,,,,,,,,,,,2,,2,,2,2,,,,,2,,,,,,,,,2,2,,,,,,,,2,,,,,,2,1,1,,,,,,,,,,,,,,1,,1,1,,1,2,2,1,1,2,2,2,,2,1,,1,1,3,,1,1,1,2,2,2,2,2,,,,,,,,,,1,2,,,,,,,,,,,,,,
2024,"Pakistan","PAK","South Asia",155833628,177964017,0.327223187106059,2,44,2,3,1,2,0,0,0,0,1,0,2,4,4,4,0,4,3,0,2,,,,,,,,,,2,2,2,2,2,2,2,2,2,,,,,,,,,2,2,2,2,2,2,2,2,,2,,,,2,2,2,,2,,1,,1,2,2,,,,2,2,1,2,,,,,,,,,,,2,,2,,2,2,,,,,1,2,2,2,1,,,,,2,2,,,,,,,,2,,,,,,4,0,1,,,,,,,,,,,,,,2,2,1,1,,1,1,2,2,2,,2,2,,2,2,2,,,,,,,,,,,,,2,2,2,2,2,2,2,2,,1,2,,,,,,,,,,,,,,
2024,"Pakistan","PAK","South Asia",155833628,178012214,0.338447532360629,1,28,1,3,2,2,0,0,0,0,1,0,4,4,4,4,0,4,1,0,2,,,,,,,,,,2,2,2,1,1,3,1,1,1,,,,,,,,,3,1,2,1,2,2,2,2,,2,,,,2,2,2,,2,,1,,2,1,1,,,,2,1,3,2,,,,,,,,,,,1,1,2,,2,2,,,,,2,,,,,,,,,2,2,,,,,,,,2,,,,,,4,1,1,,,,,,,,,,,,,,2,2,2,1,,1,1,2,3,2,,8,2,,2,1,,2,1,8,,2,2,1,2,2,2,2,2,1,1,1,1,1,2,1,2,1,1,2,,,,,,,,,,,,,,
2024,"Pakistan","PAK","South Asia",155833628,178141421,1.22875664029581,2,37,3,1,1,2,1,1,1,1,1,1,1,4,4,4,0,4,1,1,1,1,1,2,3,,1,1,1,2,,,,,,,,,,,2,2,2,1,1,2,,,,,,,,,2,1,2,3,2,2,,1,2,,2,2,1,,1,2,2,,,,3,2,1,2,,,,2,2,,1,1,2,,1,1,1,1,1,2,,,,,1,1,1,2,,,2,2,,2,2,,,,,,,,2,,,,,,4,1,1,,,,,,,,,,,,,,1,,1,1,,1,1,1,1,1,1,2,1,2,2,1,,1,1,1,,1,1,1,1,2,2,2,2,,,,,,,,,,1,2,,,,,,,,,,,,,,
2024,"Pakistan","PAK","South Asia",155833628,178145278,0.379464736940323,2,26,2,4,1,2,1,1,1,1,1,1,4,4,4,4,0,4,3,1,1,1,2,2,2,,1,1,2,2,,,,,,,,,,,2,2,3,1,2,2,,,,,,,,,2,1,2,2,2,2,,2,2,,2,1,2,,2,2,2,,,,2,2,3,2,,,,2,2,,4,2,2,,2,,2,,2,2,,,,,2,,,,,,,,,2,2,,,,,,,,2,,,,,,4,1,1,,,,,,,,,,,,,,1,,1,1,,1,1,1,2,1,1,1,1,2,2,1,,2,1,2,,1,1,1,2,2,2,1,1,,,,,,,,,,1,2,,,,,,,,,,,,,,
2024,"Pakistan","PAK","South Asia",155833628,178189295,2.359954359486,1,60,1,5,2,2,0,0,0,0,1,0,4,4,4,4,0,4,3,0,2,,,,,,,,,,2,2,2,2,2,1,1,2,2,,,,,,,,,2,1,1,2,1,2,2,2,,2,,,,2,2,2,,2,,2,,2,2,1,,,2,2,1,1,2,,,,,,,,,,,2,,2,,2,2,,,,,2,,,,,,,,,2,2,,,,,,,,2,,,,,,4,0,2,1,2,2,1,2,2,2,4,1,2,2,2,,,,,,,,,,,,,,,,,2,2,,,,,,,,,,,,,,,,,,,,,,1,2,,,,,,,,,,,,,,
2024,"Pakistan","PAK","South Asia",155833628,178292558,0.744462646677831,2,25,1,5,1,2,0,0,0,0,0,0,2,4,4,4,0,4,3,0,2,,,,,,,,,,2,2,1,2,3,1,3,1,1,,,,,,,,,2,2,1,1,1,2,2,2,,2,,,,2,2,2,,2,,2,,2,2,2,,,2,3,2,2,2,,,,,,,,,,,2,,2,,3,2,,,,,1,2,2,2,1,,,,,2,2,,,,,,,,2,,,,,,2,1,1,,,,,,,,,,,,,,1,,1,1,,1,1,1,1,2,,1,2,,2,1,,1,1,2,,1,1,1,1,2,2,2,2,,,,,,,,,,1,2,,,,,,,,,,,,,,
2024,"Pakistan","PAK","South Asia",155833628,178412945,0.86608520891138,1,35,1,4,2,1,0,0,0,0,1,0,4,4,4,4,0,4,3,0,2,,,,,,,,,,2,2,2,1,2,2,2,2,1,,,,,,,,,2,2,2,2,2,2,2,2,,2,,,,2,2,2,,2,,1,,2,2,2,,,,1,1,4,2,,,,,,,,,,,2,,2,,2,2,,,,,2,,,,,,,,,2,2,,,,,,,,2,,,,,,4,0,1,,,,,,,,,,,,,,2,2,1,1,,2,,,3,2,,2,2,,2,2,2,,,,,,,,,,,,,2,2,2,2,2,2,2,2,,1,2,,,,,,,,,,,,,,
2024,"Pakistan","PAK","South Asia",155833628,178482011,0.792650787253297,1,30,3,3,2,2,1,0,1,0,0,0,4,4,4,4,0,4,3,0,2,2,2,4,4,2,2,2,2,2,,,,,,,,,,,,,,,,,,2,2,2,2,2,2,2,2,,2,,,,2,2,2,,2,,2,,2,2,2,,,2,1,1,2,2,,,,2,2,,4,2,2,,2,,2,,2,2,,,,,2,,,,,,,,,2,2,,,,,,,,2,,,,,,4,0,2,2,2,2,2,2,2,2,,1,1,1,1,,,,,,,,,,,,,,,,,2,2,,,,,,,,,,,,,,,,,,,,,,1,2,,,,,,,,,,,,,,
2024,"Pakistan","PAK","South Asia",155833628,178530426,0.34383150678097,2,25,2,5,1,2,1,0,1,1,1,1,1,4,4,4,1,1,3,1,1,1,1,3,3,1,1,1,1,2,,,,,,,,,,,,,,,,,,2,2,1,2,2,2,1,1,,2,3,2,2,,2,2,,2,,1,,2,1,2,,,,2,1,2,2,,,,1,2,,1,1,1,1,2,,2,,1,1,1,2,,,1,2,1,2,,,1,2,,2,2,,,,,,,,2,,,,,,1,1,1,,,,,,,,,,,,,,1,,1,1,,1,1,1,1,1,1,2,1,2,1,1,,1,1,3,,1,1,1,2,1,2,1,1,,,,,,,,,,1,2,,,,,,,,,,,,,,
2024,"Pakistan","PAK","South Asia",155833628,178563829,2.8231921624413,1,60,1,3,2,1,0,0,0,0,1,0,4,4,4,4,0,2,3,0,2,,,,,,,,,,2,2,2,2,1,2,1,2,2,,,,,,,,,2,1,2,1,2,2,2,2,,2,,,,2,2,2,,2,,1,,1,2,2,,,,2,1,1,2,,,,,,,,,,,2,,2,,2,1,2,2,,1,2,,,,,,,,,2,2,,,,,,,,2,,,,,,1,0,2,1,8,2,1,2,2,1,4,1,1,2,2,,,,,,,,,,,,,,,,,2,2,,,,,,,,,,,,,,,,,,,,,,1,2,,,,,,,,,,,,,,
2024,"Pakistan","PAK","South Asia",155833628,178579849,0.721209398060743,1,25,2,4,2,2,0,0,0,0,0,0,4,4,4,4,0,2,3,0,2,,,,,,,,,,2,2,1,2,2,2,1,1,2,,,,,,,,,2,2,2,1,2,2,2,2,,2,,,,2,2,2,,2,,2,,2,2,2,,,2,2,1,1,2,,,,,,,,,,,2,,2,,2,1,2,2,,1,2,,,,,,,,,2,2,,,,,,,,2,,,,,,4,1,1,,,,,,,,,,,,,,1,,2,2,,1,1,1,1,2,,2,2,,2,1,,1,1,3,,1,1,1,1,2,2,2,2,,,,,,,,,,1,2,,,,,,,,,,,,,,
2024,"Pakistan","PAK","South Asia",155833628,178750146,2.4706814681888,2,68,1,1,2,2,0,1,1,1,1,0,4,1,4,4,0,4,3,1,2,,,,,,,,,,2,2,2,2,2,2,1,1,2,,,,,,,,,,,,,,,,2,,2,,,,2,2,2,,2,,1,,1,2,1,,,,2,1,1,2,,,,,,,,,,,2,,2,,2,2,,,,,2,,,,,,,,,1,2,2,1,,,1,2,2,2,,,,,,4,0,1,,,,,,,,,,,,,,2,2,1,1,,2,,,2,2,,2,2,,2,2,2,,,,,,,,,,,,,1,1,2,2,2,2,2,1,1,1,2,,,,,,,,,,,,,,
2024,"Pakistan","PAK","South Asia",155833628,178800812,0.390399922506024,1,35,1,5,2,2,0,0,0,0,1,1,4,4,4,4,0,2,3,0,2,,,,,,,,,,2,2,1,2,3,2,1,2,2,,,,,,,,,2,1,2,1,2,2,2,2,,1,,,,,2,2,,2,,1,2,1,2,2,,,,3,1,1,1,2,1,,,,,,,,,2,,2,,2,1,2,2,,1,2,,,,,,,,,2,2,,,,,,,,2,,,,,,4,0,2,1,1,2,2,2,2,2,2,2,,,,2,,,,,,,,,,,,,,,,2,2,,,,,,,,,,,,,,,,,,,,,,1,2,,,,,,,,,,,,,,
2024,"Pakistan","PAK","South Asia",155833628,179664516,0.379464736940323,2,28,2,5,1,2,1,1,1,1,1,0,1,4,4,4,0,1,1,1,1,1,1,2,1,,1,1,1,2,,,,,,,,,,,2,3,3,2,2,2,,,,,,,,,2,2,2,,,,2,2,2,,2,2,1,,2,2,2,,,,3,1,3,2,,,,2,2,,4,1,2,,1,1,1,1,2,1,1,1,,,1,2,1,2,,,2,1,,2,2,,,,,,,,2,,,,,,4,1,1,,,,,,,,,,,,,,1,,2,1,,1,1,1,3,1,1,2,2,,2,1,,1,1,2,,1,1,1,2,2,2,2,2,,,,,,,,,,1,2,,,,,,,,,,,,,,
2024,"Pakistan","PAK","South Asia",155833628,179688552,0.285730633617055,1,37,1,5,2,2,0,0,0,0,0,0,4,4,4,4,0,4,3,0,2,,,,,,,,,,2,2,2,2,2,2,2,2,2,,,,,,,,,2,2,2,2,2,2,2,2,,2,,,,2,2,2,,2,,2,,2,2,2,,,2,7,,4,2,,,,,,,,,,,2,,2,,2,2,,,,,2,,,,,,,,,2,2,,,,,,,,2,,,,,,5,0,2,2,2,2,2,2,2,2,,2,,,,2,,,,,,,,,,,,,,,,2,2,,,,,,,,,,,,,,,,,,,,,,1,2,,,,,,,,,,,,,,
2024,"Pakistan","PAK","South Asia",155833628,179896285,0.424371075450139,1,27,1,1,1,2,1,1,1,1,1,1,1,4,4,4,0,1,3,1,2,,,,,,,,,,,,,,,,,,,1,2,2,2,1,1,2,,,,,,,,,2,1,1,3,1,1,,2,2,,2,1,1,1,1,2,1,,,,2,1,1,1,1,2,2,2,2,,3,2,2,,2,,2,,1,1,1,2,,,1,2,1,2,,,2,2,,2,2,,,,,,,,2,,,,,,4,0,1,,,,,,,,,,,,,,1,,2,2,,1,1,1,2,2,,2,2,,2,2,2,,,,,1,1,1,1,2,2,2,2,,,,,,,,,,1,2,,,,,,,,,,,,,,
2024,"Pakistan","PAK","South Asia",155833628,180267787,1.65613303751169,1,50,1,2,2,2,1,0,1,0,1,1,4,4,2,1,0,1,3,1,2,2,1,3,3,1,2,1,1,1,,,,,,,,,,,,,,,,,,,,,,,,,2,1,2,3,2,2,,2,2,,2,2,1,,1,1,1,2,,,3,1,1,2,,,,2,2,,3,2,2,,2,,2,,2,1,1,2,,,2,,,,,,,,,2,1,2,2,1,,,,,1,1,2,,,1,5,0,1,,,,,,,,,,,,,,2,2,2,4,2,2,,,2,2,,2,2,,2,2,2,,,,,,,,,,,,,1,2,2,1,2,2,2,2,4,1,2,,,,,,,,,,,,,,
2024,"Pakistan","PAK","South Asia",155833628,180513201,0.369180602456848,2,40,1,3,2,2,0,1,1,1,1,1,4,4,4,1,0,4,3,1,2,,,,,,,,,,2,2,1,2,2,2,2,2,2,1,1,1,3,1,2,2,,,,,,,,,2,2,2,,,,1,2,2,,2,2,2,,2,1,2,,,1,6,2,2,2,,,,2,2,,1,2,2,,2,,2,,2,2,,,,,2,,,,,,,,,2,2,,,,,,,,1,2,1,,,2,2,1,1,,,,,,,,,,,,,,1,,1,1,,1,2,1,2,1,2,2,1,2,2,1,,1,1,2,,1,1,1,1,2,2,2,2,,,,,,,,,,1,2,,,,,,,,,,,,,,
2024,"Pakistan","PAK","South Asia",155833628,180549306,0.777541159328671,1,30,1,2,1,2,0,0,0,0,0,0,4,4,4,4,0,4,3,0,2,,,,,,,,,,2,2,2,2,2,2,2,2,2,,,,,,,,,2,2,2,2,2,2,2,2,,2,,,,2,2,2,,2,,2,,2,2,2,,,2,2,1,1,1,2,2,,,,,,,,,2,,2,,2,2,,,,,2,,,,,,,,,2,2,,,,,,,,2,,,,,,4,0,2,1,1,2,2,2,2,2,1,2,,,,2,,,,,,,,,,,,,,,,2,2,,,,,,,,,,,,,,,,,,,,,,1,2,,,,,,,,,,,,,,
2024,"Pakistan","PAK","South Asia",155833628,180580473,1.11978741153583,1,45,1,4,2,2,0,0,0,0,0,0,4,4,4,4,0,2,3,0,2,,,,,,,,,,2,2,2,2,1,2,1,2,2,,,,,,,,,2,1,2,1,1,2,2,2,,2,,,,2,2,2,,2,,2,,2,2,2,,,2,2,1,1,2,,,,,,,,,,,2,,2,,2,1,2,2,,1,2,,,,,,,,,2,2,,,,,,,,2,,,,,,4,0,1,,,,,,,,,,,,,,1,,2,1,,2,,,2,2,,2,2,,2,2,2,,,,,2,2,2,2,2,2,2,2,,,,,,,,,,1,2,,,,,,,,,,,,,,
2024,"Pakistan","PAK","South Asia",155833628,180782414,1.14741683150244,1,23,2,4,2,2,0,0,0,0,1,0,4,4,4,4,0,4,3,0,2,,,,,,,,,,2,2,2,2,3,2,1,2,2,,,,,,,,,2,2,2,1,2,2,2,2,,2,,,,2,2,2,,2,,2,,2,2,1,,,2,2,1,2,2,,,,,,,,,,,2,,2,,2,2,,,,,2,,,,,,,,,2,2,,,,,,,,2,,,,,,4,1,1,,,,,,,,,,,,,,1,,2,1,,1,1,1,1,1,1,2,2,,2,2,1,3,1,3,,1,2,1,2,2,2,2,2,,,,,,,,,,1,2,,,,,,,,,,,,,,
2024,"Pakistan","PAK","South Asia",155833628,181252741,0.942285626016973,2,28,2,4,1,1,1,1,1,1,1,1,2,4,4,1,0,4,1,1,2,,,,,,,,,,,,,,,,,,,,,,,,,,,,,,,,,,1,,1,2,1,1,,1,2,,2,,1,2,2,2,2,,,,1,1,5,1,2,1,,,,,,,,,2,,1,1,2,2,,,,,1,2,2,2,1,,,,,2,2,,,,,,,,1,1,1,,,2,4,0,1,,,,,,,,,,,,,,2,2,1,1,,1,2,1,2,2,,2,2,,2,2,2,,,,,,,,,,,,,2,2,1,1,2,1,2,1,8,1,2,,,,,,,,,,,,,,
2024,"Pakistan","PAK","South Asia",155833628,181300730,0.777541159328671,1,25,2,5,2,2,0,0,0,0,1,0,4,4,4,4,0,4,,0,2,,,,,,,,,,2,2,2,2,3,2,1,1,1,,,,,,,,,1,1,1,1,2,2,2,2,,2,,,,2,2,2,,2,,1,,2,2,2,,,,2,1,3,2,,,,,,,,,,,2,,3,,2,2,,,,,2,,,,,,,,,2,2,,,,,,,,2,,,,,,2,1,2,1,1,2,1,2,2,1,7,2,,,,2,,,,,,,,,,,,,,,,1,,1,1,3,,1,2,1,2,2,1,2,2,,,,,,,,,,1,1,,,,,,,,,,,,,,
2024,"Pakistan","PAK","South Asia",155833628,181308699,2.33533278640667,2,26,1,5,1,2,0,0,0,0,0,0,4,4,4,4,0,4,3,0,2,,,,,,,,,,2,2,2,2,1,1,1,2,2,,,,,,,,,2,1,2,1,3,2,2,2,,2,,,,2,2,2,,2,,2,,2,2,2,,,2,3,1,1,2,,,,,,,,,,,2,,2,,2,2,,,,,2,,,,,,,,,2,2,,,,,,,,2,,,,,,2,1,1,,,,,,,,,,,,,,1,,1,1,,1,1,1,1,1,1,2,2,,2,1,,1,1,3,,1,1,1,1,2,2,2,2,,,,,,,,,,1,2,,,,,,,,,,,,,,
2024,"Pakistan","PAK","South Asia",155833628,181453917,1.72942582247626,1,60,1,5,2,1,1,0,1,0,0,0,4,4,1,4,0,4,3,1,2,2,1,2,2,,2,2,2,2,,,,,,,,,,,,,,,,,,2,2,2,2,2,2,2,2,,2,,,,2,2,2,,2,,2,,2,2,2,,,2,5,2,2,2,,,,2,2,,4,2,2,,2,,2,,2,2,,,,,2,,,,,,,,,2,1,1,2,,,1,2,2,2,,,,,,4,0,2,2,2,2,1,2,2,2,4,1,2,2,2,,,,,,,,,,,,,,,,,2,2,,,,,,,,,,,,,,,,,,,,,,1,2,,,,,,,,,,,,,,
2024,"Pakistan","PAK","South Asia",155833628,181464345,1.84722718406839,2,35,1,3,1,1,0,0,0,0,1,1,2,4,4,4,0,2,2,0,2,,,,,,,,,,2,2,4,2,3,3,2,2,1,,,,,,,,,3,1,2,1,4,2,2,2,,1,,,,,2,2,,2,,1,2,1,2,1,,,,5,1,2,1,2,1,,,,,,,,,1,2,1,2,2,1,2,2,,1,1,2,2,2,1,,,,,2,2,,,,,,,,2,,,,,,4,0,1,,,,,,,,,,,,,,2,2,1,1,,2,,,2,2,,8,8,,2,2,2,,,,,,,,,,,,,1,1,2,1,8,2,8,1,4,1,2,,,,,,,,,,,,,,
2024,"Pakistan","PAK","South Asia",155833628,181610073,0.524102937838339,1,40,2,4,2,2,1,1,1,1,1,1,1,4,1,4,0,1,3,1,1,2,2,3,4,2,2,2,2,2,,,,,,,,,,,2,2,3,1,1,2,,,,,,,,,1,1,2,3,1,1,,2,2,,2,1,1,,1,2,2,,,,1,1,1,2,,,,2,2,,4,2,2,,2,,2,,2,1,1,1,,,1,2,2,1,,,2,2,,2,1,2,1,,,1,1,2,2,,,,,,1,1,1,,,,,,,,,,,,,,1,,2,1,,1,1,2,3,1,1,1,1,1,2,1,,3,1,4,,1,1,1,1,1,1,1,1,,,,,,,,,,1,2,,,,,,,,,,,,,,
2024,"Pakistan","PAK","South Asia",155833628,181645168,0.810196109412302,2,33,1,2,2,1,1,0,1,1,1,1,2,4,4,4,0,1,1,1,1,1,2,2,2,,1,2,1,2,,,,,,,,,,,,,,,,,,,,,,,,,2,1,1,2,2,2,,2,2,,2,2,1,2,2,1,2,,,,2,2,3,2,,,,2,2,,4,1,2,,2,,1,1,2,1,2,1,,,1,2,2,2,1,,,,,2,2,,,,,,,,2,,,,,,4,1,1,,,,,,,,,,,,,,1,,1,1,,1,1,1,2,1,2,1,2,,2,2,1,1,1,2,,1,2,1,2,1,2,2,2,,,,,,,,,,1,2,,,,,,,,,,,,,,
2024,"Pakistan","PAK","South Asia",155833628,181925178,0.764136451073312,2,22,2,5,1,2,1,1,1,1,0,1,1,4,4,1,0,4,3,1,1,1,1,2,1,,1,1,1,2,,,,,,,,,,,2,2,2,1,1,1,2,,,,,,,,1,1,1,2,1,2,,2,2,,2,2,2,2,2,2,2,,,2,5,3,3,2,,,,1,2,,4,1,2,,2,,2,,2,2,,,,,1,2,1,1,,,1,2,,2,2,,,,,,,,1,1,1,,,1,2,1,1,,,,,,,,,,,,,,1,,1,1,,1,1,1,1,1,1,2,1,2,1,1,,1,1,2,,1,1,1,1,1,2,2,2,,,,,,,,,,1,2,,,,,,,,,,,,,,
2024,"Pakistan","PAK","South Asia",155833628,182019726,1.10528510684481,1,28,1,2,2,2,0,0,0,0,0,1,4,4,4,4,0,4,3,0,2,,,,,,,,,,2,2,1,2,2,2,2,2,2,,,,,,,,,,,,,,,,2,2,1,,,,,2,1,2,2,2,2,2,2,2,2,,,2,1,2,2,1,2,2,2,2,2,,1,2,2,,2,,2,,2,2,,,,,2,,,,,,,,,2,2,,,,,,,,2,,,,,,4,0,1,,,,,,,,,,,,,,2,2,1,1,,2,,,1,2,,2,2,,2,2,2,,,,,,,,,,,,,1,1,1,1,1,1,2,1,5,1,2,,,,,,,,,,,,,,
2024,"Pakistan","PAK","South Asia",155833628,182047598,0.467281436686935,2,37,1,5,1,2,0,0,0,0,1,0,2,4,4,4,0,2,3,0,2,,,,,,,,,,2,2,2,1,2,2,2,2,2,,,,,,,,,2,2,2,2,2,2,2,2,,2,,,,2,2,2,,2,,1,,2,2,1,,,,2,1,2,2,,,,,,,,,,,2,,2,,2,1,2,2,,1,1,2,2,2,1,,,,,2,2,,,,,,,,2,,,,,,4,0,1,,,,,,,,,,,,,,2,2,2,1,,2,,,2,2,,2,2,,2,2,2,,,,,,,,,,,,,1,1,2,2,2,1,1,2,1,1,2,,,,,,,,,,,,,,
2024,"Pakistan","PAK","South Asia",155833628,182202582,0.943262716702345,2,32,2,4,1,2,0,0,0,0,0,0,2,4,4,4,0,2,3,0,2,,,,,,,,,,2,1,1,1,2,2,2,2,2,,,,,,,,,2,2,2,2,1,2,1,2,,2,,,,2,2,2,,2,,2,,2,2,2,,,2,2,2,1,2,,,,,,,,,,,2,,2,,2,1,2,2,,1,1,2,2,2,1,,,,,2,2,,,,,,,,2,,,,,,4,1,1,,,,,,,,,,,,,,1,,1,1,,1,1,1,1,1,1,2,2,,2,1,,1,1,3,,1,1,1,1,2,2,2,2,,,,,,,,,,1,2,,,,,,,,,,,,,,
2024,"Pakistan","PAK","South Asia",155833628,182267907,1.79536586190515,1,60,1,5,2,2,0,0,0,0,1,1,4,4,4,4,0,2,3,0,2,,,,,,,,,,2,2,1,2,2,2,1,2,2,,,,,,,,,2,2,2,1,2,2,2,2,,1,,,,,2,2,,2,,1,2,2,2,2,,,,1,1,1,2,,,,,,,,,,,2,,2,,2,1,2,2,,1,2,,,,,,,,,2,2,,,,,,,,2,,,,,,4,0,1,,,,,,,,,,,,,,2,2,2,1,,2,,,2,2,,2,1,2,2,2,2,,,,,,,,,,,,,2,2,2,1,2,2,2,1,4,1,2,,,,,,,,,,,,,,
2024,"Pakistan","PAK","South Asia",155833628,182338885,0.873242096935539,1,26,1,2,2,2,0,0,0,0,1,0,4,4,4,4,0,4,3,0,2,,,,,,,,,,2,2,2,2,2,2,1,2,2,,,,,,,,,2,2,2,1,2,2,2,2,,2,,,,2,2,2,,2,,1,,2,2,2,,,,7,,1,2,,,,,,,,,,,2,,2,,2,2,,,,,2,,,,,,,,,2,2,,,,,,,,2,,,,,,4,0,2,2,1,2,2,2,2,1,7,2,,,,2,,,,,,,,,,,,,,,,2,2,,,,,,,,,,,,,,,,,,,,,,1,2,,,,,,,,,,,,,,
2024,"Pakistan","PAK","South Asia",155833628,182410671,0.285730633617055,1,27,2,5,2,2,0,0,0,0,1,0,4,4,4,4,0,2,3,0,2,,,,,,,,,,2,2,2,2,1,2,1,2,2,,,,,,,,,2,2,2,1,2,2,2,2,,2,,,,2,2,2,,2,,1,,2,2,1,,,,7,,1,2,,,,,,,,,,,2,,2,,2,1,2,2,,1,2,,,,,,,,,2,2,,,,,,,,2,,,,,,4,0,2,1,1,2,2,2,1,1,7,1,2,2,2,,,,,,,,,,,,,,,,,2,2,,,,,,,,,,,,,,,,,,,,,,1,2,,,,,,,,,,,,,,
2024,"Pakistan","PAK","South Asia",155833628,182641406,0.460170149230721,2,28,1,2,1,1,0,0,0,0,1,1,4,4,4,4,0,2,2,0,2,,,,,,,,,,2,2,2,2,1,1,1,2,2,,,,,,,,,2,2,2,1,2,2,2,2,,1,,,,,2,2,,2,,1,2,2,1,2,,,,3,1,3,1,2,1,,,,,,,,,1,2,1,2,1,1,2,2,,1,2,,,,,,,,,2,2,,,,,,,,2,,,,,,4,1,1,,,,,,,,,,,,,,1,,1,1,,1,1,1,2,2,,2,2,,2,1,,1,1,3,,1,1,1,1,2,2,2,2,,,,,,,,,,1,2,,,,,,,,,,,,,,
2024,"Pakistan","PAK","South Asia",155833628,182881370,1.09622644857328,1,40,1,2,2,1,0,0,0,0,0,0,4,4,4,4,0,3,3,0,2,,,,,,,,,,2,2,2,2,2,2,2,2,2,,,,,,,,,3,3,1,1,2,2,2,2,,2,,,,2,2,2,,2,,2,,2,2,2,,,2,1,1,1,1,2,2,,,,,,,,,2,,2,,2,1,2,2,,2,2,,,,,,,,,2,2,,,,,,,,2,,,,,,4,0,2,1,1,2,1,1,2,2,5,2,,,,2,,,,,,,,,,,,,,,,2,2,,,,,,,,,,,,,,,,,,,,,,1,2,,,,,,,,,,,,,,
2024,"Pakistan","PAK","South Asia",155833628,183330492,0.46502175454546,1,60,2,4,2,2,0,0,0,0,1,0,4,4,4,4,0,4,3,0,2,,,,,,,,,,2,2,2,2,1,1,1,2,2,,,,,,,,,2,1,1,1,1,2,2,2,,2,,,,2,2,2,,2,,2,,1,1,2,,,2,1,1,2,2,,,,,,,,,,,2,,2,,2,2,,,,,2,,,,,,,,,2,2,,,,,,,,2,,,,,,4,0,2,1,1,2,2,2,1,1,1,1,2,2,2,,,,,,,,,,,,,,,,,2,2,,,,,,,,,,,,,,,,,,,,,,1,2,,,,,,,,,,,,,,
2024,"Pakistan","PAK","South Asia",155833628,183562366,0.819635592313346,1,19,2,2,2,1,0,0,0,0,1,0,4,4,4,4,0,4,2,0,2,,,,,,,,,,2,2,2,2,1,1,1,2,2,,,,,,,,,2,1,2,1,2,2,2,2,,2,,,,2,2,2,,2,,2,,1,2,1,,,2,1,2,3,1,1,2,,,,,,,,,2,,1,2,2,2,,,,,2,,,,,,,,,2,2,,,,,,,,2,,,,,,2,0,1,,,,,,,,,,,,,,2,2,2,1,,1,1,2,1,1,1,2,2,,2,2,2,,,,,,,,,,,,,1,1,2,2,2,1,2,2,1,1,2,,,,,,,,,,,,,,
2024,"Pakistan","PAK","South Asia",155833628,183791443,0.978817281499502,2,19,1,5,1,1,0,0,0,0,1,0,2,3,4,4,0,4,3,0,2,,,,,,,,,,2,2,2,2,1,2,1,2,1,,,,,,,,,2,2,2,1,2,2,2,2,,2,,,,2,2,2,,2,,1,,1,2,1,,,,1,1,2,2,,,,,,,,,,,2,,2,,2,2,,,,,1,2,2,2,1,,,,,1,2,2,2,2,2,,,,2,,,,,,4,0,1,,,,,,,,,,,,,,2,2,2,1,,2,,,2,2,,2,2,,2,2,2,,,,,,,,,,,,,1,2,2,2,2,2,2,2,1,2,,2,2,2,1,2,2,2,2,1,1,2,2,,
2024,"Pakistan","PAK","South Asia",155833628,183855574,0.497719884248674,2,24,2,5,1,2,1,1,1,1,1,1,1,4,4,4,0,1,3,1,1,2,2,2,2,,2,1,1,2,,,,,,,,,,,1,1,1,1,1,1,2,,,,,,,,1,2,2,3,2,2,,2,2,,2,2,1,,2,1,2,,,,3,2,3,2,,,,2,2,,1,2,1,2,2,,2,,2,1,1,2,,,1,2,1,2,,,1,1,,2,2,,,,,,,,2,,,,,,4,1,1,,,,,,,,,,,,,,1,,2,1,,1,1,1,1,1,2,2,2,,2,2,1,1,1,3,,1,1,1,1,1,2,2,2,,,,,,,,,,1,2,,,,,,,,,,,,,,
2024,"Pakistan","PAK","South Asia",155833628,183959010,0.758929473880646,2,31,2,2,1,1,1,1,1,1,1,1,3,4,4,2,0,4,1,1,1,1,1,2,2,,1,2,2,2,,,,,,,,,,,2,2,2,1,2,2,,,,,,,,,2,1,1,2,2,1,,2,2,,2,1,1,1,2,1,2,,,,2,2,2,2,,,,2,2,,4,2,2,,2,,1,1,2,2,,,,,1,2,2,2,2,2,,,,2,2,,,,,,,,1,2,2,1,,1,4,1,1,,,,,,,,,,,,,,1,,1,1,,1,1,1,2,1,1,2,2,,2,1,,1,1,3,,1,1,1,1,2,2,2,2,,,,,,,,,,1,2,,,,,,,,,,,,,,
2024,"Pakistan","PAK","South Asia",155833628,183981911,0.576111027755665,1,35,3,1,1,1,1,1,1,1,0,0,1,4,4,4,0,4,3,1,1,1,1,2,2,,4,1,2,2,,,,,,,,,,,3,4,5,4,2,2,,,,,,,,,4,2,2,,,,2,2,2,,2,2,2,,2,2,2,,,2,3,2,2,2,,,,2,2,,4,2,2,,2,,2,,2,2,,,,,1,1,1,2,,,4,2,,2,2,,,,,,,,2,,,,,,8,1,1,,,,,,,,,,,,,,1,,1,1,,1,1,1,8,1,1,1,2,,2,2,1,2,1,4,,1,8,1,2,2,2,2,2,,,,,,,,,,1,2,,,,,,,,,,,,,,
2024,"Pakistan","PAK","South Asia",155833628,184032801,1.11995158302077,2,18,2,3,1,1,0,1,1,1,1,0,4,3,4,4,0,4,1,1,2,,,,,,,,,,2,2,2,1,2,1,1,1,2,1,2,2,2,1,2,2,,,,,,,,,2,2,2,,,,2,2,2,,2,2,1,,2,2,2,,,,2,2,3,1,2,2,2,2,2,,3,2,2,,1,2,1,1,2,2,,,,,2,,,,,,,,,1,2,2,2,2,2,,,,2,,,,,,4,1,1,,,,,,,,,,,,,,1,,2,1,,1,1,1,2,1,1,2,2,,2,1,,1,1,2,,1,1,1,2,2,2,2,2,,,,,,,,,,2,,2,1,2,1,2,2,1,2,1,1,1,1,,
2024,"Pakistan","PAK","South Asia",155833628,184057258,0.456398702295602,2,35,1,4,1,2,0,0,0,0,1,0,4,4,4,4,0,1,3,0,2,,,,,,,,,,2,2,1,1,1,2,2,2,2,,,,,,,,,,,,,,,,2,2,2,,,,2,2,2,,2,2,1,,2,2,2,,,,2,1,2,2,,,,2,2,,4,1,2,,2,,2,,2,1,2,1,,,2,,,,,,,,,2,2,,,,,,,,2,,,,,,4,1,1,,,,,,,,,,,,,,1,,1,1,,1,1,1,2,2,,2,2,,2,1,,1,1,2,,1,1,1,2,2,2,2,2,,,,,,,,,,1,2,,,,,,,,,,,,,,
2024,"Pakistan","PAK","South Asia",155833628,184263132,0.708775842028321,2,23,2,5,1,1,0,0,0,0,1,0,3,4,4,4,0,2,3,0,2,,,,,,,,,,2,2,1,2,2,2,2,2,2,,,,,,,,,2,2,2,2,2,2,2,2,,2,,,,2,2,2,,2,,1,,2,2,2,,,,2,1,4,2,,,,,,,,,,,2,,2,,2,1,2,2,,1,1,2,2,2,2,2,,,,2,2,,,,,,,,2,,,,,,4,1,1,,,,,,,,,,,,,,1,,1,1,,1,1,1,4,1,1,1,1,2,1,1,,4,2,,2,2,1,1,2,2,2,2,2,,,,,,,,,,1,2,,,,,,,,,,,,,,
2024,"Pakistan","PAK","South Asia",155833628,184302418,0.681369408657699,2,34,1,3,1,1,0,1,1,1,1,1,4,4,4,4,0,4,3,1,2,,,,,,,,,,2,2,2,2,2,2,2,2,2,1,1,1,1,1,2,2,,,,,,,,,2,1,1,3,2,2,,2,2,,2,2,2,1,2,2,2,,,,2,2,2,2,,,,2,2,,4,1,2,,2,,2,,2,2,,,,,2,,,,,,,,,2,2,,,,,,,,2,,,,,,4,0,1,,,,,,,,,,,,,,1,,1,1,,1,1,2,1,1,1,2,2,,2,2,2,,,,,1,1,1,2,2,2,1,2,,,,,,,,,,1,2,,,,,,,,,,,,,,
2024,"Pakistan","PAK","South Asia",155833628,184441889,0.503779555551112,2,41,2,5,1,2,1,1,1,1,1,1,1,1,4,1,1,1,1,1,1,1,1,1,1,,1,1,1,1,,,,,,,,,,,1,1,1,1,1,1,2,,,,,,,,1,1,1,2,1,1,,1,1,1,1,1,1,1,1,1,1,1,1,,2,2,1,1,1,1,1,1,1,1,,1,1,1,1,1,1,1,1,1,1,1,,,1,1,1,1,,,1,2,,1,2,1,1,,,2,1,1,1,1,1,,,1,1,1,1,,,,,,,,,,,,,,1,,1,1,,1,1,1,2,1,1,1,1,2,2,1,,1,1,3,,1,1,1,1,1,1,1,1,,,,,,,,,,1,2,,,,,,,,,,,,,,
2024,"Pakistan","PAK","South Asia",155833628,184580948,0.285730633617055,1,30,2,3,2,2,0,0,0,0,1,0,4,4,4,4,0,4,3,0,2,,,,,,,,,,2,2,2,2,2,2,1,2,1,,,,,,,,,2,2,2,1,2,2,2,2,,2,,,,2,2,2,,1,,1,,2,2,1,,,,2,1,2,2,,,,,,,,,,,2,,2,,2,2,,,,,2,,,,,,,,,2,2,,,,,,,,2,,,,,,4,0,1,,,,,,,,,,,,,,2,2,2,7,1,2,,,3,2,,2,2,,2,2,2,,,,,,,,,,,,,2,2,2,2,2,1,2,1,8,1,2,,,,,,,,,,,,,,
2024,"Pakistan","PAK","South Asia",155833628,184737810,0.69226883227746,2,24,2,3,1,1,1,0,1,1,1,0,4,4,4,4,0,2,3,0,1,1,1,2,1,,2,1,1,2,,,,,,,,,,,,,,,,,,2,2,2,2,2,2,2,2,,2,,,,2,2,2,,2,,2,,2,2,1,,,2,2,2,4,2,,,,2,2,,1,2,2,,2,,2,,2,1,2,2,,1,2,,,,,,,,,2,2,,,,,,,,2,,,,,,4,1,1,,,,,,,,,,,,,,1,,1,1,,1,1,1,2,1,1,2,2,,2,1,,1,2,,1,1,1,1,1,2,2,2,2,,,,,,,,,,1,2,,,,,,,,,,,,,,
2024,"Pakistan","PAK","South Asia",155833628,184782201,1.19161600732836,1,30,1,5,1,2,0,0,0,0,0,0,4,4,4,4,0,2,3,0,2,,,,,,,,,,2,2,1,2,2,2,2,2,2,,,,,,,,,1,1,2,2,2,2,2,2,,2,,,,2,2,2,,2,,2,,2,2,2,,,2,7,,2,2,,,,,,,,,,,2,,2,,2,1,2,2,,1,2,,,,,,,,,2,2,,,,,,,,2,,,,,,4,0,1,,,,,,,,,,,,,,2,2,2,7,1,2,,,2,2,,2,2,,2,2,2,,,,,,,,,,,,,1,2,2,1,2,2,2,1,1,1,2,,,,,,,,,,,,,,
2024,"Pakistan","PAK","South Asia",155833628,184945363,0.372231323338915,2,25,1,5,1,2,0,1,1,1,1,1,1,4,4,4,0,1,1,1,2,,,,,,,,,,2,2,1,2,1,1,1,1,2,2,2,1,1,1,1,2,,,,,,,,,2,1,1,2,2,2,,2,1,1,2,2,2,2,2,2,1,,,1,3,2,1,2,,,,2,2,,4,1,2,,1,1,1,1,2,1,2,1,,,1,2,2,1,,,1,2,,2,2,,,,,,,,2,,,,,,2,1,1,,,,,,,,,,,,,,1,,1,1,,1,1,1,2,1,1,1,1,2,1,1,,2,2,,1,1,1,1,1,1,2,1,2,,,,,,,,,,1,2,,,,,,,,,,,,,,
2024,"Pakistan","PAK","South Asia",155833628,184974707,0.810196109412302,2,27,2,4,1,1,0,1,1,1,1,1,1,4,4,4,0,1,1,1,2,,,,,,,,,,2,2,1,1,1,1,1,2,2,1,5,1,1,1,1,2,,,,,,,,,2,1,2,3,2,2,,2,2,,2,1,1,,2,2,2,,,,1,2,3,2,,,,2,2,,4,1,2,,1,1,1,1,2,1,2,1,,,1,2,2,1,,,2,2,,2,2,,,,,,,,2,,,,,,4,1,1,,,,,,,,,,,,,,1,,1,1,,1,1,1,2,1,1,2,2,,2,1,,1,1,3,,1,1,1,1,2,2,2,2,,,,,,,,,,1,2,,,,,,,,,,,,,,
2024,"Pakistan","PAK","South Asia",155833628,185108199,0.788658129855797,2,52,1,5,1,2,0,0,0,0,1,0,2,4,4,4,0,2,2,0,2,,,,,,,,,,2,2,3,2,1,2,1,2,2,,,,,,,,,2,2,2,1,2,2,2,2,,2,,,,2,2,2,,2,,1,,1,2,1,,,,5,1,1,2,,,,,,,,,,,2,,1,2,2,1,2,2,,1,1,2,2,2,1,,,,,2,2,,,,,,,,2,,,,,,4,0,1,,,,,,,,,,,,,,2,2,1,1,,2,,,2,2,,2,2,,2,2,2,,,,,,,,,,,,,1,1,2,1,2,2,2,1,1,1,2,,,,,,,,,,,,,,
2024,"Pakistan","PAK","South Asia",155833628,185458058,0.729138774975286,1,45,1,5,2,2,0,0,0,0,1,0,4,4,4,4,0,4,3,0,2,,,,,,,,,,2,2,1,2,1,2,1,2,2,,,,,,,,,2,1,2,1,2,2,2,2,,2,,,,2,2,2,,2,,2,,1,2,2,,,2,7,,5,1,2,2,,,,,,,,,2,,2,,2,2,,,,,2,,,,,,,,,2,2,,,,,,,,2,,,,,,2,0,2,1,2,2,1,1,1,2,5,2,,,,1,,,,,,,,,,,,,,,,2,2,,,,,,,,,,,,,,,,,,,,,,1,2,,,,,,,,,,,,,,
2024,"Pakistan","PAK","South Asia",155833628,185462856,1.8851150418651,1,42,1,3,2,1,0,0,0,0,1,0,4,4,4,4,0,4,3,0,2,,,,,,,,,,2,2,2,2,2,2,1,2,2,,,,,,,,,2,2,2,1,2,2,2,2,,2,,,,2,2,2,,2,,1,,2,2,1,,,,2,1,1,1,2,1,,,,,,,,,2,,2,,2,2,,,,,2,,,,,,,,,2,2,,,,,,,,2,,,,,,4,0,2,1,1,2,1,2,2,1,1,1,2,2,2,,,,,,,,,,,,,,,,,2,2,,,,,,,,,,,,,,,,,,,,,,1,2,,,,,,,,,,,,,,
2024,"Pakistan","PAK","South Asia",155833628,185625377,2.12632752608496,2,19,2,5,2,2,1,0,1,0,1,1,1,4,4,4,0,2,3,1,1,2,1,2,2,,1,1,2,2,,,,,,,,,,,,,,,,,,2,2,2,1,2,2,2,1,,1,2,2,2,,2,2,,2,,2,2,2,2,1,,,2,2,2,2,2,,,,2,2,,1,1,2,,2,,2,,2,1,2,2,,1,1,2,1,2,,,2,2,,2,2,,,,,,,,2,,,,,,2,1,1,,,,,,,,,,,,,,1,,1,1,,1,1,1,2,1,1,2,2,,2,1,,1,1,3,,1,1,1,1,2,2,2,2,,,,,,,,,,1,2,,,,,,,,,,,,,,
2024,"Pakistan","PAK","South Asia",155833628,185796453,0.480298331682336,2,28,2,5,1,2,1,1,1,1,0,1,1,4,4,4,0,4,3,1,2,2,2,1,1,,1,1,1,2,,,,,,,,,,,1,1,1,1,2,2,,,,,,,,,1,1,2,1,2,1,,2,2,,2,2,2,,2,2,2,,,2,2,2,3,2,,,,2,2,,4,1,2,,2,,2,,2,2,,,,,1,2,1,1,,,2,2,,2,2,,,,,,,,2,,,,,,4,1,1,,,,,,,,,,,,,,1,,1,1,,1,1,1,1,1,1,2,2,,2,1,,1,2,,1,1,1,1,2,2,2,2,2,,,,,,,,,,1,2,,,,,,,,,,,,,,
2024,"Pakistan","PAK","South Asia",155833628,186056887,0.517813165835169,2,27,2,5,1,2,1,1,1,1,1,1,1,4,4,4,1,1,1,1,1,1,1,2,2,,1,3,1,2,,,,,,,,,,,2,1,1,1,1,2,,,,,,,,,1,1,2,2,1,1,,2,2,,1,1,1,,2,1,2,,,,4,2,4,2,,,,1,1,1,,1,1,3,1,1,1,1,2,1,1,2,,,1,2,1,1,,,2,2,,2,2,,,,,,,,2,,,,,,4,1,1,,,,,,,,,,,,,,1,,1,1,,1,1,1,2,1,1,1,2,,2,1,,1,1,3,,1,1,1,1,1,1,2,1,,,,,,,,,,1,2,,,,,,,,,,,,,,
2024,"Pakistan","PAK","South Asia",155833628,186172333,0.609475929755089,2,26,1,4,1,2,0,0,0,0,0,0,4,4,4,4,0,4,3,0,2,,,,,,,,,,2,2,2,2,2,2,1,2,2,,,,,,,,,2,1,2,1,2,2,2,2,,2,,,,2,2,2,,2,,2,,2,2,2,,,2,3,1,1,2,,,,,,,,,,,2,,2,,2,2,,,,,2,,,,,,,,,2,2,,,,,,,,2,,,,,,4,0,1,,,,,,,,,,,,,,2,2,1,1,,2,,,2,1,2,2,2,,2,2,2,,,,,,,,,,,,,2,1,2,2,2,2,2,1,8,1,2,,,,,,,,,,,,,,
2024,"Pakistan","PAK","South Asia",155833628,186476810,0.382472277167481,1,20,2,1,2,2,0,0,0,0,1,1,4,4,4,4,0,4,3,0,2,,,,,,,,,,2,2,2,2,3,2,2,2,2,,,,,,,,,2,2,2,2,2,2,2,2,,1,,,,,2,2,,2,,2,1,2,2,2,,,,3,2,2,2,,,,,,,,,,,2,,2,,2,2,,,,,2,,,,,,,,,2,2,,,,,,,,2,,,,,,4,1,2,1,2,2,1,1,2,1,5,1,1,2,1,,,,,,,,,,,,,,,,,1,,1,2,,1,1,1,1,2,2,2,2,2,,,,,,,,,,1,2,,,,,,,,,,,,,,
2024,"Pakistan","PAK","South Asia",155833628,186574300,0.35476269967373,1,20,2,3,2,1,0,0,0,0,0,0,4,4,4,4,0,4,3,0,2,,,,,,,,,,2,2,2,2,3,2,2,2,1,,,,,,,,,3,3,2,2,2,2,2,2,,2,,,,2,2,2,,2,,2,,2,2,2,,,2,1,1,1,2,,,,,,,,,,,2,,2,,2,2,,,,,2,,,,,,,,,2,2,,,,,,,,2,,,,,,4,0,2,1,1,2,2,1,2,2,5,2,,,,2,,,,,,,,,,,,,,,,2,2,,,,,,,,,,,,,,,,,,,,,,1,2,,,,,,,,,,,,,,
2024,"Pakistan","PAK","South Asia",155833628,186647090,1.11669397001675,2,25,2,4,1,2,1,0,1,1,1,0,4,4,4,4,1,1,1,1,1,1,2,2,2,,1,1,2,2,,,,,,,,,,,,,,,,,,2,2,2,2,1,2,2,2,,2,,,,2,2,2,,2,,1,,2,1,2,,,,2,2,3,1,1,2,2,1,1,3,,1,1,1,1,1,1,1,2,1,1,1,,,2,,,,,,,,,2,2,,,,,,,,2,,,,,,4,1,1,,,,,,,,,,,,,,1,,1,1,,1,1,1,1,1,1,1,1,2,2,1,,1,1,3,,1,1,1,1,2,2,2,2,,,,,,,,,,1,2,,,,,,,,,,,,,,
2024,"Pakistan","PAK","South Asia",155833628,186679449,0.510600239671865,2,35,1,4,1,1,0,0,0,0,0,0,2,4,4,4,0,4,3,0,2,,,,,,,,,,2,2,2,1,1,1,1,2,1,,,,,,,,,2,2,2,1,2,2,2,2,,2,,,,2,2,2,,2,,2,,2,2,2,,,2,3,1,4,1,1,1,,,,,,,,,2,,2,,2,2,,,,,1,2,2,2,1,,,,,2,2,,,,,,,,2,,,,,,2,0,1,,,,,,,,,,,,,,2,2,1,1,,2,,,2,2,,2,2,,2,2,2,,,,,,,,,,,,,1,1,2,1,2,1,2,2,1,1,2,,,,,,,,,,,,,,
2024,"Pakistan","PAK","South Asia",155833628,186712615,0.525378872476137,1,30,1,4,2,1,0,0,0,0,0,0,4,4,4,4,0,4,3,0,2,,,,,,,,,,2,2,2,2,2,2,2,2,2,,,,,,,,,2,2,2,2,2,2,2,2,,2,,,,2,2,2,,2,,2,,2,2,2,,,2,1,1,4,2,,,,,,,,,,,2,,2,,2,2,,,,,2,,,,,,,,,2,2,,,,,,,,2,,,,,,4,0,2,1,1,1,1,2,2,1,2,2,,,,2,,,,,,,,,,,,,,,,2,2,,,,,,,,,,,,,,,,,,,,,,1,2,,,,,,,,,,,,,,
2024,"Pakistan","PAK","South Asia",155833628,186839145,1.06428809902119,1,20,2,1,2,2,0,0,0,0,1,1,4,4,4,4,0,4,3,0,2,,,,,,,,,,2,2,1,2,2,2,1,1,2,,,,,,,,,2,1,2,1,2,2,2,2,,1,,,,,2,2,,2,,1,2,2,2,2,,,,7,,1,2,,,,,,,,,,,2,,2,,2,2,,,,,2,,,,,,,,,2,2,,,,,,,,2,,,,,,4,1,1,,,,,,,,,,,,,,1,,1,1,,1,1,1,1,1,1,2,1,2,1,1,,1,2,,1,1,1,1,1,2,2,2,2,,,,,,,,,,1,2,,,,,,,,,,,,,,
2024,"Pakistan","PAK","South Asia",155833628,186847137,0.681369408657699,2,25,1,5,1,1,0,1,1,1,1,0,4,4,4,4,0,4,3,1,2,,,,,,,,,,2,2,2,2,2,2,2,2,2,1,3,3,3,2,2,2,,,,,,,,,2,2,2,,,,2,2,2,,2,2,1,,2,2,2,,,,2,2,4,2,,,,2,2,,4,1,2,,2,,2,,2,2,,,,,2,,,,,,,,,2,2,,,,,,,,2,,,,,,4,0,1,,,,,,,,,,,,,,1,,1,4,2,2,,,3,1,1,1,1,2,2,2,2,,,,,2,2,2,2,2,2,2,2,,,,,,,,,,1,2,,,,,,,,,,,,,,
2024,"Pakistan","PAK","South Asia",155833628,186910813,0.604480807557036,2,42,1,1,1,1,0,0,0,0,1,0,2,4,4,4,0,2,3,0,2,,,,,,,,,,2,2,2,2,2,2,1,2,2,,,,,,,,,2,2,2,1,2,2,2,2,,2,,,,2,2,2,,2,,1,,1,2,1,,,,2,1,2,2,,,,,,,,,,,2,,2,,2,1,2,2,,1,1,2,2,2,1,,,,,2,2,,,,,,,,2,,,,,,4,0,1,,,,,,,,,,,,,,2,2,1,1,,2,,,2,2,,2,1,2,2,2,2,,,,,,,,,,,,,1,1,2,1,2,2,2,2,1,1,2,,,,,,,,,,,,,,
2024,"Pakistan","PAK","South Asia",155833628,187182385,0.946014397086267,2,18,2,4,2,1,1,1,1,1,1,1,4,1,1,1,1,1,2,1,1,2,1,3,2,,1,2,1,2,,,,,,,,,,,,,,,,,,,,,,,,,1,,1,2,1,2,,1,2,,1,,2,1,2,2,1,,,,2,2,2,2,,,,1,1,1,,2,2,,1,2,1,2,2,1,1,1,,,2,,,,,,,,,1,1,1,1,,,2,1,1,1,1,1,,,1,6,1,1,,,,,,,,,,,,,,1,,1,1,,1,1,1,2,1,1,2,1,2,2,1,,1,1,1,,1,1,1,1,1,2,2,2,,,,,,,,,,1,2,,,,,,,,,,,,,,
2024,"Pakistan","PAK","South Asia",155833628,187215045,0.46502175454546,1,60,1,3,1,2,0,0,0,0,1,0,2,4,4,4,0,4,3,0,2,,,,,,,,,,2,2,2,2,1,1,1,2,2,,,,,,,,,,,,,,,,2,2,2,,,,2,2,2,,2,2,2,,1,1,2,,,1,2,1,2,2,,,,2,2,,1,2,2,,2,,2,,2,2,,,,,1,2,2,2,1,,,,,2,2,,,,,,,,2,,,,,,2,1,2,1,1,2,2,2,1,2,1,1,2,1,2,,,,,,,,,,,,,,,,,2,1,2,1,2,,2,2,2,2,2,2,2,2,,,,,,,,,,1,2,,,,,,,,,,,,,,
2024,"Pakistan","PAK","South Asia",155833628,187235515,1.14741683150244,1,17,2,3,2,2,0,0,0,0,0,0,4,4,4,4,0,2,3,0,2,,,,,,,,,,2,2,1,2,2,2,2,2,2,,,,,,,,,2,2,2,2,2,2,2,2,,2,,,,2,2,2,,2,,2,,2,2,2,,,2,3,1,2,2,,,,,,,,,,,2,,2,,2,1,2,2,,1,2,,,,,,,,,2,2,,,,,,,,2,,,,,,4,1,2,1,1,2,2,2,2,1,1,1,2,2,2,,,,,,,,,,,,,,,,,1,,1,2,,1,1,2,1,2,2,2,2,2,,,,,,,,,,,,,,,,,,,,,,,,,
2024,"Pakistan","PAK","South Asia",155833628,187370753,3.36249473672386,1,30,1,2,2,2,0,0,0,0,1,0,4,4,4,4,0,4,3,0,2,,,,,,,,,,2,2,2,3,3,2,1,1,2,,,,,,,,,3,3,2,2,2,2,2,2,,2,,,,2,2,2,,2,,1,,2,2,2,,,,1,2,4,2,,,,,,,,,,,2,,2,,2,2,,,,,2,,,,,,,,,2,2,,,,,,,,2,,,,,,4,0,2,2,1,8,1,1,2,1,7,1,2,2,2,,,,,,,,,,,,,,,,,2,2,,,,,,,,,,,,,,,,,,,,,,1,2,,,,,,,,,,,,,,
2024,"Pakistan","PAK","South Asia",155833628,187493278,1.19560571373497,2,18,1,5,1,1,0,0,0,0,0,0,2,4,4,4,0,4,3,0,2,,,,,,,,,,2,2,2,2,1,2,1,2,2,,,,,,,,,2,1,2,1,2,2,2,2,,2,,,,2,2,2,,2,,2,,2,2,2,,,2,2,1,1,2,,,,,,,,,,,2,,2,,2,2,,,,,1,2,2,2,1,,,,,2,2,,,,,,,,2,,,,,,4,1,1,,,,,,,,,,,,,,1,,1,1,,1,1,1,2,1,1,2,2,,2,2,1,1,1,2,,1,1,1,1,2,2,2,2,,,,,,,,,,1,2,,,,,,,,,,,,,,
2024,"Pakistan","PAK","South Asia",155833628,187584851,3.36249473672386,1,40,1,3,2,2,0,0,0,0,0,0,4,4,4,4,0,4,3,0,2,,,,,,,,,,2,2,2,2,3,2,1,2,2,,,,,,,,,3,3,3,1,2,2,2,2,,2,,,,2,2,2,,2,,2,,2,2,2,,,2,5,2,2,2,,,,,,,,,,,2,,2,,2,2,,,,,2,,,,,,,,,2,2,,,,,,,,2,,,,,,1,0,2,1,1,8,1,2,2,1,4,2,,,,1,,,,,,,,,,,,,,,,2,2,,,,,,,,,,,,,,,,,,,,,,1,2,,,,,,,,,,,,,,
2024,"Pakistan","PAK","South Asia",155833628,187720772,0.528433858168865,1,25,2,4,2,2,0,0,0,0,1,0,4,4,4,4,0,1,3,0,2,,,,,,,,,,2,1,1,2,2,2,2,2,2,,,,,,,,,2,2,2,2,1,2,2,2,,2,,,,2,2,2,,2,,1,,2,2,2,,,,2,2,2,2,,,,,,,,,,,2,,2,,2,1,2,1,1,,2,,,,,,,,,2,2,,,,,,,,2,,,,,,4,0,2,2,2,2,2,2,1,2,6,2,,,,1,,,,,,,,,,,,,,,,2,2,,,,,,,,,,,,,,,,,,,,,,1,2,,,,,,,,,,,,,,
2024,"Pakistan","PAK","South Asia",155833628,187749215,0.481665058464544,2,51,1,1,1,2,1,1,1,1,1,1,4,1,4,4,0,4,3,1,1,2,2,2,1,,2,1,2,1,,,,,,,,,,,2,1,3,2,2,1,1,,,,,,,,2,1,2,1,2,2,,1,2,,1,2,1,,2,2,1,1,2,,3,2,3,2,,,,2,2,,4,2,2,,2,,2,,2,2,,,,,2,,,,,,,,,1,2,2,1,,,2,2,2,2,,,,,,4,1,2,1,2,1,2,2,2,2,1,2,,,,1,,,,,,,,,,,,,,,,1,,1,1,3,,1,2,2,2,2,1,2,2,,,,,,,,,,1,1,,,,,,,,,,,,,,
2024,"Pakistan","PAK","South Asia",155833628,188044329,0.779562680585779,1,65,1,5,2,2,0,0,0,0,1,1,4,4,4,4,0,2,2,0,2,,,,,,,,,,2,2,2,2,3,2,2,1,2,,,,,,,,,2,1,1,2,2,2,2,2,,1,,,,,2,2,,2,,1,2,2,2,2,,,,7,,1,1,1,2,,,,,,,,,1,2,2,,2,1,2,2,,1,2,,,,,,,,,2,2,,,,,,,,2,,,,,,4,0,2,1,2,2,1,2,2,1,4,1,1,2,2,,,,,,,,,,,,,,,,,2,2,,,,,,,,,,,,,,,,,,,,,,1,2,,,,,,,,,,,,,,
2024,"Pakistan","PAK","South Asia",155833628,188119759,2.61972629080662,1,30,1,1,2,2,1,1,1,1,0,0,4,4,3,1,0,4,1,1,2,2,2,3,2,,2,2,2,2,,,,,,,,,,,,,,,,,,,,,,,,,2,,2,,,,2,2,1,2,2,,2,,2,2,2,,,2,3,2,2,1,2,1,2,2,2,,2,2,1,2,1,1,2,,2,2,,,,,2,,,,,,,,,2,1,2,2,2,2,,,,1,1,1,,,2,3,0,1,,,,,,,,,,,,,,2,1,1,7,1,2,,,1,1,2,1,1,1,2,2,2,,,,,,,,,,,,,2,2,1,1,2,1,1,1,3,2,,1,1,2,2,1,1,1,1,1,1,2,1,,
2024,"Pakistan","PAK","South Asia",155833628,188191880,0.405098054706151,2,31,2,3,1,1,0,1,1,1,1,1,4,4,4,4,0,1,1,1,2,,,,,,,,,,2,2,2,1,1,1,1,2,2,2,2,1,1,1,2,2,,,,,,,,,2,1,1,2,2,2,,2,2,,2,1,1,2,2,1,2,,,,2,1,2,2,,,,2,2,,4,1,2,,1,1,1,1,2,1,2,1,,,2,,,,,,,,,2,2,,,,,,,,2,,,,,,4,1,1,,,,,,,,,,,,,,1,,1,1,,1,1,1,2,1,1,2,1,2,2,1,,1,1,2,,1,1,1,1,2,2,2,2,,,,,,,,,,1,2,,,,,,,,,,,,,,
2024,"Pakistan","PAK","South Asia",155833628,188302671,3.36249473672386,2,21,1,2,1,1,0,0,0,0,0,0,2,4,4,4,0,4,3,0,2,,,,,,,,,,2,2,1,1,1,2,1,2,2,,,,,,,,,1,1,2,1,2,2,2,2,,2,,,,2,2,2,,2,,2,,2,2,2,,,2,5,1,2,1,2,1,,,,,,,,,2,,2,,2,2,,,,,1,2,2,2,1,,,,,2,2,,,,,,,,2,,,,,,4,0,1,,,,,,,,,,,,,,2,2,1,1,,2,,,2,2,,2,1,2,2,2,2,,,,,,,,,,,,,1,1,2,1,2,1,2,2,1,1,2,,,,,,,,,,,,,,
2024,"Pakistan","PAK","South Asia",155833628,188579237,2.04739080038084,1,48,1,4,2,1,0,0,0,0,0,0,4,4,4,4,0,4,3,0,2,,,,,,,,,,2,2,2,2,2,2,2,2,2,,,,,,,,,2,2,2,1,2,2,2,2,,2,,,,2,2,2,,2,,2,,2,2,2,,,2,2,1,3,2,,,,,,,,,,,2,,2,,2,2,,,,,2,,,,,,,,,2,2,,,,,,,,2,,,,,,2,0,2,1,2,2,2,2,2,1,1,2,,,,1,,,,,,,,,,,,,,,,2,2,,,,,,,,,,,,,,,,,,,,,,1,2,,,,,,,,,,,,,,
2024,"Pakistan","PAK","South Asia",155833628,188684306,0.783145086197081,1,36,2,3,2,2,0,0,0,0,0,1,4,4,4,4,0,4,3,0,2,,,,,,,,,,2,2,1,2,2,1,1,1,1,,,,,,,,,2,2,2,2,2,2,2,2,,2,,,,1,2,2,,2,,2,,2,2,2,,,2,2,2,3,2,,,,,,,,,,,2,,2,,2,2,,,,,2,,,,,,,,,2,2,,,,,,,,2,,,,,,6,1,1,,,,,,,,,,,,,,1,,1,1,,1,1,1,2,1,1,1,2,,2,1,,1,1,2,,1,1,1,2,2,2,2,2,,,,,,,,,,1,2,,,,,,,,,,,,,,
2024,"Pakistan","PAK","South Asia",155833628,188711511,0.58087353929966,1,22,1,3,2,1,0,0,0,0,0,0,4,4,4,4,0,4,3,0,2,,,,,,,,,,2,2,2,1,1,1,1,2,1,,,,,,,,,1,1,1,1,2,2,2,2,,2,,,,2,2,2,,2,,2,,2,2,2,,,2,5,1,2,1,2,2,,,,,,,,,2,,2,,2,2,,,,,2,,,,,,,,,2,2,,,,,,,,2,,,,,,2,0,2,1,1,1,1,2,1,1,1,1,2,1,2,,,,,,,,,,,,,,,,,2,2,,,,,,,,,,,,,,,,,,,,,,1,2,,,,,,,,,,,,,,
2024,"Pakistan","PAK","South Asia",155833628,189074114,0.825457927058736,2,40,2,5,2,1,0,0,0,0,0,0,4,4,4,4,0,4,3,0,2,,,,,,,,,,2,2,1,2,2,2,2,2,2,,,,,,,,,2,2,2,2,2,2,2,2,,2,,,,2,2,2,,2,,2,,2,2,2,,,2,2,1,1,2,,,,,,,,,,,2,,2,,2,2,,,,,2,,,,,,,,,2,2,,,,,,,,2,,,,,,3,1,1,,,,,,,,,,,,,,1,,1,1,,2,,,1,1,2,2,2,,2,1,,1,1,3,,1,1,1,2,2,2,2,2,,,,,,,,,,1,2,,,,,,,,,,,,,,
2024,"Pakistan","PAK","South Asia",155833628,189193380,0.641971219490792,2,38,2,4,1,2,0,0,0,0,0,0,4,4,4,4,0,4,3,0,2,,,,,,,,,,2,2,2,2,2,2,2,2,2,,,,,,,,,2,2,2,2,2,2,2,2,,2,,,,2,2,2,,4,,2,,2,2,2,,,2,2,1,2,2,,,,,,,,,,,2,,2,,2,2,,,,,2,,,,,,,,,2,2,,,,,,,,2,,,,,,4,0,2,2,2,2,2,2,2,2,,2,,,,1,,,,,,,,,,,,,,,,2,2,,,,,,,,,,,,,,,,,,,,,,1,2,,,,,,,,,,,,,,
2024,"Pakistan","PAK","South Asia",155833628,189210128,0.901181912651298,1,50,1,3,2,1,0,0,0,0,1,0,4,4,4,4,0,2,3,0,2,,,,,,,,,,2,2,2,1,1,2,1,2,2,,,,,,,,,1,2,2,1,1,2,2,2,,2,,,,2,2,2,,2,,1,,2,2,1,,,,7,,1,2,,,,,,,,,,,2,,2,,2,1,2,2,,1,2,,,,,,,,,2,2,,,,,,,,2,,,,,,4,0,2,1,2,2,1,2,2,1,7,1,2,2,2,,,,,,,,,,,,,,,,,2,2,,,,,,,,,,,,,,,,,,,,,,1,3,,,,,,,,,,,,,,
2024,"Pakistan","PAK","South Asia",155833628,189316729,0.285730633617055,1,28,2,4,1,2,0,0,0,0,1,1,2,4,4,4,0,4,2,0,2,,,,,,,,,,2,2,2,2,2,2,1,2,2,,,,,,,,,3,1,2,1,2,1,2,2,,1,,,,,2,2,,2,,1,2,2,1,1,,,,2,2,2,2,,,,,,,,,,,1,2,2,,2,2,,,,,1,2,2,2,1,,,,,2,2,,,,,,,,2,,,,,,2,0,1,,,,,,,,,,,,,,1,,2,1,,2,,,4,1,1,2,2,,2,2,2,,,,,1,2,2,1,2,2,2,2,,,,,,,,,,1,2,,,,,,,,,,,,,,
2024,"Pakistan","PAK","South Asia",155833628,189324550,0.447345627448896,1,23,1,4,2,1,0,0,0,0,1,0,4,4,4,4,0,4,3,0,2,,,,,,,,,,2,2,2,2,1,2,1,2,2,,,,,,,,,2,1,2,1,2,2,2,2,,2,,,,2,2,2,,2,,1,,1,2,1,,,,7,,1,2,,,,,,,,,,,2,,2,,2,2,,,,,2,,,,,,,,,2,2,,,,,,,,2,,,,,,4,0,1,,,,,,,,,,,,,,2,2,2,1,,1,1,1,2,2,,2,1,2,2,2,2,,,,,,,,,,,,,2,1,2,2,2,2,2,1,8,1,2,,,,,,,,,,,,,,
2024,"Pakistan","PAK","South Asia",155833628,189329168,0.844232135370354,1,40,1,3,2,1,0,0,0,0,1,0,4,4,4,4,0,4,2,0,2,,,,,,,,,,2,2,2,1,1,2,1,2,1,,,,,,,,,2,1,1,1,1,2,2,2,,2,,,,2,2,2,,2,,1,,1,2,2,,,,7,,2,2,,,,,,,,,,,2,,1,2,2,2,,,,,2,,,,,,,,,2,2,,,,,,,,2,,,,,,4,0,1,,,,,,,,,,,,,,2,2,1,2,,2,,,1,2,,2,2,,2,2,2,,,,,,,,,,,,,1,1,2,1,2,1,2,2,1,1,2,,,,,,,,,,,,,,
2024,"Pakistan","PAK","South Asia",155833628,189347727,0.352974618574636,2,50,2,4,1,1,1,1,1,1,1,1,4,4,1,2,0,2,1,1,1,1,1,3,2,,1,1,2,2,,,,,,,,,,,2,1,3,1,2,2,,,,,,,,,1,2,2,3,2,2,,2,2,,2,2,1,,2,2,2,,,,1,3,3,2,,,,2,2,,1,1,2,,1,1,2,,2,1,2,2,,1,2,,,,,,,,,2,1,1,2,,,2,2,1,1,2,2,1,,1,8,1,1,,,,,,,,,,,,,,1,,1,1,,1,1,1,2,1,1,2,2,,2,1,,1,1,2,,1,1,1,1,2,2,2,2,,,,,,,,,,1,2,,,,,,,,,,,,,,
2024,"Pakistan","PAK","South Asia",155833628,189348705,0.469608544966078,1,26,1,1,2,2,0,0,0,0,1,0,4,4,4,4,0,4,3,0,2,,,,,,,,,,2,2,1,2,1,2,1,2,2,,,,,,,,,2,2,2,1,2,2,2,2,,2,,,,2,2,1,1,1,,1,,1,2,1,,,,4,1,5,1,1,1,,,,,,,,,2,,2,,2,2,,,,,2,,,,,,,,,2,2,,,,,,,,2,,,,,,4,0,2,1,1,2,2,2,2,1,1,1,2,1,1,,,,,,,,,,,,,,,,,2,2,,,,,,,,,,,,,,,,,,,,,,1,2,,,,,,,,,,,,,,
2024,"Pakistan","PAK","South Asia",155833628,189359896,1.03562633167034,2,30,3,5,2,2,1,1,1,1,1,1,1,4,4,4,0,2,1,1,1,2,2,3,2,,2,1,2,2,,,,,,,,,,,2,2,2,1,2,2,,,,,,,,,2,1,2,2,2,2,,2,2,,2,1,2,,2,2,2,,,,5,2,1,2,,,,2,2,,4,2,2,,2,,1,1,2,1,2,2,,1,1,2,1,1,,,1,1,,2,2,,,,,,,,2,,,,,,3,1,1,,,,,,,,,,,,,,1,,1,1,,1,1,1,4,1,1,2,1,2,2,1,,1,1,3,,1,1,1,1,2,2,2,2,,,,,,,,,,1,2,,,,,,,,,,,,,,
2024,"Pakistan","PAK","South Asia",155833628,189492647,0.285730633617055,1,45,3,4,2,2,0,0,0,0,1,0,4,4,4,4,0,4,3,0,2,,,,,,,,,,2,2,1,1,1,2,2,1,2,,,,,,,,,2,2,2,2,2,2,2,2,,2,,,,2,2,2,,2,,1,,2,2,2,,,,1,2,2,2,,,,,,,,,,,2,,2,,2,2,,,,,2,,,,,,,,,2,2,,,,,,,,2,,,,,,4,1,1,,,,,,,,,,,,,,1,,1,1,,2,,,3,1,1,1,2,,2,1,,1,1,3,,1,1,1,2,2,2,2,2,,,,,,,,,,1,2,,,,,,,,,,,,,,
2024,"Pakistan","PAK","South Asia",155833628,189509344,0.829741787332625,2,60,2,3,1,2,0,0,0,0,1,0,4,4,4,4,0,4,3,0,2,,,,,,,,,,2,2,2,2,2,2,2,2,2,,,,,,,,,2,2,2,2,2,2,2,2,,2,,,,2,2,2,,2,,1,,2,2,2,,,,2,2,2,2,,,,,,,,,,,2,,2,,2,2,,,,,2,,,,,,,,,2,2,,,,,,,,2,,,,,,4,0,1,,,,,,,,,,,,,,2,2,1,1,,2,,,2,2,,2,2,,2,2,2,,,,,,,,,,,,,2,2,2,2,2,2,2,2,,1,2,,,,,,,,,,,,,,
2024,"Pakistan","PAK","South Asia",155833628,189835867,0.285730633617055,1,30,2,5,2,2,0,0,0,0,0,1,4,4,4,4,0,2,3,0,2,,,,,,,,,,2,2,1,2,2,2,2,1,2,,,,,,,,,2,2,2,2,2,2,2,2,,1,,,,,2,2,,2,,2,2,2,2,2,,,2,1,2,2,1,2,2,,,,,,,,,2,,2,,2,1,2,2,,1,2,,,,,,,,,2,2,,,,,,,,2,,,,,,4,1,1,,,,,,,,,,,,,,1,,2,1,,1,1,1,1,1,2,2,2,,1,1,,1,1,4,,1,1,1,2,2,2,2,2,,,,,,,,,,1,2,,,,,,,,,,,,,,
2024,"Pakistan","PAK","South Asia",155833628,189879715,0.560567987135824,1,22,2,2,2,1,0,0,0,0,0,0,4,4,4,4,0,4,3,0,2,,,,,,,,,,2,2,2,2,2,2,1,2,2,,,,,,,,,2,1,2,1,2,2,2,2,,2,,,,2,2,2,,2,,2,,2,2,2,,,2,3,1,4,2,,,,,,,,,,,2,,2,,2,2,,,,,2,,,,,,,,,2,2,,,,,,,,2,,,,,,4,0,2,1,1,1,2,2,2,2,1,1,1,2,2,,,,,,,,,,,,,,,,,2,2,,,,,,,,,,,,,,,,,,,,,,2,,1,1,2,1,2,2,2,2,2,1,2,2,,
2024,"Pakistan","PAK","South Asia",155833628,189902515,0.467281436686935,2,36,2,5,2,2,0,0,0,0,0,0,4,4,4,4,0,4,3,0,2,,,,,,,,,,2,2,1,2,2,2,2,2,2,,,,,,,,,2,2,2,2,2,2,2,2,,2,,,,2,2,2,,2,,2,,2,2,2,,,2,2,1,1,2,,,,,,,,,,,2,,2,,2,2,,,,,2,,,,,,,,,2,2,,,,,,,,2,,,,,,4,1,1,,,,,,,,,,,,,,1,,1,1,,1,2,2,1,1,2,2,2,,2,1,,1,1,3,,1,2,1,1,2,2,2,1,,,,,,,,,,1,2,,,,,,,,,,,,,,
2024,"Pakistan","PAK","South Asia",155833628,190074041,0.899403114299938,2,18,1,1,2,1,0,0,0,0,1,0,4,4,4,4,0,4,3,0,2,,,,,,,,,,2,2,2,2,2,2,1,2,2,,,,,,,,,2,2,2,1,2,2,2,2,,2,,,,2,2,2,,2,,1,,2,2,1,,,,2,2,2,2,,,,,,,,,,,2,,2,,2,2,,,,,2,,,,,,,,,2,2,,,,,,,,2,,,,,,2,1,1,,,,,,,,,,,,,,1,,2,1,,1,1,1,1,1,1,2,2,,2,1,,1,1,2,,1,1,1,2,2,2,2,2,,,,,,,,,,2,,2,2,2,2,2,2,2,2,1,2,2,2,,
2024,"Pakistan","PAK","South Asia",155833628,190081443,0.705949237149272,2,45,1,1,2,2,0,0,0,0,1,0,4,4,4,4,0,2,2,0,2,,,,,,,,,,2,2,2,2,1,2,1,2,2,,,,,,,,,2,2,2,2,2,2,2,2,,2,,,,2,2,2,,2,,1,,1,2,2,,,,7,,1,2,,,,,,,,,,,2,,1,2,2,1,2,2,,1,2,,,,,,,,,2,2,,,,,,,,2,,,,,,4,0,1,,,,,,,,,,,,,,2,2,1,1,,2,,,2,2,,2,2,,2,2,2,,,,,,,,,,,,,2,2,2,2,2,2,2,2,,1,2,,,,,,,,,,,,,,
2024,"Pakistan","PAK","South Asia",155833628,190084036,1.54070787064628,2,35,3,2,1,2,1,1,1,1,1,1,1,4,4,4,1,1,1,1,1,1,1,2,2,,1,1,1,2,,,,,,,,,,,2,2,2,1,1,2,,,,,,,,,1,1,1,2,2,1,,2,2,,2,1,1,2,2,2,2,,,,2,2,3,2,,,,1,2,,4,1,1,1,1,1,1,1,2,1,1,1,,,1,2,2,1,,,2,2,,2,2,,,,,,,,2,,,,,,4,1,1,,,,,,,,,,,,,,1,,1,1,,1,1,1,2,1,1,1,1,2,1,1,,1,1,3,,1,1,1,2,2,1,2,2,,,,,,,,,,1,1,,,,,,,,,,,,,,
2024,"Pakistan","PAK","South Asia",155833628,190159226,1.16295173695122,1,20,1,2,2,1,0,0,0,0,0,0,4,4,4,4,0,4,3,0,2,,,,,,,,,,2,2,1,2,2,2,1,2,2,,,,,,,,,2,2,2,1,2,2,2,2,,2,,,,2,2,2,,2,,2,,2,2,2,,,2,7,,1,1,2,1,,,,,,,,,2,,2,,2,2,,,,,2,,,,,,,,,2,2,,,,,,,,2,,,,,,4,0,2,1,2,2,2,2,2,1,1,1,2,2,2,,,,,,,,,,,,,,,,,2,2,,,,,,,,,,,,,,,,,,,,,,2,,2,2,2,1,2,2,1,2,2,1,2,2,,
2024,"Pakistan","PAK","South Asia",155833628,190263434,3.33565532540481,2,24,1,1,1,1,1,0,1,0,1,1,4,4,4,4,0,1,1,1,2,,,,,,,,,,,,,,,,,,,,,,,,,,,,,,,,,,1,1,2,3,2,2,,2,2,,2,2,1,,1,1,2,,,,4,1,3,1,1,1,2,2,2,,1,2,2,,1,1,1,1,1,1,1,2,,,2,,,,,,,,,2,2,,,,,,,,2,,,,,,3,1,1,,,,,,,,,,,,,,1,,1,1,,1,1,1,3,1,2,1,2,,2,1,,1,1,1,,1,1,1,1,1,2,2,2,,,,,,,,,,1,2,,,,,,,,,,,,,,
2024,"Pakistan","PAK","South Asia",155833628,190525717,3.36249473672386,1,18,1,2,2,1,0,0,0,0,1,0,4,4,4,4,0,4,2,0,2,,,,,,,,,,2,2,2,1,1,2,2,2,2,,,,,,,,,1,1,3,1,2,2,2,2,,2,,,,2,2,2,,2,,1,,2,2,1,,,,5,1,5,1,2,1,,,,,,,,,2,,1,2,1,2,,,,,2,,,,,,,,,2,2,,,,,,,,2,,,,,,4,0,2,1,1,1,1,1,1,2,1,1,2,2,2,,,,,,,,,,,,,,,,,2,2,,,,,,,,,,,,,,,,,,,,,,2,,2,2,1,2,1,3,1,2,2,2,2,1,,
2024,"Pakistan","PAK","South Asia",155833628,190924218,3.36249473672386,2,40,1,1,1,1,1,0,1,0,1,0,2,4,4,4,0,1,2,1,2,,,,,,,,,,,,,,,,,,,,,,,,,,,2,1,2,1,2,2,2,2,,2,,,,2,2,2,,2,,1,,2,2,1,,,,7,,1,2,,,,,,,,,,,1,2,1,2,2,1,1,2,1,,1,2,2,2,1,,,,,2,2,,,,,,,,2,,,,,,4,0,1,,,,,,,,,,,,,,2,2,1,1,,2,,,2,2,,2,2,,2,2,2,,,,,,,,,,,,,1,1,1,1,2,1,2,2,6,1,2,,,,,,,,,,,,,,
2024,"Pakistan","PAK","South Asia",155833628,190961024,0.503779555551112,2,38,2,4,1,2,1,1,1,1,1,1,1,4,4,4,1,1,3,1,1,1,1,1,2,,1,2,1,2,,,,,,,,,,,2,2,1,1,1,1,2,,,,,,,,1,1,2,2,2,2,,2,2,,2,2,1,,1,1,2,,,,1,2,2,2,,,,1,1,2,,1,1,1,2,,2,,1,1,1,2,,,1,2,2,1,,,2,2,,2,2,,,,,,,,2,,,,,,4,1,1,,,,,,,,,,,,,,1,,1,1,,1,1,1,2,1,1,1,1,2,2,1,,1,1,3,,1,1,1,2,2,2,2,2,,,,,,,,,,1,2,,,,,,,,,,,,,,
2024,"Pakistan","PAK","South Asia",155833628,191093856,0.753021385803665,1,35,1,5,2,2,0,0,0,0,1,0,4,4,4,4,0,4,3,0,2,,,,,,,,,,2,2,2,1,1,1,2,2,3,,,,,,,,,1,1,1,1,1,2,2,2,,2,,,,2,2,2,,1,,1,,2,1,1,,,,5,1,2,2,,,,,,,,,,,2,,2,,1,2,,,,,2,,,,,,,,,2,2,,,,,,,,2,,,,,,2,0,2,1,1,1,1,1,1,2,1,2,,,,1,,,,,,,,,,,,,,,,2,2,,,,,,,,,,,,,,,,,,,,,,1,2,,,,,,,,,,,,,,
2024,"Pakistan","PAK","South Asia",155833628,191204710,0.285730633617055,1,37,2,4,2,2,1,0,1,0,0,0,4,4,4,4,0,1,3,1,2,,,,,,,,,,,,,,,,,,,,,,,,,,,2,2,2,2,2,2,1,2,,2,,,,2,2,2,,2,,2,,2,2,2,,,2,2,1,2,2,,,,,,,,,,,2,,2,,2,1,1,2,1,,2,,,,,,,,,2,2,,,,,,,,2,,,,,,4,0,1,,,,,,,,,,,,,,2,2,2,1,,1,2,1,2,2,,2,2,,2,2,2,,,,,,,,,,,,,2,2,2,2,2,2,2,1,8,1,2,,,,,,,,,,,,,,
2024,"Pakistan","PAK","South Asia",155833628,191266108,1.39197199362084,2,17,2,1,1,1,0,0,0,0,0,0,4,4,4,4,0,4,3,0,2,,,,,,,,,,2,2,1,2,2,1,1,1,2,,,,,,,,,2,1,1,1,1,2,2,2,,2,,,,2,2,2,,2,,2,,2,2,2,,,2,5,2,4,1,2,2,,,,,,,,,2,,2,,2,2,,,,,2,,,,,,,,,2,2,,,,,,,,2,,,,,,2,1,1,,,,,,,,,,,,,,1,,2,1,,1,1,1,1,1,1,1,2,,2,1,,1,1,2,,1,1,1,1,1,2,2,2,,,,,,,,,,,,,,,,,,,,,,,,,
2024,"Pakistan","PAK","South Asia",155833628,191283300,2.36597438956739,2,45,1,3,1,2,0,1,1,1,1,0,1,4,4,4,0,1,1,1,2,,,,,,,,,,2,2,1,2,2,2,2,2,2,1,2,2,2,2,2,2,,,,,,,,,2,2,2,,,,2,2,2,,2,2,1,,1,2,1,,,,2,1,1,2,,,,2,2,,4,1,2,,2,,1,1,2,1,2,1,,,1,2,2,1,,,1,1,,2,2,,,,,,,,2,,,,,,5,1,1,,,,,,,,,,,,,,1,,1,1,,1,1,1,2,2,,2,2,,1,1,,1,1,2,,1,1,1,2,2,2,2,2,,,,,,,,,,1,2,,,,,,,,,,,,,,
2024,"Pakistan","PAK","South Asia",155833628,191445369,1.1299699388576,1,45,1,2,2,2,0,0,0,0,1,0,4,4,4,4,0,4,3,0,2,,,,,,,,,,2,2,2,2,1,2,2,2,2,,,,,,,,,1,2,2,1,2,2,2,2,,2,,,,2,2,2,,2,,2,,2,2,1,,,2,7,,1,2,,,,,,,,,,,2,,2,,2,2,,,,,2,,,,,,,,,2,2,,,,,,,,2,,,,,,4,0,2,1,2,2,1,2,2,2,1,1,2,2,2,,,,,,,,,,,,,,,,,2,2,,,,,,,,,,,,,,,,,,,,,,1,3,,,,,,,,,,,,,,
2024,"Pakistan","PAK","South Asia",155833628,191606936,0.379866035283272,1,32,1,5,1,1,1,0,1,0,0,1,4,4,4,4,0,4,1,1,2,2,2,2,2,,2,1,2,2,,,,,,,,,,,,,,,,,,,,,,,,,2,2,1,,,,,2,2,,2,2,2,2,2,2,2,,,2,3,1,4,2,,,,2,2,,4,2,2,,1,1,2,,2,2,,,,,2,,,,,,,,,2,2,,,,,,,,2,,,,,,5,0,2,1,2,2,2,2,1,1,1,1,2,2,2,,,,,,,,,,,,,,,,,2,2,,,,,,,,,,,,,,,,,,,,,,1,2,,,,,,,,,,,,,,
2024,"Pakistan","PAK","South Asia",155833628,191710786,3.36249473672386,2,21,1,1,1,2,0,0,0,0,1,1,4,4,4,4,0,4,3,0,2,,,,,,,,,,2,2,2,2,3,2,2,2,1,,,,,,,,,,,,,,,,2,1,2,3,2,2,,2,2,,2,2,2,,1,2,1,,,2,3,1,1,2,,,,2,2,,1,2,2,,2,,2,,2,2,,,,,2,,,,,,,,,2,2,,,,,,,,2,,,,,,4,0,1,,,,,,,,,,,,,,2,2,1,4,1,2,,,3,2,,2,2,,2,2,2,,,,,,,,,,,,,1,2,2,2,8,2,2,8,1,1,2,,,,,,,,,,,,,,
2024,"Pakistan","PAK","South Asia",155833628,191735304,0.285730633617055,1,40,3,4,2,2,1,1,1,1,1,0,4,4,4,4,0,2,3,1,1,1,2,2,2,,2,2,2,1,,,,,,,,,,,2,2,2,2,2,2,,,,,,,,,2,2,2,,,,2,2,2,,2,2,2,,2,2,1,1,2,,5,2,2,2,,,,2,2,,3,2,2,,2,,2,,2,1,2,2,,1,2,,,,,,,,,2,2,,,,,,,,2,,,,,,4,1,1,,,,,,,,,,,,,,1,,1,1,,1,1,1,4,2,,2,2,,2,1,,1,1,3,,1,1,1,2,2,2,2,2,,,,,,,,,,1,2,,,,,,,,,,,,,,
2024,"Pakistan","PAK","South Asia",155833628,191803080,0.952723837741391,2,36,3,5,1,2,1,0,1,0,1,1,1,4,4,4,0,2,3,1,1,2,1,2,2,,1,2,2,2,,,,,,,,,,,,,,,,,,2,2,2,2,2,2,2,1,,2,2,1,2,,2,2,,2,,1,,2,2,2,,,,2,2,3,2,,,,2,2,,1,2,2,,2,,2,,2,1,2,2,,1,1,2,1,2,,,2,2,,2,2,,,,,,,,2,,,,,,2,1,1,,,,,,,,,,,,,,1,,1,1,,1,1,1,1,1,1,2,2,,2,1,,1,1,3,,1,1,1,1,1,2,2,2,,,,,,,,,,1,2,,,,,,,,,,,,,,
2024,"Pakistan","PAK","South Asia",155833628,191879559,0.507942533778707,2,27,2,4,1,2,1,1,1,1,1,1,1,1,1,4,1,1,1,1,1,1,1,2,2,,1,1,1,2,,,,,,,,,,,1,1,2,1,2,2,,,,,,,,,1,1,1,2,1,1,,1,1,1,1,1,1,1,1,1,1,,,,1,2,1,2,,,,1,1,1,,1,1,3,1,1,1,1,1,1,1,1,,,1,2,1,1,,,1,1,,1,1,1,1,,,5,1,1,2,,,,,,4,1,1,,,,,,,,,,,,,,1,,1,1,,1,1,1,2,1,1,1,1,2,1,1,,1,1,2,,1,1,1,1,1,1,1,1,,,,,,,,,,1,1,,,,,,,,,,,,,,
2024,"Pakistan","PAK","South Asia",155833628,191982929,0.932878964856921,1,21,2,2,2,2,0,0,0,0,1,0,4,4,4,4,0,4,3,0,2,,,,,,,,,,2,2,2,2,1,2,2,2,1,,,,,,,,,1,1,2,1,2,2,2,2,,2,,,,2,2,2,,2,,1,,2,2,1,,,,5,1,2,2,,,,,,,,,,,2,,2,,2,2,,,,,2,,,,,,,,,2,2,,,,,,,,2,,,,,,4,0,2,1,1,2,2,1,8,2,1,2,,,,1,,,,,,,,,,,,,,,,2,2,,,,,,,,,,,,,,,,,,,,,,2,,1,2,3,2,1,2,2,2,2,1,2,3,,
2024,"Pakistan","PAK","South Asia",155833628,191996099,0.744462646677831,2,28,2,2,1,1,1,1,1,1,1,1,1,4,4,4,0,1,1,1,1,2,1,1,2,,1,2,2,2,,,,,,,,,,,2,2,2,1,2,2,,,,,,,,,2,1,2,1,1,2,,2,2,,2,1,1,,1,2,2,,,,2,2,2,2,,,,2,2,,4,2,2,,1,2,1,1,2,1,2,1,,,1,2,2,1,,,2,2,,2,2,,,,,,,,2,,,,,,4,1,1,,,,,,,,,,,,,,1,,1,1,,1,1,1,2,1,1,1,2,,2,1,,1,1,3,,1,1,1,2,2,2,2,2,,,,,,,,,,1,2,,,,,,,,,,,,,,
2024,"Pakistan","PAK","South Asia",155833628,192042327,0.764944554334962,1,21,2,4,2,2,0,0,0,0,0,0,4,4,4,4,0,4,3,0,2,,,,,,,,,,2,2,1,2,2,2,1,2,1,,,,,,,,,2,1,2,1,2,2,2,2,,2,,,,2,2,2,,2,,2,,2,2,2,,,2,3,1,2,2,,,,,,,,,,,2,,2,,2,2,,,,,2,,,,,,,,,2,2,,,,,,,,2,,,,,,4,0,2,1,1,2,2,2,2,1,1,1,2,2,2,,,,,,,,,,,,,,,,,2,2,,,,,,,,,,,,,,,,,,,,,,1,2,,,,,,,,,,,,,,
2024,"Pakistan","PAK","South Asia",155833628,192204863,0.41001869900634,1,40,2,4,1,1,0,0,0,0,0,1,4,4,4,4,0,2,3,0,2,,,,,,,,,,2,2,2,2,1,2,1,1,2,,,,,,,,,2,1,2,1,1,2,2,2,,2,,,,1,2,2,,2,,2,,2,2,2,,,2,3,2,2,2,,,,,,,,,,,2,,2,,2,1,2,2,,1,2,,,,,,,,,2,2,,,,,,,,2,,,,,,3,0,2,2,2,2,1,2,2,1,7,1,2,2,2,,,,,,,,,,,,,,,,,2,2,,,,,,,,,,,,,,,,,,,,,,1,2,,,,,,,,,,,,,,
2024,"Pakistan","PAK","South Asia",155833628,192282717,1.14211062491596,1,56,1,2,2,2,0,0,0,0,1,1,4,4,4,4,0,4,3,0,2,,,,,,,,,,2,2,1,2,1,2,1,2,1,,,,,,,,,2,1,1,1,2,2,2,2,,1,,,,,2,2,,2,,2,2,2,1,2,,,2,2,1,3,2,,,,,,,,,,,2,,2,,2,2,,,,,2,,,,,,,,,2,2,,,,,,,,2,,,,,,4,0,2,1,2,2,1,1,1,2,1,1,2,2,1,,,,,,,,,,,,,,,,,2,2,,,,,,,,,,,,,,,,,,,,,,1,2,,,,,,,,,,,,,,
2024,"Pakistan","PAK","South Asia",155833628,192385166,3.36249473672386,2,18,1,4,1,1,0,0,0,0,0,0,2,4,4,4,0,4,3,0,2,,,,,,,,,,2,2,1,1,1,2,1,2,2,,,,,,,,,2,1,2,1,2,2,2,2,,2,,,,2,2,2,,2,,2,,2,2,2,,,2,7,,1,2,,,,,,,,,,,2,,2,,2,2,,,,,1,2,2,2,1,,,,,2,2,,,,,,,,2,,,,,,4,1,1,,,,,,,,,,,,,,1,,2,1,,2,,,2,1,1,1,2,,2,1,,1,1,2,,1,1,1,2,2,2,2,2,,,,,,,,,,1,2,,,,,,,,,,,,,,
2024,"Pakistan","PAK","South Asia",155833628,192451199,0.480806265373828,1,28,2,5,2,2,0,0,0,0,1,0,4,4,4,4,0,2,3,0,2,,,,,,,,,,2,2,1,2,1,2,1,2,2,,,,,,,,,2,1,2,1,2,1,1,2,,2,,,,2,2,2,,2,,2,,2,2,1,,,2,2,1,2,2,,,,,,,,,,,2,,2,,2,1,2,2,,1,2,,,,,,,,,2,2,,,,,,,,2,,,,,,4,1,1,,,,,,,,,,,,,,1,,2,1,,1,1,1,2,1,1,1,2,,9,1,,1,1,3,,1,1,1,1,2,2,2,2,,,,,,,,,,1,2,,,,,,,,,,,,,,
2024,"Pakistan","PAK","South Asia",155833628,192453353,1.21895185951018,2,26,1,2,1,1,1,0,1,0,1,0,4,4,4,4,0,1,3,1,2,,,,,,,,,,,,,,,,,,,,,,,,,,,3,1,2,1,2,2,2,2,,2,,,,2,2,2,,2,,1,,2,2,2,,,,7,,1,2,,,,,,,,,,,2,,2,,2,1,1,2,1,,2,,,,,,,,,2,2,,,,,,,,2,,,,,,4,0,1,,,,,,,,,,,,,,2,2,2,1,,2,,,2,2,,2,2,,2,2,2,,,,,,,,,,,,,1,2,2,1,2,2,2,2,1,1,2,,,,,,,,,,,,,,
2024,"Pakistan","PAK","South Asia",155833628,192499180,1.81901945967439,1,30,1,1,1,1,0,0,0,0,1,0,4,4,4,4,0,4,3,0,2,,,,,,,,,,2,2,2,1,1,1,1,2,3,,,,,,,,,1,1,1,1,3,2,2,2,,2,,,,2,2,2,,2,,1,,1,2,1,,,,7,,1,1,1,1,,,,,,,,,2,,2,,2,2,,,,,2,,,,,,,,,2,2,,,,,,,,2,,,,,,4,0,2,1,8,1,1,1,8,1,1,1,2,2,1,,,,,,,,,,,,,,,,,2,2,,,,,,,,,,,,,,,,,,,,,,1,2,,,,,,,,,,,,,,
2024,"Pakistan","PAK","South Asia",155833628,192633857,0.528433858168865,1,25,3,5,2,2,1,1,1,1,1,1,4,4,4,4,1,1,1,1,1,1,1,1,1,,2,1,1,2,,,,,,,,,,,1,1,1,1,1,2,,,,,,,,,2,1,2,2,2,2,,2,1,1,2,1,2,,2,2,2,,,,2,1,1,2,,,,2,1,3,,1,2,,1,1,1,1,1,1,1,1,,,2,,,,,,,,,2,2,,,,,,,,2,,,,,,2,1,1,,,,,,,,,,,,,,1,,1,1,,1,1,1,2,1,1,2,1,2,2,1,,1,1,3,,1,1,1,1,1,1,2,2,,,,,,,,,,1,2,,,,,,,,,,,,,,
2024,"Pakistan","PAK","South Asia",155833628,193013737,0.77980939777161,1,17,2,3,2,2,0,0,0,0,1,0,4,4,4,4,0,2,3,0,2,,,,,,,,,,2,2,1,2,1,2,1,2,2,,,,,,,,,,,,,,,,2,2,2,,,,2,2,2,,2,2,1,,2,2,1,,,,2,1,1,1,2,2,2,2,2,,5,2,2,,2,,2,,2,1,2,2,,1,2,,,,,,,,,2,2,,,,,,,,2,,,,,,4,1,2,1,1,2,2,2,2,1,1,1,1,2,2,,,,,,,,,,,,,,,,,1,,1,2,,2,1,2,1,1,2,2,2,1,,,,,,,,,,,,,,,,,,,,,,,,,
2024,"Pakistan","PAK","South Asia",155833628,193103878,0.604358213244713,1,34,1,5,2,2,0,0,0,0,1,0,4,4,4,4,0,4,3,0,2,,,,,,,,,,2,2,2,2,2,2,1,2,2,,,,,,,,,2,2,2,1,2,2,2,2,,2,,,,2,2,2,,2,,1,,2,2,1,,,,2,2,1,2,,,,,,,,,,,2,,2,,2,2,,,,,2,,,,,,,,,2,2,,,,,,,,2,,,,,,4,0,1,,,,,,,,,,,,,,2,2,1,1,,2,,,2,2,,2,2,,2,2,2,,,,,,,,,,,,,1,1,1,1,2,1,2,2,1,1,2,,,,,,,,,,,,,,
2024,"Pakistan","PAK","South Asia",155833628,193140405,1.01588506755741,2,28,2,5,1,2,1,1,1,1,1,0,1,4,4,4,1,1,1,1,1,1,1,1,1,,1,1,1,2,,,,,,,,,,,1,1,1,1,1,2,,,,,,,,,2,2,2,,,,2,2,1,1,2,1,2,,2,2,1,,,,4,1,1,2,,,,1,1,1,,1,1,3,1,1,1,1,1,1,1,1,,,1,2,1,1,,,2,2,,2,2,,,,,,,,2,,,,,,4,1,1,,,,,,,,,,,,,,1,,1,1,,1,1,1,1,1,1,2,2,,2,1,,1,1,2,,1,1,1,1,1,1,1,2,,,,,,,,,,1,2,,,,,,,,,,,,,,
2024,"Pakistan","PAK","South Asia",155833628,193233328,0.368595641904991,2,72,2,5,1,1,0,1,1,1,1,0,4,4,4,2,0,2,2,1,2,,,,,,,,,,2,2,1,2,1,2,1,2,2,1,1,1,1,1,1,2,,,,,,,,,2,2,2,,,,2,2,2,,2,2,1,,2,1,2,,,,1,2,3,1,2,2,2,2,2,,1,2,2,,2,,1,2,2,1,2,2,,1,2,,,,,,,,,2,2,,,,,,,,1,2,2,1,,1,1,1,1,,,,,,,,,,,,,,2,2,1,1,,1,1,1,2,2,,2,1,2,2,1,,2,2,,1,2,2,2,1,2,2,2,2,2,2,2,2,2,2,1,1,7,1,2,,,,,,,,,,,,,,
2024,"Pakistan","PAK","South Asia",155833628,193873041,0.507942533778707,2,34,2,5,2,2,0,0,0,0,1,1,2,4,4,2,0,2,2,0,2,,,,,,,,,,2,1,1,2,1,2,1,1,2,,,,,,,,,2,2,2,2,1,1,2,2,,2,,,,1,2,2,,2,,1,,1,2,2,,,,2,2,1,2,,,,,,,,,,,1,2,1,2,2,1,2,2,,1,1,2,2,2,1,,,,,2,2,,,,,,,,1,2,2,1,,2,4,0,1,,,,,,,,,,,,,,2,2,1,1,,1,1,2,2,2,,2,2,,2,2,2,,,,,,,,,,,,,2,2,2,2,2,2,2,1,8,1,2,,,,,,,,,,,,,,
2024,"Pakistan","PAK","South Asia",155833628,193979242,2.0372181006014,2,22,1,4,2,2,0,0,0,0,1,0,4,4,4,4,0,4,3,0,2,,,,,,,,,,2,2,1,1,3,2,1,3,2,,,,,,,,,1,2,2,1,2,2,2,2,,2,,,,2,2,2,,2,,1,,2,2,2,,,,2,1,4,2,,,,,,,,,,,2,,2,,2,2,,,,,2,,,,,,,,,2,2,,,,,,,,2,,,,,,4,1,1,,,,,,,,,,,,,,1,,2,1,,1,1,1,2,1,1,2,1,2,2,1,,1,1,3,,1,1,1,1,1,2,2,2,,,,,,,,,,2,,2,2,2,2,1,2,2,2,1,1,2,2,,
2024,"Pakistan","PAK","South Asia",155833628,194013670,0.285730633617055,1,38,2,4,1,1,0,0,0,0,1,0,4,4,4,4,0,4,3,0,2,,,,,,,,,,2,2,2,2,2,2,1,2,1,,,,,,,,,2,2,2,1,3,2,2,2,,2,,,,2,2,2,,2,,1,,1,2,1,,,,2,1,1,1,1,1,,,,,,,,,2,,2,,2,2,,,,,2,,,,,,,,,2,2,,,,,,,,2,,,,,,3,0,2,1,1,1,2,2,2,1,1,1,2,2,2,,,,,,,,,,,,,,,,,2,2,,,,,,,,,,,,,,,,,,,,,,1,2,,,,,,,,,,,,,,
2024,"Pakistan","PAK","South Asia",155833628,194386966,0.285730633617055,1,30,3,3,2,2,0,0,0,0,0,0,4,4,4,4,0,4,3,0,2,,,,,,,,,,1,2,2,2,2,2,2,2,2,,,,,,,,,2,2,2,2,2,2,2,2,,2,,,,2,2,2,,2,,2,,2,2,2,,,2,5,2,1,2,,,,,,,,,,,2,,2,,2,2,,,,,2,,,,,,,,,2,2,,,,,,,,2,,,,,,2,0,2,2,2,2,2,2,2,2,,2,,,,2,,,,,,,,,,,,,,,,2,2,,,,,,,,,,,,,,,,,,,,,,1,2,,,,,,,,,,,,,,
2024,"Pakistan","PAK","South Asia",155833628,194441017,0.656812001360416,2,65,1,3,1,1,0,0,0,0,1,0,4,4,4,4,0,2,3,0,2,,,,,,,,,,2,2,2,1,1,1,1,2,2,,,,,,,,,1,1,1,1,2,2,2,2,,2,,,,2,2,2,,1,,1,,2,1,2,,,,2,2,2,2,,,,,,,,,,,2,,2,,2,1,2,2,,1,2,,,,,,,,,2,2,,,,,,,,2,,,,,,3,0,1,,,,,,,,,,,,,,2,2,1,2,,2,,,2,2,,2,2,,2,2,2,,,,,,,,,,,,,1,1,1,1,2,1,2,1,1,1,2,,,,,,,,,,,,,,
2024,"Pakistan","PAK","South Asia",155833628,194450598,0.294899931645378,1,45,1,5,2,1,0,0,0,0,1,0,4,4,4,4,0,2,3,0,2,,,,,,,,,,2,2,3,1,2,2,1,2,2,,,,,,,,,2,2,2,1,2,2,2,2,,2,,,,2,2,2,,2,,1,,2,2,2,,,,2,2,1,2,,,,,,,,,,,2,,2,,2,1,2,2,,1,2,,,,,,,,,2,2,,,,,,,,2,,,,,,4,0,2,2,2,1,1,2,9,1,7,1,2,2,2,,,,,,,,,,,,,,,,,2,2,,,,,,,,,,,,,,,,,,,,,,1,2,,,,,,,,,,,,,,
2024,"Pakistan","PAK","South Asia",155833628,194472134,0.466541036987552,2,55,2,4,1,2,0,0,0,0,0,0,2,4,4,4,0,2,3,0,2,,,,,,,,,,2,2,1,2,2,2,2,2,2,,,,,,,,,2,2,2,2,2,1,2,2,,2,,,,2,2,2,,2,,2,,2,2,2,,,2,2,2,2,2,,,,,,,,,,,2,,2,,2,1,2,2,,1,1,2,2,2,1,,,,,2,2,,,,,,,,2,,,,,,4,0,1,,,,,,,,,,,,,,2,2,1,1,,1,1,2,2,2,,2,2,,2,2,2,,,,,,,,,,,,,2,2,2,1,2,2,2,1,8,1,2,,,,,,,,,,,,,,
2024,"Pakistan","PAK","South Asia",155833628,194658225,1.17856759599041,2,35,1,1,1,1,1,0,1,0,0,0,1,4,4,4,0,4,3,1,2,,,,,,,,,,,,,,,,,,,,,,,,,,,1,1,1,2,1,2,2,2,,2,,,,2,2,2,,2,,2,,2,2,2,,,2,2,3,2,2,,,,,,,,,,,2,,2,,2,2,,,,,1,2,2,2,2,1,2,5,,2,2,,,,,,,,2,,,,,,4,0,1,,,,,,,,,,,,,,2,2,1,1,,2,,,2,2,,2,2,,2,2,2,,,,,,,,,,,,,1,2,1,1,2,2,2,2,4,1,2,,,,,,,,,,,,,,
2024,"Pakistan","PAK","South Asia",155833628,194867168,1.2886426242251,1,24,1,3,2,2,0,0,0,0,0,0,4,4,4,4,0,4,3,0,2,,,,,,,,,,2,2,2,1,1,2,2,2,3,,,,,,,,,2,1,2,1,2,2,2,2,,2,,,,2,2,2,,2,,2,,2,2,2,,,2,3,1,2,2,,,,,,,,,,,2,,2,,2,2,,,,,2,,,,,,,,,2,2,,,,,,,,2,,,,,,4,0,2,1,1,1,2,1,8,2,1,1,2,2,1,,,,,,,,,,,,,,,,,2,2,,,,,,,,,,,,,,,,,,,,,,2,,2,2,3,2,1,3,1,1,1,1,2,2,,
2024,"Pakistan","PAK","South Asia",155833628,195171098,2.2554847076582,1,55,1,2,2,2,0,0,0,0,1,0,4,4,4,4,0,2,3,0,2,,,,,,,,,,2,2,2,2,2,2,1,1,1,,,,,,,,,2,1,2,1,1,2,2,2,,2,,,,2,2,2,,2,,1,,1,2,1,,,,2,2,1,1,2,1,,,,,,,,,2,,2,,2,1,2,2,,1,2,,,,,,,,,2,2,,,,,,,,2,,,,,,4,1,2,2,2,2,1,2,2,1,4,1,2,2,2,,,,,,,,,,,,,,,,,1,,2,8,,8,1,1,1,1,2,2,2,2,,,,,,,,,,1,2,,,,,,,,,,,,,,
2024,"Pakistan","PAK","South Asia",155833628,195224857,2.24871110307612,2,17,1,1,1,2,0,0,0,0,0,0,4,4,4,4,0,4,3,0,2,,,,,,,,,,2,2,2,2,1,1,1,2,2,,,,,,,,,2,1,1,1,2,2,2,2,,2,,,,2,2,2,,2,,2,,2,2,2,,,2,7,,1,2,,,,,,,,,,,2,,2,,2,2,,,,,2,,,,,,,,,2,2,,,,,,,,2,,,,,,5,1,2,1,2,2,2,1,1,1,5,1,1,2,2,,,,,,,,,,,,,,,,,1,,2,2,,1,1,1,1,1,2,2,2,2,,,,,,,,,,,,,,,,,,,,,,,,,
2024,"Pakistan","PAK","South Asia",155833628,195790383,0.788658129855797,2,46,1,4,1,2,0,1,1,1,1,0,1,4,4,4,1,4,1,1,2,,,,,,,,,,2,2,1,2,2,2,1,2,1,3,2,3,3,1,2,2,,,,,,,,,2,2,2,,,,2,2,1,2,2,2,1,,1,1,1,,,,7,,1,1,2,2,2,2,1,3,,2,2,,1,1,1,1,2,2,,,,,1,2,2,1,,,1,2,,2,2,,,,,,,,2,,,,,,2,0,1,,,,,,,,,,,,,,2,2,1,1,,2,,,2,1,2,1,2,,2,2,2,,,,,,,,,,,,,1,2,2,2,2,2,8,2,1,1,2,,,,,,,,,,,,,,
2024,"Pakistan","PAK","South Asia",155833628,195896017,1.8023638253026,1,50,1,1,2,2,0,0,0,0,1,0,4,4,4,4,0,2,3,0,2,,,,,,,,,,2,2,2,1,1,2,1,2,2,,,,,,,,,1,1,2,1,2,2,2,2,,2,,,,2,2,2,,2,,2,,2,2,1,,,1,3,1,2,2,,,,,,,,,,,2,,2,,2,1,2,2,,1,2,,,,,,,,,2,2,,,,,,,,2,,,,,,4,0,2,1,1,1,1,2,1,2,1,2,,,,1,,,,,,,,,,,,,,,,2,2,,,,,,,,,,,,,,,,,,,,,,1,2,,,,,,,,,,,,,,
2024,"Pakistan","PAK","South Asia",155833628,195913726,0.285730633617055,1,33,3,5,2,2,0,0,0,0,0,0,4,4,4,4,0,2,3,0,2,,,,,,,,,,2,2,1,2,2,1,2,1,1,,,,,,,,,2,1,1,1,2,2,1,2,,2,,,,2,2,2,,2,,2,,2,2,2,,,2,5,1,1,2,,,,,,,,,,,2,,2,,2,1,2,2,,1,2,,,,,,,,,2,2,,,,,,,,2,,,,,,4,1,1,,,,,,,,,,,,,,1,,1,1,,1,1,1,1,1,1,1,1,2,2,1,,2,1,2,,1,2,1,2,2,2,2,2,,,,,,,,,,1,2,,,,,,,,,,,,,,
2024,"Pakistan","PAK","South Asia",155833628,196017163,0.446769103750129,2,45,2,5,1,2,0,0,0,0,1,0,4,4,4,4,0,2,3,0,2,,,,,,,,,,2,2,2,2,1,1,1,2,2,,,,,,,,,2,1,2,1,2,2,2,2,,2,,,,2,2,2,,2,,1,,2,2,2,,,,3,1,1,2,,,,,,,,,,,2,,2,,2,1,2,2,,1,2,,,,,,,,,2,2,,,,,,,,2,,,,,,4,0,1,,,,,,,,,,,,,,2,2,1,1,,2,,,2,2,,1,1,2,2,2,2,,,,,,,,,,,,,1,8,2,1,2,2,2,2,1,1,2,,,,,,,,,,,,,,
2024,"Pakistan","PAK","South Asia",155833628,196020919,0.285730633617055,1,38,3,5,2,2,1,0,1,1,1,1,4,4,4,4,1,1,2,1,1,1,2,1,1,,1,1,2,1,,,,,,,,,,,,,,,,,,2,2,2,2,2,2,1,1,,1,2,1,2,,2,2,,2,,2,2,2,2,2,1,1,,1,3,3,2,,,,1,1,1,,2,1,3,1,2,2,,2,1,1,2,,,2,,,,,,,,,2,2,,,,,,,,2,,,,,,8,1,1,,,,,,,,,,,,,,1,,2,1,,1,1,1,1,1,1,2,2,,2,1,,1,1,3,,1,1,1,1,1,2,2,2,,,,,,,,,,1,2,,,,,,,,,,,,,,
2024,"Pakistan","PAK","South Asia",155833628,196046741,0.86608520891138,1,36,1,2,1,1,0,0,0,0,0,0,4,4,4,4,0,4,3,0,2,,,,,,,,,,2,2,2,2,2,2,1,2,2,,,,,,,,,2,2,2,2,2,2,2,2,,2,,,,2,2,2,,2,,2,,2,2,2,,,2,3,1,1,2,,,,,,,,,,,2,,2,,2,2,,,,,2,,,,,,,,,2,2,,,,,,,,2,,,,,,2,0,2,1,2,2,2,2,2,2,1,2,,,,2,,,,,,,,,,,,,,,,2,2,,,,,,,,,,,,,,,,,,,,,,1,2,,,,,,,,,,,,,,
2024,"Pakistan","PAK","South Asia",155833628,196290168,0.737191283809983,2,60,1,3,1,1,0,0,0,0,1,0,4,4,4,2,0,2,3,0,2,,,,,,,,,,2,2,2,2,2,2,1,2,2,,,,,,,,,2,2,2,1,2,2,2,2,,2,,,,2,2,2,,2,,1,,2,2,1,,,,3,1,2,1,2,2,,,,,,,,,2,,2,,2,1,2,2,,1,2,,,,,,,,,2,2,,,,,,,,1,2,2,1,,2,4,0,1,,,,,,,,,,,,,,2,2,1,1,,2,,,2,2,,2,2,,2,2,2,,,,,,,,,,,,,1,2,2,1,2,2,2,1,8,1,2,,,,,,,,,,,,,,
2024,"Pakistan","PAK","South Asia",155833628,196343854,0.560567987135824,1,22,2,5,2,2,0,0,0,0,1,0,4,4,4,4,0,4,2,0,2,,,,,,,,,,2,2,1,2,1,2,2,1,2,,,,,,,,,2,2,2,2,1,2,1,2,,2,,,,2,2,2,,2,,1,,2,2,2,,,,2,1,3,2,,,,,,,,,,,2,,1,2,2,2,,,,,2,,,,,,,,,2,2,,,,,,,,2,,,,,,4,1,1,,,,,,,,,,,,,,1,,1,4,1,2,,,3,2,,2,2,,2,1,,4,1,1,,1,1,1,2,2,2,2,2,,,,,,,,,,1,2,,,,,,,,,,,,,,
2024,"Pakistan","PAK","South Asia",155833628,196351446,0.731082250626534,1,22,1,3,2,2,0,0,0,0,0,1,4,4,4,4,0,4,3,0,2,,,,,,,,,,2,2,1,1,1,1,1,2,3,,,,,,,,,1,1,1,1,1,3,2,1,,2,2,2,2,,2,2,,2,,2,,2,2,2,,,2,3,1,5,2,,,,,,,,,,,2,,2,,2,2,,,,,2,,,,,,,,,2,2,,,,,,,,2,,,,,,5,0,1,,,,,,,,,,,,,,2,2,2,1,,1,1,1,1,2,,1,2,,2,2,2,,,,,,,,,,,,,1,1,1,2,2,1,1,2,1,1,2,,,,,,,,,,,,,,
2024,"Pakistan","PAK","South Asia",155833628,196454376,0.94255752093255,1,35,1,3,1,2,0,1,1,1,1,0,2,1,4,4,0,4,3,1,2,,,,,,,,,,2,2,2,1,1,3,1,1,1,,,,,,,,,,,,,,,,2,,2,,,,2,2,2,,2,,2,,2,2,1,,,2,3,1,1,2,,,,,,,,,,,2,,2,,2,2,,,,,1,2,2,2,1,,,,,1,2,2,1,,,1,4,2,2,,,,,,4,0,1,,,,,,,,,,,,,,2,2,2,1,,2,,,3,2,,2,2,,2,2,2,,,,,,,,,,,,,1,8,1,1,2,2,2,2,1,1,2,,,,,,,,,,,,,,
2024,"Pakistan","PAK","South Asia",155833628,196715330,0.476361918870695,2,40,2,5,1,2,1,1,1,1,0,1,1,4,4,4,0,2,3,1,1,2,1,2,1,,1,2,2,2,,,,,,,,,,,,,,,,,,,,,,,,,1,,1,2,1,2,,2,2,,2,,2,2,2,2,2,,,2,1,2,3,2,,,,2,2,,1,2,2,,2,,2,,2,1,2,2,,1,1,2,1,1,,,2,2,,2,2,,,,,,,,2,,,,,,2,1,1,,,,,,,,,,,,,,1,,1,1,,1,1,1,1,1,2,2,2,,2,1,,1,1,3,,1,1,1,1,2,2,2,2,,,,,,,,,,1,2,,,,,,,,,,,,,,
2024,"Pakistan","PAK","South Asia",155833628,196730858,0.786154406757509,1,39,2,5,2,2,0,0,0,0,0,0,4,4,4,4,0,3,3,0,2,,,,,,,,,,2,2,2,2,2,2,2,1,2,,,,,,,,,2,2,2,2,2,2,2,2,,2,,,,2,2,2,,2,,2,,2,2,2,,,2,1,2,2,2,,,,,,,,,,,2,,2,,2,1,3,2,,3,2,,,,,,,,,2,2,,,,,,,,2,,,,,,4,1,2,2,2,1,2,2,1,1,7,1,1,2,2,,,,,,,,,,,,,,,,,1,,2,2,,1,1,1,1,2,2,2,2,2,,,,,,,,,,1,2,,,,,,,,,,,,,,
2024,"Pakistan","PAK","South Asia",155833628,196745507,0.467281436686935,2,39,2,4,1,1,1,1,1,1,1,1,4,1,4,1,1,1,1,1,1,1,1,2,2,,1,1,1,2,,,,,,,,,,,2,1,2,2,2,2,,,,,,,,,1,1,1,2,2,1,,1,2,,2,2,1,1,2,2,2,,,,2,2,1,2,,,,1,1,2,,1,1,2,2,,1,1,1,1,1,1,,,2,,,,,,,,,1,2,1,1,,,1,2,1,1,2,1,,,2,1,1,1,,,,,,,,,,,,,,1,,1,1,,1,2,1,2,2,,2,2,,1,1,,1,1,3,,1,1,1,2,2,1,2,2,,,,,,,,,,1,2,,,,,,,,,,,,,,
2024,"Pakistan","PAK","South Asia",155833628,196786981,0.521545170344545,2,35,2,5,1,2,1,1,1,1,1,1,2,4,4,1,1,1,3,1,1,1,1,2,2,,2,2,1,2,,,,,,,,,,,2,2,3,2,2,2,,,,,,,,,2,1,2,2,2,2,,2,2,,2,2,1,,2,2,2,,,,2,1,1,2,,,,1,2,,1,2,1,3,2,,2,,2,1,2,1,,,1,2,2,2,1,,,,,2,2,,,,,,,,1,2,1,,,1,3,0,2,2,2,1,2,2,1,1,3,2,,,,1,,,,,,,,,,,,,,,,2,2,,,,,,,,,,,,,,,,,,,,,,1,2,,,,,,,,,,,,,,
2024,"Pakistan","PAK","South Asia",155833628,196795505,0.599405034654432,1,40,1,4,2,2,0,0,0,0,1,0,4,4,4,4,0,2,3,0,2,,,,,,,,,,2,2,2,2,1,2,1,2,2,,,,,,,,,2,1,2,1,2,2,2,2,,2,,,,2,2,2,,2,,1,,2,2,2,,,,2,1,1,2,,,,,,,,,,,2,,2,,2,1,2,2,,1,2,,,,,,,,,2,2,,,,,,,,2,,,,,,4,0,1,,,,,,,,,,,,,,2,2,1,2,,2,,,2,2,,2,2,,2,2,2,,,,,,,,,,,,,1,1,2,1,2,8,1,1,8,1,2,,,,,,,,,,,,,,
2024,"Pakistan","PAK","South Asia",155833628,196933156,2.17701281680026,1,15,1,4,2,1,0,0,0,0,1,0,4,4,4,4,0,4,2,0,2,,,,,,,,,,2,2,2,2,2,2,1,2,2,,,,,,,,,2,2,2,1,2,2,2,2,,2,,,,2,2,2,,2,,1,,1,2,2,,,,7,,3,1,1,1,,,,,,,,,2,,1,2,2,2,,,,,2,,,,,,,,,2,2,,,,,,,,2,,,,,,4,0,2,1,2,2,2,1,2,2,1,2,,,,1,,,,,,,,,,,,,,,,2,2,,,,,,,,,,,,,,,,,,,,,,,,,,,,,,,,,,,,,
2024,"Pakistan","PAK","South Asia",155833628,197069976,0.764944554334962,1,21,2,4,2,2,0,0,0,0,0,0,4,4,4,4,0,2,3,0,2,,,,,,,,,,2,2,1,2,2,2,1,2,1,,,,,,,,,2,2,2,2,2,2,2,2,,2,,,,2,2,2,,2,,2,,2,2,2,,,2,3,1,2,2,,,,,,,,,,,2,,2,,2,1,2,2,,1,2,,,,,,,,,2,2,,,,,,,,2,,,,,,4,1,2,1,1,2,2,2,2,1,1,1,1,2,2,,,,,,,,,,,,,,,,,1,,1,1,3,,1,1,1,1,2,2,2,2,,,,,,,,,,1,2,,,,,,,,,,,,,,
2024,"Pakistan","PAK","South Asia",155833628,197219608,0.285730633617055,2,42,2,5,1,2,0,1,1,1,0,1,4,4,4,4,0,4,3,1,2,,,,,,,,,,2,2,1,2,1,2,1,1,2,1,2,2,2,1,2,2,,,,,,,,,1,1,1,3,2,2,,2,2,,2,2,2,2,2,2,2,,,2,2,3,4,2,,,,2,2,,4,1,2,,2,,2,,2,2,,,,,2,,,,,,,,,2,2,,,,,,,,2,,,,,,4,1,1,,,,,,,,,,,,,,1,,1,1,,1,1,1,1,1,1,2,2,,2,1,,1,1,3,,1,1,1,1,2,1,2,2,,,,,,,,,,1,2,,,,,,,,,,,,,,
2024,"Pakistan","PAK","South Asia",155833628,197223751,0.480298331682336,2,28,3,4,1,2,1,1,1,1,0,1,1,4,4,4,0,1,3,1,1,1,1,2,2,,1,2,1,2,,,,,,,,,,,2,2,1,1,2,2,,,,,,,,,2,1,2,2,2,2,,2,2,,2,2,2,,2,2,2,,,2,2,2,2,2,,,,2,2,,1,1,1,2,2,,2,,2,1,1,1,,,1,2,1,1,,,2,2,,2,2,,,,,,,,2,,,,,,3,1,1,,,,,,,,,,,,,,1,,1,1,,1,1,1,1,1,1,2,2,,2,1,,1,1,3,,1,1,1,1,2,2,2,2,,,,,,,,,,1,2,,,,,,,,,,,,,,
2024,"Pakistan","PAK","South Asia",155833628,197236852,2.82767256279765,1,40,1,1,2,1,0,0,0,0,1,0,4,4,4,4,0,4,3,0,2,,,,,,,,,,2,2,2,2,2,2,2,2,2,,,,,,,,,2,2,2,2,2,2,2,2,,2,,,,2,2,2,,2,,1,,1,1,2,,,,2,2,5,2,,,,,,,,,,,2,,2,,2,2,,,,,2,,,,,,,,,2,2,,,,,,,,2,,,,,,4,0,2,2,8,2,2,2,2,2,,2,,,,2,,,,,,,,,,,,,,,,2,2,,,,,,,,,,,,,,,,,,,,,,1,2,,,,,,,,,,,,,,
2024,"Pakistan","PAK","South Asia",155833628,197238600,0.873242096935539,1,28,1,3,2,1,0,0,0,0,1,0,4,4,4,4,0,4,3,0,2,,,,,,,,,,2,2,2,2,2,2,1,2,2,,,,,,,,,2,2,1,1,2,2,2,2,,2,,,,2,2,2,,2,,1,,2,2,2,,,,2,1,1,2,,,,,,,,,,,2,,2,,2,2,,,,,2,,,,,,,,,2,2,,,,,,,,2,,,,,,4,0,1,,,,,,,,,,,,,,2,2,2,1,,2,,,2,2,,2,2,,2,2,2,,,,,,,,,,,,,1,1,2,1,2,2,2,1,1,2,,2,2,2,1,1,2,1,1,1,1,3,2,,
2024,"Pakistan","PAK","South Asia",155833628,197397662,0.749557003539768,2,45,3,4,1,1,0,1,1,1,1,1,2,4,4,1,0,1,1,1,2,,,,,,,,,,2,2,1,1,1,2,1,2,2,2,1,2,1,1,1,2,,,,,,,,,2,1,2,2,2,2,,2,2,,2,2,1,,2,2,2,,,,2,1,4,2,,,,1,2,,1,1,2,,1,1,1,2,2,1,2,1,,,1,2,2,2,1,,,,,2,2,,,,,,,,1,2,1,,,1,5,1,1,,,,,,,,,,,,,,1,,1,1,,1,1,1,1,1,1,2,1,2,2,1,,1,1,3,,1,1,1,1,2,2,2,1,,,,,,,,,,1,2,,,,,,,,,,,,,,
2024,"Pakistan","PAK","South Asia",155833628,197483912,0.285730633617055,1,47,2,5,2,1,1,0,1,0,1,1,4,4,1,4,0,4,1,1,2,2,1,2,2,,1,1,2,2,,,,,,,,,,,,,,,,,,2,1,2,2,2,2,2,1,,2,3,2,2,,2,2,,2,,1,,2,1,2,,,,1,1,2,1,2,1,1,2,2,,4,2,2,,2,,1,1,2,2,,,,,2,,,,,,,,,2,1,1,2,,,2,2,1,2,,,,,,2,1,1,,,,,,,,,,,,,,1,,2,1,,1,1,1,2,1,1,2,2,,2,1,,1,1,3,,1,1,1,1,1,2,2,2,,,,,,,,,,1,2,,,,,,,,,,,,,,
2024,"Pakistan","PAK","South Asia",155833628,197521821,1.16934402087867,1,62,1,4,2,2,1,0,1,0,1,0,4,4,1,4,0,2,3,1,2,2,1,2,2,,2,2,2,2,,,,,,,,,,,,,,,,,,2,1,2,1,1,2,2,2,,2,,,,2,2,2,,2,,2,,2,2,2,,,1,2,1,1,2,,,,2,2,,4,2,2,,2,,2,,2,1,2,2,,1,2,,,,,,,,,2,1,1,2,,,1,2,1,2,,,,,,3,0,1,,,,,,,,,,,,,,2,2,2,1,,2,,,2,2,,2,2,,2,2,2,,,,,,,,,,,,,1,2,2,2,2,2,2,2,1,1,2,,,,,,,,,,,,,,
2024,"Pakistan","PAK","South Asia",155833628,197679375,0.54930144917378,2,24,2,4,1,1,0,0,0,0,1,0,3,4,4,4,0,4,3,0,2,,,,,,,,,,2,2,1,2,2,2,2,2,2,,,,,,,,,2,2,2,3,2,2,2,2,,2,,,,2,2,2,,2,,2,,2,2,1,,,2,3,2,1,2,,,,,,,,,,,2,,2,,2,2,,,,,1,2,2,2,2,2,,,,2,2,,,,,,,,2,,,,,,4,0,2,2,2,2,2,2,8,2,,1,2,1,2,,,,,,,,,,,,,,,,,2,2,,,,,,,,,,,,,,,,,,,,,,1,2,,,,,,,,,,,,,,
2024,"Pakistan","PAK","South Asia",155833628,197736033,0.517813165835169,2,33,2,5,1,2,1,1,1,1,1,1,1,1,4,1,1,1,1,1,1,1,1,2,2,,1,1,1,1,,,,,,,,,,,2,2,2,1,1,1,2,,,,,,,,1,1,1,2,1,2,,2,2,,2,2,1,1,1,1,2,1,1,,2,2,2,1,1,2,1,1,1,1,,1,1,1,1,1,1,1,2,1,1,1,,,1,2,1,1,,,1,2,,1,2,1,1,,,1,1,1,1,1,1,,,1,2,1,1,,,,,,,,,,,,,,1,,1,1,,1,1,1,2,1,1,1,1,1,1,1,,1,1,2,,1,1,1,1,1,1,1,1,,,,,,,,,,1,2,,,,,,,,,,,,,,
2024,"Pakistan","PAK","South Asia",155833628,197784483,2.59413873371439,1,65,1,1,2,1,0,0,0,0,0,0,4,4,4,4,0,4,3,0,3,,,,,,,,,,2,2,2,2,1,2,2,2,2,,,,,,,,,2,2,2,2,2,2,2,2,,2,,,,2,2,2,,2,,2,,2,2,2,,,2,2,1,1,1,1,2,,,,,,,,,2,,2,,2,2,,,,,2,,,,,,,,,2,2,,,,,,,,2,,,,,,2,0,2,1,8,1,1,1,8,1,1,2,,,,1,,,,,,,,,,,,,,,,2,2,,,,,,,,,,,,,,,,,,,,,,1,2,,,,,,,,,,,,,,
2024,"Pakistan","PAK","South Asia",155833628,197897754,1.90069267456044,1,30,1,1,2,1,0,0,0,0,1,0,4,4,4,3,0,4,2,0,2,,,,,,,,,,2,2,2,1,1,1,2,2,1,,,,,,,,,2,2,2,2,2,2,2,2,,2,,,,2,2,2,,2,,1,,1,2,1,,,,2,1,5,2,,,,,,,,,,,2,,1,2,2,2,,,,,2,,,,,,,,,2,2,,,,,,,,1,2,2,2,2,2,4,0,2,1,1,1,1,2,1,2,1,2,,,,2,,,,,,,,,,,,,,,,2,2,,,,,,,,,,,,,,,,,,,,,,1,2,,,,,,,,,,,,,,
2024,"Pakistan","PAK","South Asia",155833628,197992894,2.59413873371439,1,56,1,1,2,1,0,0,0,0,0,0,4,4,4,4,0,4,3,0,2,,,,,,,,,,2,2,2,2,2,2,1,2,2,,,,,,,,,2,2,2,1,2,2,2,2,,2,,,,2,2,2,,2,,2,,2,2,2,,,2,3,1,1,2,,,,,,,,,,,2,,2,,2,2,,,,,2,,,,,,,,,2,2,,,,,,,,2,,,,,,4,0,2,1,2,2,2,2,2,1,7,2,,,,1,,,,,,,,,,,,,,,,2,2,,,,,,,,,,,,,,,,,,,,,,1,2,,,,,,,,,,,,,,
2024,"Pakistan","PAK","South Asia",155833628,198062635,1.09622644857328,1,37,1,1,2,1,0,0,0,0,0,0,4,4,4,4,0,2,3,0,2,,,,,,,,,,2,2,2,2,1,2,2,2,2,,,,,,,,,2,2,2,2,2,2,2,2,,2,,,,2,2,2,,2,,2,,2,2,2,,,2,2,1,1,1,2,2,,,,,,,,,2,,2,,2,1,2,2,,1,2,,,,,,,,,2,2,,,,,,,,2,,,,,,4,0,2,1,1,2,1,1,2,2,1,2,,,,2,,,,,,,,,,,,,,,,2,2,,,,,,,,,,,,,,,,,,,,,,1,2,,,,,,,,,,,,,,
2024,"Pakistan","PAK","South Asia",155833628,198162956,2.359954359486,1,60,1,1,2,2,0,0,0,0,1,0,3,4,4,4,0,2,3,0,2,,,,,,,,,,2,2,2,2,2,2,1,2,2,,,,,,,,,2,2,2,1,2,2,2,2,,2,,,,2,2,2,,2,,1,,2,2,1,,,,7,,1,2,,,,,,,,,,,2,,2,,2,1,2,2,,1,1,2,2,2,2,2,,,,2,2,,,,,,,,2,,,,,,4,0,2,1,8,1,1,2,2,1,1,1,2,2,2,,,,,,,,,,,,,,,,,2,2,,,,,,,,,,,,,,,,,,,,,,1,2,,,,,,,,,,,,,,
2024,"Pakistan","PAK","South Asia",155833628,198489131,0.571461267331295,1,19,2,2,2,2,0,0,0,0,0,1,4,4,4,4,0,4,3,0,2,,,,,,,,,,2,2,1,2,2,2,2,1,1,,,,,,,,,2,2,2,2,2,2,2,2,,1,,,,,2,2,,2,,2,2,2,2,2,,,2,2,2,4,2,,,,,,,,,,,2,,2,,1,2,,,,,2,,,,,,,,,2,2,,,,,,,,2,,,,,,4,0,1,,,,,,,,,,,,,,2,2,2,1,,2,,,3,2,,2,2,,2,2,2,,,,,,,,,,,,,2,2,2,2,2,2,2,2,,1,2,,,,,,,,,,,,,,
2024,"Pakistan","PAK","South Asia",155833628,198640833,0.610064190950703,1,17,2,1,2,1,0,0,0,0,1,0,4,3,4,4,0,4,3,0,2,,,,,,,,,,2,2,1,1,2,1,2,2,2,,,,,,,,,2,2,2,2,2,2,2,2,,2,,,,2,2,2,,2,,2,,2,1,2,,,2,1,2,2,2,,,,,,,,,,,2,,2,,2,2,,,,,2,,,,,,,,,1,2,2,2,2,2,,,,2,,,,,,2,0,2,1,2,1,2,1,2,1,1,2,,,,2,,,,,,,,,,,,,,,,2,2,,,,,,,,,,,,,,,,,,,,,,,,,,,,,,,,,,,,,
2024,"Pakistan","PAK","South Asia",155833628,198654370,1.72491582438324,1,45,1,2,2,2,0,0,0,0,1,0,4,4,4,4,0,2,3,0,2,,,,,,,,,,2,2,2,1,1,2,1,2,2,,,,,,,,,2,1,1,1,3,2,2,2,,2,,,,2,2,2,,2,,1,,1,2,2,,,,2,1,1,1,2,1,,,,,,,,,2,,2,,2,1,2,2,,1,2,,,,,,,,,2,2,,,,,,,,2,,,,,,4,0,2,1,1,1,1,1,8,2,1,2,,,,1,,,,,,,,,,,,,,,,2,2,,,,,,,,,,,,,,,,,,,,,,1,2,,,,,,,,,,,,,,
2024,"Pakistan","PAK","South Asia",155833628,198898729,0.831683763902543,2,34,1,2,1,2,1,1,1,1,1,1,1,4,4,1,0,4,1,1,1,1,1,2,2,,1,1,1,2,,,,,,,,,,,2,2,1,1,1,1,2,,,,,,,,1,1,1,2,1,1,,1,1,1,1,1,1,1,1,1,2,,,,2,2,2,2,,,,2,2,,4,1,2,,1,1,1,1,2,2,,,,,1,1,1,1,,,1,2,,2,2,,,,,,,,1,1,1,,,1,4,0,1,,,,,,,,,,,,,,2,2,1,1,,1,2,2,2,1,1,2,2,,2,2,2,,,,,,,,,,,,,1,1,8,8,2,2,1,9,1,1,2,,,,,,,,,,,,,,
2024,"Pakistan","PAK","South Asia",155833628,199063437,0.857191900996943,1,20,2,4,2,1,0,1,1,1,0,1,4,4,4,4,0,2,3,1,2,,,,,,,,,,2,2,1,1,1,2,1,2,1,1,2,3,2,2,2,1,2,,,,,,,,2,2,2,,,,1,2,2,,2,2,2,,2,2,2,,,2,7,,1,2,,,,2,2,,4,2,2,,2,,2,,2,1,2,2,,1,2,,,,,,,,,2,2,,,,,,,,2,,,,,,5,1,1,,,,,,,,,,,,,,1,,2,1,,1,1,1,2,2,,2,2,,2,1,,2,1,3,,1,1,1,2,1,2,2,1,,,,,,,,,,1,2,,,,,,,,,,,,,,
2024,"Pakistan","PAK","South Asia",155833628,199100931,0.77980939777161,1,20,2,4,2,2,0,0,0,0,0,0,4,4,4,4,0,4,3,0,2,,,,,,,,,,2,2,1,2,1,1,2,1,2,,,,,,,,,2,1,1,1,2,2,2,2,,2,,,,2,2,2,,2,,2,,2,2,2,,,2,2,2,2,2,,,,,,,,,,,2,,2,,2,2,,,,,2,,,,,,,,,2,2,,,,,,,,2,,,,,,4,1,2,1,1,2,2,1,1,1,2,1,1,1,2,,,,,,,,,,,,,,,,,1,,1,2,,1,1,1,1,1,2,1,2,2,,,,,,,,,,1,2,,,,,,,,,,,,,,
2024,"Pakistan","PAK","South Asia",155833628,199209305,1.67992737453115,2,23,2,4,1,1,0,1,1,1,1,1,4,4,4,4,0,1,1,1,2,,,,,,,,,,2,2,1,2,1,2,1,2,1,1,2,2,2,1,2,2,,,,,,,,,2,2,1,,,,,2,2,,2,2,1,2,2,2,2,,,,7,,1,2,,,,2,2,,4,1,2,,1,1,1,1,2,1,2,1,,,2,,,,,,,,,2,2,,,,,,,,2,,,,,,4,1,1,,,,,,,,,,,,,,1,,1,1,,1,1,1,4,1,1,1,2,,2,1,,1,1,2,,1,1,1,2,2,2,2,2,,,,,,,,,,1,2,,,,,,,,,,,,,,
2024,"Pakistan","PAK","South Asia",155833628,199424621,0.54930144917378,2,19,2,5,1,1,1,1,1,1,0,1,1,4,4,2,0,1,1,1,2,,,,,,,,,,,,,,,,,,,1,3,3,2,1,1,2,,,,,,,,,2,1,2,2,2,1,,2,2,,2,2,2,,2,2,2,,,2,2,3,3,2,,,,2,2,,4,2,2,,1,1,1,1,1,1,1,1,,,1,2,2,1,,,2,2,,2,2,,,,,,,,1,2,2,1,,1,2,1,1,,,,,,,,,,,,,,1,,1,1,,1,1,1,1,1,1,2,2,,1,1,,1,1,2,,1,1,1,1,2,2,2,2,,,,,,,,,,1,2,,,,,,,,,,,,,,
2024,"Pakistan","PAK","South Asia",155833628,199685670,2.59413873371439,1,65,1,1,2,1,0,0,0,0,1,0,4,4,3,2,0,4,3,0,2,,,,,,,,,,2,2,2,1,1,2,3,1,2,,,,,,,,,1,1,2,2,2,2,2,2,,2,,,,2,2,2,,2,,1,,2,2,1,,,,3,1,1,2,,,,,,,,,,,2,,2,,2,2,,,,,2,,,,,,,,,2,1,2,2,4,2,,,,1,2,2,1,,2,1,0,2,1,1,1,1,1,8,1,4,1,2,1,8,,,,,,,,,,,,,,,,,2,2,,,,,,,,,,,,,,,,,,,,,,1,2,,,,,,,,,,,,,,
2024,"Pakistan","PAK","South Asia",155833628,199694201,0.810196109412302,2,28,2,4,1,1,1,1,1,1,1,1,1,4,4,1,0,1,1,1,1,1,2,2,2,,1,1,1,2,,,,,,,,,,,2,2,2,1,1,2,,,,,,,,,2,1,1,2,2,1,,2,1,2,2,2,1,2,2,1,2,,,,2,1,3,2,,,,1,2,,4,1,2,,1,1,1,1,2,1,2,1,,,1,2,1,1,,,2,2,,2,2,,,,,,,,1,2,1,,,1,3,1,1,,,,,,,,,,,,,,1,,1,1,,1,1,1,2,1,1,2,1,2,2,1,,1,1,2,,1,1,1,1,1,1,2,2,,,,,,,,,,1,2,,,,,,,,,,,,,,
2024,"Pakistan","PAK","South Asia",155833628,199726354,0.467281436686935,2,35,2,4,1,2,0,0,0,0,0,0,2,4,4,4,0,4,3,0,2,,,,,,,,,,2,2,1,2,2,2,2,2,2,,,,,,,,,2,2,2,2,2,1,2,2,,2,,,,2,2,2,,2,,2,,2,2,2,,,2,2,2,3,2,,,,,,,,,,,2,,2,,2,2,,,,,1,2,2,2,1,,,,,2,2,,,,,,,,2,,,,,,3,1,1,,,,,,,,,,,,,,1,,1,1,,1,1,1,4,2,,2,2,,2,1,,1,1,3,,1,1,1,2,2,2,2,2,,,,,,,,,,1,2,,,,,,,,,,,,,,
2024,"Pakistan","PAK","South Asia",155833628,199739473,0.495414155614605,1,32,2,1,2,2,0,0,0,0,1,0,4,4,4,2,0,4,3,0,2,,,,,,,,,,2,2,2,1,1,2,1,1,2,,,,,,,,,1,1,2,1,2,2,2,2,,2,,,,2,2,2,,2,,1,,2,2,2,,,,2,1,2,2,,,,,,,,,,,2,,2,,2,2,,,,,2,,,,,,,,,2,2,,,,,,,,1,2,2,1,,2,4,0,1,,,,,,,,,,,,,,2,2,2,1,,1,1,1,1,2,,1,2,,2,2,2,,,,,,,,,,,,,1,1,2,2,2,2,2,2,1,1,2,,,,,,,,,,,,,,
2024,"Pakistan","PAK","South Asia",155833628,199742371,0.872728181213576,2,54,2,4,2,2,0,0,0,0,1,0,4,4,4,4,0,4,3,0,2,,,,,,,,,,2,2,2,1,3,2,1,2,2,,,,,,,,,1,2,2,2,2,2,2,2,,2,,,,2,2,2,,2,,1,,2,2,1,,,,2,1,2,2,,,,,,,,,,,2,,2,,2,2,,,,,2,,,,,,,,,2,2,,,,,,,,2,,,,,,4,0,1,,,,,,,,,,,,,,2,2,1,1,,1,1,2,2,2,,2,2,,2,2,2,,,,,,,,,,,,,2,2,2,1,2,2,2,1,8,1,2,,,,,,,,,,,,,,
2024,"Pakistan","PAK","South Asia",155833628,199848404,0.393625989065373,1,25,1,5,2,1,0,0,0,0,1,0,4,4,4,4,0,4,,0,2,,,,,,,,,,2,2,3,2,2,2,2,2,2,,,,,,,,,2,2,2,2,2,2,2,2,,2,,,,2,2,2,,2,,1,,2,2,2,,,,8,,1,1,1,1,,,,,,,,,2,,3,,2,2,,,,,2,,,,,,,,,2,2,,,,,,,,2,,,,,,7,0,2,2,2,8,8,8,1,8,6,2,,,,2,,,,,,,,,,,,,,,,2,2,,,,,,,,,,,,,,,,,,,,,,1,2,,,,,,,,,,,,,,
2024,"Pakistan","PAK","South Asia",155833628,200026058,0.597802856867485,2,23,2,5,1,1,1,1,1,1,1,1,1,4,4,4,1,1,1,1,1,1,2,2,1,,1,1,1,2,,,,,,,,,,,1,1,1,1,2,2,,,,,,,,,1,1,1,2,2,2,,2,2,,2,2,2,2,2,2,1,,,1,1,3,4,2,,,,1,1,2,,1,2,,1,1,1,1,2,1,1,1,,,1,2,1,1,,,1,2,,2,2,,,,,,,,2,,,,,,2,1,1,,,,,,,,,,,,,,1,,1,1,,1,1,1,1,1,1,2,2,,1,1,,1,1,3,,1,1,1,1,2,2,2,2,,,,,,,,,,1,2,,,,,,,,,,,,,,
2024,"Pakistan","PAK","South Asia",155833628,200243826,0.47873424885909,1,32,2,5,2,2,0,0,0,0,1,0,4,4,4,4,0,4,2,0,2,,,,,,,,,,2,2,1,2,1,1,1,2,2,,,,,,,,,,,,,,,,2,2,2,,,,2,2,2,,2,2,1,,1,2,2,,,,2,1,1,2,,,,2,2,,5,2,2,,2,,1,2,2,2,,,,,2,,,,,,,,,2,2,,,,,,,,2,,,,,,4,0,1,,,,,,,,,,,,,,2,2,2,1,,1,1,2,1,2,,2,2,,2,2,2,,,,,,,,,,,,,1,1,2,1,2,1,2,2,1,1,2,,,,,,,,,,,,,,
2024,"Pakistan","PAK","South Asia",155833628,200282184,0.780799845012048,1,40,1,3,2,2,0,0,0,0,1,0,4,4,4,4,0,2,3,0,2,,,,,,,,,,2,2,2,2,2,2,1,2,2,,,,,,,,,2,3,2,1,2,2,2,2,,2,,,,2,2,2,,2,,1,,2,2,1,,,,2,1,1,2,,,,,,,,,,,2,,2,,2,1,2,2,,1,2,,,,,,,,,2,2,,,,,,,,2,,,,,,4,0,2,1,8,1,1,2,1,2,1,2,,,,1,,,,,,,,,,,,,,,,2,2,,,,,,,,,,,,,,,,,,,,,,1,2,,,,,,,,,,,,,,
2024,"Pakistan","PAK","South Asia",155833628,200304744,0.469112440778219,2,26,2,4,1,2,1,1,1,1,1,1,4,4,4,4,0,4,1,1,1,1,1,2,2,,1,1,1,2,,,,,,,,,,,2,1,1,1,2,2,,,,,,,,,2,1,2,2,1,2,,2,2,,2,2,1,,2,2,1,,,,2,2,3,2,,,,2,2,,4,1,2,,2,,1,1,2,2,,,,,2,,,,,,,,,2,2,,,,,,,,2,,,,,,4,1,1,,,,,,,,,,,,,,1,,1,1,,1,1,1,1,1,1,2,1,2,2,1,,1,1,1,,1,1,1,1,2,1,2,2,,,,,,,,,,1,2,,,,,,,,,,,,,,
2024,"Pakistan","PAK","South Asia",155833628,200324074,1.22731502730095,2,24,1,4,1,2,0,0,0,0,1,0,2,4,4,4,0,2,2,0,2,,,,,,,,,,2,1,2,2,1,2,1,1,3,,,,,,,,,,,,,,,,2,2,2,,,,2,2,2,,2,2,1,,2,2,1,,,,5,1,1,2,,,,2,2,,4,2,2,,1,2,1,2,2,1,2,2,,1,1,2,2,2,1,,,,,2,2,,,,,,,,2,,,,,,4,1,1,,,,,,,,,,,,,,1,,1,1,,1,1,1,9,1,2,2,2,,2,1,,1,1,3,,1,1,1,1,2,2,2,2,,,,,,,,,,1,2,,,,,,,,,,,,,,
2024,"Pakistan","PAK","South Asia",155833628,200442346,0.285730633617055,2,45,2,5,1,2,1,1,1,1,0,1,4,4,4,4,1,2,1,1,1,1,2,2,2,,1,2,1,2,,,,,,,,,,,1,2,2,1,2,2,,,,,,,,,1,1,2,3,2,2,,2,2,,2,2,2,,2,2,2,,,2,2,3,4,1,2,2,2,2,2,,4,1,1,3,2,,1,1,2,1,2,2,,1,2,,,,,,,,,2,2,,,,,,,,2,,,,,,4,1,1,,,,,,,,,,,,,,1,,1,1,,1,1,1,1,1,1,2,2,,2,1,,1,1,2,,1,1,1,1,2,2,2,2,,,,,,,,,,1,2,,,,,,,,,,,,,,
2024,"Pakistan","PAK","South Asia",155833628,200459133,0.285730633617055,1,32,2,5,2,2,0,1,1,1,1,1,4,4,4,4,0,2,3,1,2,,,,,,,,,,1,2,1,2,1,1,1,1,1,1,3,2,2,2,2,2,,,,,,,,,2,1,1,1,2,2,,2,2,,2,2,1,1,2,2,2,,,,2,1,4,2,,,,2,2,,4,2,2,,2,,2,,2,1,2,2,,1,2,,,,,,,,,2,2,,,,,,,,2,,,,,,1,1,1,,,,,,,,,,,,,,1,,1,1,,1,1,1,2,1,1,1,2,,2,1,,1,1,2,,1,1,1,2,1,1,2,2,,,,,,,,,,1,2,,,,,,,,,,,,,,
2024,"Pakistan","PAK","South Asia",155833628,200523635,1.68846427074071,1,42,1,2,1,1,0,0,0,0,1,0,4,4,4,4,0,4,3,0,2,,,,,,,,,,2,2,2,3,1,2,1,2,2,,,,,,,,,2,3,2,1,2,2,2,2,,2,,,,2,2,2,,2,,1,,1,2,1,,,,5,1,1,1,2,1,,,,,,,,,2,,2,,2,2,,,,,2,,,,,,,,,2,2,,,,,,,,2,,,,,,4,0,1,,,,,,,,,,,,,,2,2,2,1,,2,,,2,2,,2,2,,2,2,2,,,,,,,,,,,,,1,1,2,1,2,2,2,1,1,1,2,,,,,,,,,,,,,,
2024,"Pakistan","PAK","South Asia",155833628,200555400,1.8624917307614,2,34,1,3,1,2,0,0,0,0,1,0,3,4,4,4,0,2,3,0,2,,,,,,,,,,2,2,2,2,1,2,1,2,2,,,,,,,,,2,1,2,1,2,2,2,2,,2,,,,2,2,1,2,2,,2,,2,2,1,,,2,2,2,2,2,,,,,,,,,,,2,,2,,1,1,2,2,,1,1,2,2,2,2,2,,,,2,2,,,,,,,,2,,,,,,4,1,1,,,,,,,,,,,,,,1,,1,1,,2,,,2,2,,2,2,,2,1,,1,1,1,,1,1,1,2,2,2,2,2,,,,,,,,,,1,2,,,,,,,,,,,,,,
2024,"Pakistan","PAK","South Asia",155833628,200988590,3.36249473672386,1,20,1,1,2,2,0,0,0,0,1,1,4,4,4,4,0,4,3,0,2,,,,,,,,,,2,2,2,2,2,2,2,2,2,,,,,,,,,2,2,2,2,2,2,2,2,,2,,,,1,2,1,1,2,,1,,1,1,1,,,,3,1,2,2,,,,,,,,,,,2,,2,,2,2,,,,,2,,,,,,,,,2,2,,,,,,,,2,,,,,,4,1,2,1,8,1,2,1,1,1,1,2,,,,1,,,,,,,,,,,,,,,,1,,7,2,,2,2,1,2,2,1,1,2,2,,,,,,,,,,2,,3,2,2,1,2,1,3,2,1,2,2,3,,
2024,"Pakistan","PAK","South Asia",155833628,201055849,0.560567987135824,1,16,1,4,2,1,0,0,0,0,1,0,4,4,4,4,0,4,3,0,2,,,,,,,,,,2,2,2,1,2,2,2,2,2,,,,,,,,,2,2,2,2,2,2,2,2,,2,,,,2,2,2,,2,,1,,2,2,2,,,,2,2,2,2,,,,,,,,,,,2,,2,,2,2,,,,,2,,,,,,,,,2,2,,,,,,,,2,,,,,,5,0,2,2,2,2,2,2,2,2,,2,,,,1,,,,,,,,,,,,,,,,2,2,,,,,,,,,,,,,,,,,,,,,,,,,,,,,,,,,,,,,
2024,"Pakistan","PAK","South Asia",155833628,201197002,1.44559157911205,2,32,1,3,1,2,0,0,0,0,1,1,2,4,4,4,0,2,3,0,2,,,,,,,,,,2,2,1,1,1,2,1,2,2,,,,,,,,,2,1,2,1,1,2,2,2,,1,,,,,2,2,,2,,1,1,2,2,1,,,,2,1,4,2,,,,,,,,,,,2,,2,,2,1,2,2,,1,1,2,2,2,1,,,,,2,2,,,,,,,,2,,,,,,4,1,1,,,,,,,,,,,,,,1,,1,1,,1,1,1,1,1,1,2,1,2,2,1,,1,1,2,,1,1,1,1,2,2,2,2,,,,,,,,,,1,2,,,,,,,,,,,,,,
2024,"Pakistan","PAK","South Asia",155833628,201240680,0.467281436686935,2,38,2,5,1,2,0,1,1,1,0,0,4,4,4,4,0,4,3,1,2,,,,,,,,,,2,1,2,2,2,2,2,2,2,1,1,1,1,1,2,2,,,,,,,,,2,2,2,,,,2,2,2,,2,2,2,,2,2,2,,,2,1,1,1,2,,,,2,2,,1,2,2,,2,,2,,2,2,,,,,2,,,,,,,,,2,2,,,,,,,,2,,,,,,2,1,1,,,,,,,,,,,,,,1,,1,1,,1,2,2,3,2,,2,2,,2,2,1,1,1,3,,1,1,1,2,2,2,2,2,,,,,,,,,,1,2,,,,,,,,,,,,,,
2024,"Pakistan","PAK","South Asia",155833628,201259543,0.473007198543133,2,23,2,5,1,1,0,0,0,0,0,1,2,4,4,4,0,2,3,0,2,,,,,,,,,,2,2,2,2,2,1,1,2,2,,,,,,,,,2,2,2,1,2,2,1,1,,2,4,2,2,,2,2,,2,,2,,2,2,2,,,2,3,2,4,1,2,2,,,,,,,,,2,,2,,2,1,2,2,,1,1,2,2,2,1,,,,,2,2,,,,,,,,2,,,,,,3,0,1,,,,,,,,,,,,,,2,2,1,1,,1,1,2,1,2,,2,2,,2,2,2,,,,,,,,,,,,,1,1,1,2,2,2,2,2,1,1,2,,,,,,,,,,,,,,
2024,"Pakistan","PAK","South Asia",155833628,201277999,0.298154916730402,2,45,1,3,1,1,0,0,0,0,1,0,3,4,4,4,0,4,3,0,2,,,,,,,,,,2,2,2,1,1,1,2,2,2,,,,,,,,,2,1,1,1,2,2,2,2,,2,,,,2,2,2,,2,,2,,2,2,1,,,2,7,,4,1,1,1,,,,,,,,,2,,2,,2,2,,,,,1,2,2,2,2,2,,,,2,2,,,,,,,,2,,,,,,4,1,1,,,,,,,,,,,,,,1,,1,1,,1,1,1,1,1,2,2,2,,2,1,,1,1,3,,1,1,1,2,2,2,2,2,,,,,,,,,,1,2,,,,,,,,,,,,,,
2024,"Pakistan","PAK","South Asia",155833628,201298042,0.503779555551112,2,42,1,5,1,2,1,0,1,0,1,1,4,4,4,4,0,1,1,1,1,2,2,3,3,2,2,1,2,2,,,,,,,,,,,,,,,,,,,,,,,,,2,1,1,2,2,2,,1,2,,2,2,1,2,2,1,1,,,,2,1,1,2,,,,2,2,,4,2,2,,1,2,1,1,2,1,1,2,,,2,,,,,,,,,2,2,,,,,,,,2,,,,,,2,1,1,,,,,,,,,,,,,,1,,1,1,,1,1,1,1,1,1,2,2,,2,1,,1,2,,1,1,1,1,1,1,2,2,2,,,,,,,,,,1,2,,,,,,,,,,,,,,
2024,"Pakistan","PAK","South Asia",155833628,201365426,0.481665058464544,2,50,1,4,1,2,0,0,0,0,0,0,4,4,4,4,0,2,3,0,2,,,,,,,,,,2,2,2,2,1,2,1,2,2,,,,,,,,,2,1,2,1,1,2,2,2,,2,,,,2,2,2,,2,,2,,2,2,2,,,2,2,2,1,2,,,,,,,,,,,2,,2,,2,1,2,2,,1,2,,,,,,,,,2,2,,,,,,,,2,,,,,,4,0,1,,,,,,,,,,,,,,2,2,1,1,,2,,,1,1,1,2,2,,2,2,2,,,,,,,,,,,,,1,1,2,2,2,1,2,2,2,1,2,,,,,,,,,,,,,,
2024,"Pakistan","PAK","South Asia",155833628,201478028,3.36249473672386,2,55,1,3,1,2,0,0,0,0,1,0,4,4,4,4,0,2,3,0,2,,,,,,,,,,2,2,2,1,1,2,1,2,2,,,,,,,,,2,1,2,1,1,2,2,2,,2,,,,2,2,2,,2,,1,,2,2,2,,,,7,,1,2,,,,,,,,,,,2,,2,,2,1,2,2,,1,2,,,,,,,,,2,2,,,,,,,,2,,,,,,4,0,1,,,,,,,,,,,,,,2,2,1,1,,2,,,2,2,,2,2,,2,2,2,,,,,,,,,,,,,1,1,2,1,2,2,2,1,4,1,2,,,,,,,,,,,,,,
2024,"Pakistan","PAK","South Asia",155833628,201556698,1.14741683150244,1,17,2,4,2,2,0,0,0,0,0,0,4,4,4,4,0,4,3,0,2,,,,,,,,,,2,2,1,2,1,2,1,2,2,,,,,,,,,2,1,2,2,2,2,2,2,,2,,,,2,2,2,,2,,2,,2,2,2,,,2,2,1,1,2,,,,,,,,,,,2,,2,,2,2,,,,,2,,,,,,,,,2,2,,,,,,,,2,,,,,,4,0,2,1,2,2,1,2,1,1,1,1,2,2,2,,,,,,,,,,,,,,,,,2,2,,,,,,,,,,,,,,,,,,,,,,,,,,,,,,,,,,,,,
2024,"Pakistan","PAK","South Asia",155833628,201653575,0.514112409206706,1,37,2,3,2,2,0,1,1,1,1,0,4,4,4,4,0,4,3,1,2,,,,,,,,,,2,2,1,1,1,2,2,1,2,1,2,2,2,2,1,2,,,,,,,,,2,2,2,,,,2,2,2,,2,2,2,,2,2,1,,,1,2,1,1,2,,,,2,2,,2,2,2,,2,,2,,2,2,,,,,2,,,,,,,,,2,2,,,,,,,,2,,,,,,4,1,1,,,,,,,,,,,,,,2,2,1,1,,1,1,1,4,2,,2,2,,2,2,1,1,1,3,,1,2,1,2,2,2,2,2,1,1,1,2,2,1,2,2,1,1,2,,,,,,,,,,,,,,
2024,"Pakistan","PAK","South Asia",155833628,201721655,1.64790434752134,2,15,2,3,2,2,0,0,0,0,1,0,4,4,4,4,0,4,3,0,2,,,,,,,,,,2,2,2,1,1,1,1,2,1,,,,,,,,,1,1,1,1,2,2,2,2,,2,,,,2,2,2,,2,,1,,2,2,2,,,,5,3,2,2,,,,,,,,,,,2,,2,,2,2,,,,,2,,,,,,,,,2,2,,,,,,,,2,,,,,,5,1,2,1,2,2,2,1,1,1,5,1,1,2,1,,,,,,,,,,,,,,,,,1,,2,2,,1,1,1,1,2,2,2,2,2,,,,,,,,,,,,,,,,,,,,,,,,,
2024,"Pakistan","PAK","South Asia",155833628,201857876,0.503779555551112,2,37,1,4,2,2,0,0,0,0,0,0,2,4,4,4,0,2,3,0,2,,,,,,,,,,2,2,1,2,2,1,1,2,2,,,,,,,,,2,2,2,1,2,2,2,2,,2,,,,2,2,2,,2,,2,,2,2,2,,,2,2,1,3,1,2,1,,,,,,,,,2,,2,,2,1,2,2,,1,1,2,2,2,1,,,,,2,2,,,,,,,,2,,,,,,4,1,1,,,,,,,,,,,,,,1,,1,1,,1,1,1,1,2,,2,2,,2,1,,1,1,2,,1,1,1,2,2,2,2,2,,,,,,,,,,1,2,,,,,,,,,,,,,,
2024,"Pakistan","PAK","South Asia",155833628,201858159,0.285730633617055,1,35,2,5,2,2,1,0,1,1,1,1,4,4,4,4,0,2,3,0,1,1,2,3,3,1,1,1,2,2,,,,,,,,,,,,,,,,,,2,2,2,2,2,2,2,1,,2,3,2,2,,2,2,,2,,2,,2,2,2,,,1,2,3,1,2,,,,2,2,,4,2,2,,2,,2,,2,1,2,2,,1,2,,,,,,,,,2,2,,,,,,,,2,,,,,,3,1,1,,,,,,,,,,,,,,1,,2,1,,1,1,2,1,1,2,1,2,,2,1,,1,1,3,,1,1,1,1,2,2,2,2,,,,,,,,,,1,2,,,,,,,,,,,,,,
2024,"Pakistan","PAK","South Asia",155833628,201976043,3.36249473672386,1,18,1,4,2,1,0,0,0,0,1,0,4,4,5,4,0,4,,0,3,,,,,,,,,,2,2,3,1,1,1,1,2,3,,,,,,,,,3,1,1,1,3,2,3,2,,3,,,,2,3,3,,2,,2,,2,2,1,,,2,7,,5,1,1,2,,,,,,,,,2,,3,,2,2,,,,,2,,,,,,,,,2,3,,,,,,,,2,,,,,,2,0,2,1,1,8,1,1,8,2,5,2,,,,1,,,,,,,,,,,,,,,,2,2,,,,,,,,,,,,,,,,,,,,,,2,,3,3,3,1,1,2,3,3,3,2,2,3,,
2024,"Pakistan","PAK","South Asia",155833628,202082499,1.30909227182036,2,49,1,2,1,2,0,0,0,0,1,0,2,4,4,4,0,4,3,0,2,,,,,,,,,,2,2,2,2,2,2,2,2,2,,,,,,,,,1,1,2,1,2,2,2,2,,2,,,,2,2,2,,2,,1,,2,2,3,,,,5,1,2,2,,,,,,,,,,,2,,2,,2,2,,,,,1,2,2,2,1,,,,,2,2,,,,,,,,2,,,,,,3,1,1,,,,,,,,,,,,,,1,,1,1,,1,1,1,2,1,2,2,2,,2,1,,1,1,3,,1,1,2,2,2,2,2,2,,,,,,,,,,1,2,,,,,,,,,,,,,,
2024,"Pakistan","PAK","South Asia",155833628,202301699,1.54070787064628,2,38,2,1,2,2,0,0,0,0,1,1,4,4,4,4,0,1,3,0,2,,,,,,,,,,2,2,1,2,3,2,2,2,2,,,,,,,,,,,,,,,,2,1,2,3,2,2,,2,2,,2,2,1,,1,2,2,,,,3,2,2,2,,,,2,2,,1,1,2,,2,,2,,2,1,2,1,,,2,,,,,,,,,2,2,,,,,,,,2,,,,,,4,1,1,,,,,,,,,,,,,,1,,1,1,,1,1,1,1,2,,2,2,,2,1,,1,1,3,,1,1,1,1,2,2,2,2,,,,,,,,,,1,2,,,,,,,,,,,,,,
2024,"Pakistan","PAK","South Asia",155833628,202310109,2.59413873371439,1,65,1,1,2,1,0,0,0,0,1,0,4,4,4,4,0,4,3,0,2,,,,,,,,,,2,2,2,1,2,2,1,3,1,,,,,,,,,1,1,2,1,2,2,2,2,,2,,,,2,2,2,,2,,1,,2,2,2,,,,2,1,1,2,,,,,,,,,,,2,,2,,2,2,,,,,2,,,,,,,,,2,2,,,,,,,,2,,,,,,4,0,2,1,8,2,1,2,1,1,4,2,,,,1,,,,,,,,,,,,,,,,2,2,,,,,,,,,,,,,,,,,,,,,,1,3,,,,,,,,,,,,,,
2024,"Pakistan","PAK","South Asia",155833628,202335361,0.285730633617055,1,34,2,5,2,2,1,1,1,1,0,1,4,4,4,4,1,1,1,1,1,1,2,2,1,,1,1,2,2,,,,,,,,,,,3,1,1,1,2,2,,,,,,,,,1,1,2,2,2,2,,2,2,,2,2,2,,2,2,2,,,2,1,2,2,2,,,,2,1,1,,1,1,2,1,1,2,,2,1,2,1,,,2,,,,,,,,,2,2,,,,,,,,2,,,,,,3,1,1,,,,,,,,,,,,,,1,,1,1,,1,1,1,2,1,1,2,2,,2,1,,1,2,,1,1,1,1,1,2,2,2,2,,,,,,,,,,1,2,,,,,,,,,,,,,,
2024,"Pakistan","PAK","South Asia",155833628,202471538,1.09369966882815,2,56,1,3,1,2,1,1,1,1,1,1,1,4,4,4,0,2,3,1,1,2,1,2,2,,2,2,2,2,,,,,,,,,,,,,,,,,,,,,,,,,1,,1,2,2,2,,2,2,,2,,1,2,1,2,1,,,,2,3,1,2,,,,2,2,,4,2,2,,2,,2,,2,1,2,2,,1,1,2,1,1,,,2,1,,2,2,,,,,,,,2,,,,,,4,1,1,,,,,,,,,,,,,,1,,1,1,,1,1,1,4,2,,2,2,,2,1,,1,1,2,,1,1,1,1,2,2,2,2,,,,,,,,,,1,2,,,,,,,,,,,,,,
2024,"Pakistan","PAK","South Asia",155833628,202504473,0.285730633617055,1,30,1,5,1,2,0,0,0,0,0,0,4,4,4,4,0,4,3,0,2,,,,,,,,,,2,2,2,2,3,2,1,1,2,,,,,,,,,2,3,2,1,2,2,2,2,,2,,,,2,2,2,,2,,2,,2,2,2,,,2,5,1,1,2,,,,,,,,,,,2,,2,,2,2,,,,,2,,,,,,,,,2,2,,,,,,,,2,,,,,,4,1,1,,,,,,,,,,,,,,1,,2,2,,1,1,1,4,1,2,2,2,,2,1,,2,1,3,,1,1,1,2,2,2,2,2,,,,,,,,,,1,2,,,,,,,,,,,,,,
2024,"Pakistan","PAK","South Asia",155833628,202528612,0.803555931558965,2,40,1,3,1,2,1,1,1,1,1,0,3,4,4,4,0,2,1,1,1,1,1,2,2,,2,2,2,2,,,,,,,,,,,2,2,2,2,2,2,,,,,,,,,2,2,2,,,,2,2,2,,2,2,2,,1,2,1,,,1,2,2,2,2,,,,2,2,,1,1,2,,2,,1,1,1,1,2,2,,1,1,2,2,2,2,2,,,,2,2,,,,,,,,2,,,,,,4,1,1,,,,,,,,,,,,,,1,,1,1,,2,,,2,2,,2,2,,2,1,,1,1,2,,1,1,1,1,2,2,2,2,,,,,,,,,,1,2,,,,,,,,,,,,,,
2024,"Pakistan","PAK","South Asia",155833628,202569915,0.311843985350824,2,40,1,4,1,2,1,0,1,0,0,0,2,4,4,4,0,4,3,0,2,2,2,3,3,1,2,2,2,2,,,,,,,,,,,,,,,,,,,,,,,,,2,2,2,,,,2,2,2,,2,2,2,,2,2,2,,,2,2,2,2,2,,,,2,2,,4,2,2,,2,,2,,2,2,,,,,1,2,2,2,1,,,,,2,2,,,,,,,,2,,,,,,4,0,1,,,,,,,,,,,,,,2,2,1,1,,1,1,1,2,2,,2,2,,2,2,2,,,,,,,,,,,,,1,1,2,2,2,1,2,2,1,1,2,,,,,,,,,,,,,,
2024,"Pakistan","PAK","South Asia",155833628,202911013,1.21895185951018,2,32,1,3,1,2,0,0,0,0,0,0,2,4,4,4,0,4,3,0,2,,,,,,,,,,2,2,2,2,1,2,1,2,2,,,,,,,,,2,1,2,1,2,2,2,2,,2,,,,2,2,2,,2,,2,,2,2,2,,,2,2,1,1,2,,,,,,,,,,,2,,2,,2,2,,,,,1,2,2,2,1,,,,,2,2,,,,,,,,2,,,,,,4,0,1,,,,,,,,,,,,,,2,2,1,1,,2,,,2,1,2,2,2,,2,2,2,,,,,,,,,,,,,1,2,2,1,2,2,2,1,4,1,2,,,,,,,,,,,,,,
2024,"Pakistan","PAK","South Asia",155833628,202979768,0.708775842028321,2,23,2,4,1,1,0,1,1,1,0,0,2,4,4,4,0,4,3,1,2,,,,,,,,,,2,2,2,1,1,1,1,2,2,1,3,3,3,2,2,2,,,,,,,,,2,2,2,,,,2,2,2,,2,2,2,,2,2,2,,,2,7,,4,1,1,1,1,2,2,,4,2,2,,2,,2,,2,2,,,,,1,2,2,2,1,,,,,2,2,,,,,,,,2,,,,,,3,1,1,,,,,,,,,,,,,,1,,1,1,,1,1,1,2,1,1,2,2,,2,1,,1,1,3,,1,2,1,2,2,2,2,2,,,,,,,,,,1,2,,,,,,,,,,,,,,
2024,"Pakistan","PAK","South Asia",155833628,203079605,0.467281436686935,2,36,1,5,1,2,0,1,1,1,1,0,4,4,4,4,0,2,3,1,2,,,,,,,,,,2,1,1,2,2,2,1,2,1,1,3,4,3,2,1,2,,,,,,,,,2,2,2,,,,2,2,2,,2,2,1,,1,1,1,,,,2,2,1,2,,,,2,2,,1,2,2,,2,,2,,2,1,2,2,,1,2,,,,,,,,,2,2,,,,,,,,2,,,,,,4,1,1,,,,,,,,,,,,,,1,,1,1,,1,1,1,4,1,2,1,1,2,2,1,,1,2,,1,1,1,1,1,2,2,1,2,,,,,,,,,,1,2,,,,,,,,,,,,,,
2024,"Pakistan","PAK","South Asia",155833628,203099063,0.606282962281063,1,26,1,2,2,1,0,0,0,0,1,0,4,4,4,4,0,4,3,0,2,,,,,,,,,,2,2,1,2,1,2,1,2,2,,,,,,,,,2,1,2,1,2,2,2,2,,2,,,,2,2,2,,2,,1,,1,2,1,,,,7,,1,2,,,,,,,,,,,2,,2,,2,2,,,,,2,,,,,,,,,2,2,,,,,,,,2,,,,,,4,0,1,,,,,,,,,,,,,,2,2,2,1,,1,1,1,4,2,,2,2,,2,2,2,,,,,,,,,,,,,1,8,2,2,1,8,2,2,5,1,2,,,,,,,,,,,,,,
2024,"Pakistan","PAK","South Asia",155833628,203189741,0.513569290215426,2,41,2,5,1,2,1,1,1,1,1,1,1,4,4,4,1,1,1,1,1,1,2,2,2,,1,1,1,2,,,,,,,,,,,2,2,2,1,1,2,,,,,,,,,2,2,1,,,,,2,2,,1,2,1,1,1,2,1,,,,4,2,3,2,,,,2,1,2,,1,2,,1,1,1,1,2,1,1,1,,,1,2,1,1,,,1,2,,2,2,,,,,,,,2,,,,,,2,1,1,,,,,,,,,,,,,,1,,1,1,,1,1,1,1,1,1,2,1,2,1,1,,1,1,3,,1,1,1,1,1,2,1,2,,,,,,,,,,1,2,,,,,,,,,,,,,,
2024,"Pakistan","PAK","South Asia",155833628,203407381,0.517813165835169,2,27,3,5,1,2,1,1,1,1,1,1,1,4,4,4,1,1,1,1,1,1,2,2,1,,1,2,1,2,,,,,,,,,,,2,2,1,1,1,2,,,,,,,,,1,1,1,1,2,1,,2,2,,2,1,1,2,2,1,2,,,,3,1,3,2,,,,1,1,2,,1,1,1,1,1,1,1,2,1,1,1,,,1,2,1,1,,,2,2,,2,2,,,,,,,,2,,,,,,4,1,1,,,,,,,,,,,,,,1,,1,1,,1,1,1,2,1,1,1,1,2,2,1,,1,1,3,,1,1,1,1,2,1,1,2,,,,,,,,,,1,2,,,,,,,,,,,,,,
2024,"Pakistan","PAK","South Asia",155833628,203565195,0.803555931558965,2,36,2,4,1,1,0,0,0,0,1,1,3,4,4,4,0,2,2,0,2,,,,,,,,,,2,2,2,2,2,2,1,1,1,,,,,,,,,1,1,1,1,2,2,2,2,,2,,,,1,2,2,,2,,1,,2,1,2,,,,2,1,3,2,,,,,,,,,,,1,2,1,2,2,1,2,2,,1,1,2,2,2,2,2,,,,2,2,,,,,,,,2,,,,,,4,1,1,,,,,,,,,,,,,,1,,1,3,,1,2,1,2,1,1,1,2,,2,1,,1,1,3,,1,1,1,1,2,2,2,2,,,,,,,,,,1,2,,,,,,,,,,,,,,
2024,"Pakistan","PAK","South Asia",155833628,203566339,1.01588506755741,2,30,2,5,1,2,1,1,1,1,0,1,1,4,4,4,0,2,3,1,1,1,1,2,2,,1,1,1,2,,,,,,,,,,,2,2,3,1,2,2,,,,,,,,,1,1,1,3,2,2,,2,2,,2,2,2,2,2,2,2,,,2,3,2,2,2,,,,2,2,,1,2,2,,2,,2,,2,1,2,2,,1,1,2,1,2,,,2,2,,2,2,,,,,,,,2,,,,,,4,1,1,,,,,,,,,,,,,,1,,1,1,,1,1,1,3,1,1,2,2,,2,1,,1,1,3,,1,1,1,1,2,2,2,2,,,,,,,,,,1,2,,,,,,,,,,,,,,
2024,"Pakistan","PAK","South Asia",155833628,203586058,0.311843985350824,2,40,1,3,1,1,1,1,1,1,1,0,1,4,4,1,0,4,1,1,1,1,1,2,2,,1,1,2,2,,,,,,,,,,,2,2,2,1,2,2,,,,,,,,,2,2,2,,,,2,2,2,,2,2,1,,2,2,2,,,,2,1,1,2,,,,2,2,,1,2,2,,1,1,2,,2,2,,,,,1,2,2,1,,,2,1,,2,2,,,,,,,,1,2,1,,,2,1,0,2,1,2,1,1,2,1,1,4,1,2,2,2,,,,,,,,,,,,,,,,,2,2,,,,,,,,,,,,,,,,,,,,,,1,2,,,,,,,,,,,,,,
2024,"Pakistan","PAK","South Asia",155833628,203613547,1.44559157911205,2,25,1,2,1,1,0,0,0,0,1,0,2,4,4,4,0,4,2,0,2,,,,,,,,,,2,2,2,1,1,2,1,2,2,,,,,,,,,2,1,2,1,2,2,2,2,,2,,,,2,2,2,,2,,1,,2,2,1,,,,2,1,1,1,2,1,,,,,,,,,2,,1,2,2,2,,,,,1,2,2,2,1,,,,,2,2,,,,,,,,2,,,,,,4,0,1,,,,,,,,,,,,,,2,2,1,1,,2,,,2,2,,2,1,2,2,2,2,,,,,,,,,,,,,1,1,1,1,2,2,2,2,1,1,2,,,,,,,,,,,,,,
2024,"Pakistan","PAK","South Asia",155833628,203681337,0.379866035283272,1,31,1,2,2,1,0,0,0,0,0,0,4,4,4,4,0,4,3,0,2,,,,,,,,,,2,2,1,2,1,2,1,2,2,,,,,,,,,2,2,2,2,2,2,2,2,,2,,,,2,2,2,,2,,2,,2,2,2,,,2,1,2,2,2,,,,,,,,,,,2,,2,,2,2,,,,,2,,,,,,,,,2,2,,,,,,,,2,,,,,,1,0,1,,,,,,,,,,,,,,2,2,1,1,,2,,,3,2,,1,2,,2,2,2,,,,,,,,,,,,,2,2,2,2,1,2,2,2,5,1,2,,,,,,,,,,,,,,
2024,"Pakistan","PAK","South Asia",155833628,203830070,0.667971312376097,1,45,1,4,2,2,0,1,1,1,1,0,4,4,4,4,0,4,3,1,2,,,,,,,,,,2,2,2,2,1,2,1,1,1,1,3,3,2,2,2,2,,,,,,,,,2,2,2,,,,2,2,2,,2,2,1,,2,2,2,,,,2,1,5,2,,,,2,2,,4,2,2,,2,,2,,2,2,,,,,2,,,,,,,,,2,2,,,,,,,,2,,,,,,4,0,1,,,,,,,,,,,,,,2,2,1,1,,1,1,1,2,2,,1,2,,2,2,2,,,,,,,,,,,,,1,1,1,1,2,1,2,2,1,1,2,,,,,,,,,,,,,,
2024,"Pakistan","PAK","South Asia",155833628,203839393,2.18897899183273,1,60,1,4,1,2,1,0,1,0,0,0,2,1,4,4,0,2,3,1,2,2,1,3,3,1,2,2,2,2,,,,,,,,,,,,,,,,,,2,2,2,1,2,2,2,2,,2,,,,2,2,2,,2,,2,,2,2,2,,,2,3,1,1,2,,,,2,2,,1,2,2,,2,,2,,2,1,2,2,,1,1,2,2,2,1,,,,,1,2,1,2,,,1,2,1,2,,,,,,4,0,2,1,8,2,1,2,2,2,1,2,,,,1,,,,,,,,,,,,,,,,2,2,,,,,,,,,,,,,,,,,,,,,,1,2,,,,,,,,,,,,,,
2024,"Pakistan","PAK","South Asia",155833628,203853345,0.54930144917378,2,24,2,5,1,2,1,1,1,1,1,1,1,4,4,1,0,1,1,1,1,1,1,2,2,,1,1,1,2,,,,,,,,,,,1,1,1,1,1,2,,,,,,,,,2,1,1,2,1,2,,2,2,,2,2,1,2,2,2,2,,,,5,3,2,2,,,,2,2,,4,1,2,,1,1,1,1,2,1,2,1,,,1,2,1,1,,,2,2,,2,2,,,,,,,,1,1,1,,,1,2,1,1,,,,,,,,,,,,,,1,,1,1,,1,1,1,1,1,1,2,2,,1,1,,1,1,3,,1,1,1,1,1,1,1,1,,,,,,,,,,1,1,,,,,,,,,,,,,,
2024,"Pakistan","PAK","South Asia",155833628,203911896,0.308439555424588,1,40,1,3,2,1,0,0,0,0,0,0,4,4,4,4,0,4,3,0,2,,,,,,,,,,2,2,2,2,2,2,1,2,2,,,,,,,,,2,2,2,2,2,2,2,2,,2,,,,2,2,2,,2,,2,,2,2,2,,,2,1,1,1,2,,,,,,,,,,,2,,2,,2,2,,,,,2,,,,,,,,,2,2,,,,,,,,2,,,,,,4,0,1,,,,,,,,,,,,,,2,2,1,1,,2,,,2,2,,2,2,,2,2,2,,,,,,,,,,,,,1,2,2,1,2,2,1,1,1,1,2,,,,,,,,,,,,,,
2024,"Pakistan","PAK","South Asia",155833628,203962540,0.910901956916975,2,52,2,5,1,2,1,1,1,1,1,0,1,4,4,4,0,3,3,1,1,1,1,2,2,,2,2,2,2,,,,,,,,,,,2,2,2,2,2,2,,,,,,,,,2,2,2,,,,2,2,2,,2,2,1,,2,2,1,,,,2,1,1,2,,,,2,2,,4,2,2,,2,,2,,2,1,2,2,,2,1,2,1,1,,,2,1,,2,2,,,,,,,,2,,,,,,4,1,1,,,,,,,,,,,,,,1,,1,1,,1,1,1,2,2,,2,2,,2,1,,1,1,2,,1,2,2,1,2,2,2,2,,,,,,,,,,1,2,,,,,,,,,,,,,,
2024,"Pakistan","PAK","South Asia",155833628,204070050,0.963330116929088,2,50,2,5,1,2,1,1,1,1,1,1,4,4,4,4,0,1,1,1,1,1,2,2,2,,1,1,1,2,,,,,,,,,,,2,2,2,1,2,2,,,,,,,,,1,2,1,3,1,1,,2,2,,2,2,1,2,2,2,1,,,,4,3,4,2,,,,2,2,,4,1,2,,1,1,1,1,1,1,2,1,,,2,,,,,,,,,2,2,,,,,,,,2,,,,,,2,1,1,,,,,,,,,,,,,,1,,1,1,,1,1,1,4,1,1,2,2,,2,1,,1,1,2,,1,1,1,1,2,2,2,2,,,,,,,,,,1,2,,,,,,,,,,,,,,
2024,"Pakistan","PAK","South Asia",155833628,204070338,1.20725104873618,1,48,1,1,2,2,0,0,0,0,1,0,4,4,4,4,0,4,3,0,2,,,,,,,,,,2,2,1,2,1,2,2,2,2,,,,,,,,,,,,,,,,2,2,2,,,,2,2,2,,2,2,2,,1,2,2,,,2,4,1,1,2,,,,2,2,,4,2,2,,2,,2,,2,2,,,,,2,,,,,,,,,2,2,,,,,,,,2,,,,,,2,0,1,,,,,,,,,,,,,,2,2,1,1,,2,,,3,2,,2,2,,2,2,2,,,,,,,,,,,,,1,1,2,2,2,1,2,1,1,1,2,,,,,,,,,,,,,,
2024,"Pakistan","PAK","South Asia",155833628,204136012,0.372231323338915,2,28,2,4,1,1,0,0,0,0,1,0,2,4,4,4,0,2,1,0,2,,,,,,,,,,2,2,2,1,1,2,1,2,2,,,,,,,,,1,1,2,1,2,1,2,2,,2,,,,2,2,2,,2,,1,,2,2,1,,,,2,1,2,2,,,,,,,,,,,2,,1,1,2,1,2,2,,1,1,2,2,2,1,,,,,2,2,,,,,,,,2,,,,,,4,1,1,,,,,,,,,,,,,,1,,1,1,,1,1,1,1,1,1,2,1,1,2,1,,1,1,1,,1,1,1,2,1,2,1,2,,,,,,,,,,1,2,,,,,,,,,,,,,,
2024,"Pakistan","PAK","South Asia",155833628,204331429,0.285730633665648,1,22,2,5,2,2,0,1,1,1,1,0,4,4,4,4,0,4,3,1,2,,,,,,,,,,2,2,2,2,2,2,2,1,1,3,3,4,3,2,2,2,,,,,,,,,2,2,2,,,,2,2,2,,2,2,1,,2,2,2,,,,2,1,3,2,,,,2,2,,1,2,1,2,2,,2,,2,2,,,,,2,,,,,,,,,2,2,,,,,,,,2,,,,,,4,1,2,2,1,2,2,2,2,2,2,1,2,2,2,,,,,,,,,,,,,,,,,1,,1,2,,1,1,1,1,2,2,2,2,2,,,,,,,,,,1,2,,,,,,,,,,,,,,
2024,"Pakistan","PAK","South Asia",155833628,204406297,0.379464736940323,2,33,2,4,1,2,1,1,1,1,1,1,1,4,4,1,1,1,1,1,1,1,1,2,2,,1,1,1,2,,,,,,,,,,,1,2,1,1,1,1,2,,,,,,,,1,1,1,2,1,2,,1,1,1,2,2,1,2,2,2,2,,,,2,2,3,2,,,,1,1,2,,1,2,,1,1,1,1,2,1,1,1,,,1,2,1,1,,,2,2,,2,2,,,,,,,,1,1,1,,,1,2,1,1,,,,,,,,,,,,,,1,,1,1,,1,1,1,2,1,1,2,1,2,1,1,,1,1,2,,1,1,1,1,8,1,1,1,,,,,,,,,,1,2,,,,,,,,,,,,,,
2024,"Pakistan","PAK","South Asia",155833628,204437223,1.69735650725886,2,37,1,2,1,1,1,0,1,0,1,0,2,4,4,4,0,1,3,1,2,,,,,,,,,,,,,,,,,,,,,,,,,,,1,1,2,1,1,2,2,2,,2,,,,2,2,2,,2,,1,,2,2,1,,,,7,,1,2,,,,,,,,,,,2,,2,,2,1,1,2,1,,1,2,2,2,1,,,,,2,2,,,,,,,,2,,,,,,4,0,1,,,,,,,,,,,,,,2,2,1,1,,2,,,2,2,,2,2,,2,2,2,,,,,,,,,,,,,1,1,1,1,2,2,2,2,1,1,2,,,,,,,,,,,,,,
2024,"Pakistan","PAK","South Asia",155833628,204450125,1.52242282609688,2,15,2,5,2,2,0,1,1,1,0,1,4,4,4,4,0,4,3,1,2,,,,,,,,,,2,2,1,2,2,1,2,1,2,2,2,1,1,1,1,2,,,,,,,,,2,1,2,2,2,2,,2,2,,2,2,2,,2,2,2,,,2,2,1,2,2,,,,2,2,,1,2,2,,2,,2,,2,2,,,,,2,,,,,,,,,2,2,,,,,,,,2,,,,,,7,1,1,,,,,,,,,,,,,,1,,2,1,,1,1,1,2,1,1,1,2,,2,1,,1,1,3,,1,1,1,2,1,1,2,2,,,,,,,,,,,,,,,,,,,,,,,,,
2024,"Pakistan","PAK","South Asia",155833628,204459386,1.14741683150244,1,16,2,3,2,2,0,0,0,0,0,0,4,4,4,4,0,4,3,0,2,,,,,,,,,,2,2,1,2,2,2,1,1,2,,,,,,,,,2,2,2,2,2,2,2,2,,2,,,,2,2,2,,2,,2,,2,2,2,,,2,1,1,2,2,,,,,,,,,,,2,,2,,2,2,,,,,2,,,,,,,,,2,2,,,,,,,,2,,,,,,5,1,2,1,2,2,2,2,2,2,1,1,1,2,2,,,,,,,,,,,,,,,,,1,,1,1,1,,1,1,1,2,2,2,2,2,,,,,,,,,,,,,,,,,,,,,,,,,
2024,"Pakistan","PAK","South Asia",155833628,204677462,0.372231323338915,2,34,2,3,1,2,0,1,1,1,1,1,4,4,4,4,0,4,3,1,2,,,,,,,,,,2,2,2,2,2,1,1,2,1,1,3,2,3,1,1,2,,,,,,,,,2,1,1,2,2,1,,2,1,2,2,1,1,1,2,1,2,,,,5,1,3,2,,,,2,2,,4,2,2,,2,,2,,2,2,,,,,2,,,,,,,,,2,2,,,,,,,,2,,,,,,4,1,1,,,,,,,,,,,,,,1,,1,1,,1,1,1,2,1,1,1,2,,2,1,,1,1,2,,1,1,1,2,2,2,2,2,,,,,,,,,,1,2,,,,,,,,,,,,,,
2024,"Pakistan","PAK","South Asia",155833628,204870224,0.334513092943883,2,38,2,5,1,2,1,0,1,0,1,1,1,4,4,4,0,2,3,1,1,2,1,2,2,,2,2,2,2,,,,,,,,,,,,,,,,,,2,2,2,1,1,2,2,1,,1,2,2,2,,2,2,,2,,1,2,2,2,1,,,,2,3,1,2,,,,2,2,,4,2,2,,2,,2,,2,1,2,2,,1,1,2,1,2,,,2,1,,2,2,,,,,,,,2,,,,,,3,1,1,,,,,,,,,,,,,,1,,1,1,,1,1,1,4,1,1,2,2,,2,1,,1,1,3,,1,1,1,1,2,2,2,2,,,,,,,,,,1,2,,,,,,,,,,,,,,
2024,"Pakistan","PAK","South Asia",155833628,204922898,1.4337438485724,2,41,1,1,1,1,0,0,0,0,1,0,2,4,4,4,0,2,2,0,2,,,,,,,,,,2,2,2,1,1,1,1,2,2,,,,,,,,,2,1,1,1,2,2,2,2,,2,,,,2,2,2,,2,,2,,2,2,1,,,2,5,2,2,1,1,1,,,,,,,,,1,2,2,,2,1,2,2,,1,1,2,2,2,1,,,,,2,2,,,,,,,,2,,,,,,4,0,1,,,,,,,,,,,,,,2,2,1,2,,2,,,2,2,,2,2,,2,2,2,,,,,,,,,,,,,1,1,2,1,2,1,2,1,4,1,2,,,,,,,,,,,,,,
2024,"Pakistan","PAK","South Asia",155833628,205013387,0.327569238029839,1,42,2,5,2,2,1,0,1,1,0,1,4,4,4,4,0,4,2,0,2,1,2,3,2,,1,2,2,2,,,,,,,,,,,,,,,,,,2,1,2,2,1,2,2,1,,2,2,2,1,,2,2,,2,,2,,2,2,2,,,2,4,2,3,2,,,,2,2,,1,2,2,,1,2,2,,2,2,,,,,2,,,,,,,,,2,2,,,,,,,,2,,,,,,4,1,1,,,,,,,,,,,,,,1,,1,1,,1,1,1,4,1,1,2,2,,2,1,,1,1,3,,1,1,2,2,2,2,2,2,,,,,,,,,,1,2,,,,,,,,,,,,,,
2024,"Pakistan","PAK","South Asia",155833628,205055162,1.5767050541267,2,40,1,3,1,2,1,0,1,0,1,0,4,4,4,4,0,2,1,1,2,2,2,2,2,,2,2,2,2,,,,,,,,,,,,,,,,,,2,2,2,2,2,2,2,2,,2,,,,2,2,2,,2,,1,,1,1,1,,,,4,2,3,1,2,1,2,2,2,,2,2,2,,1,1,1,1,1,1,2,2,,1,2,,,,,,,,,2,2,,,,,,,,2,,,,,,4,1,1,,,,,,,,,,,,,,1,,1,1,,1,1,1,2,2,,2,2,,2,1,,1,1,1,,1,1,1,1,2,2,2,2,,,,,,,,,,1,2,,,,,,,,,,,,,,
2024,"Pakistan","PAK","South Asia",155833628,205129323,0.372231323338915,2,29,1,4,1,1,0,1,1,1,1,1,4,4,4,4,0,1,2,1,2,,,,,,,,,,2,2,1,2,1,1,1,2,1,1,2,2,2,1,2,2,,,,,,,,,2,1,2,2,2,2,,2,2,,2,1,1,,2,1,2,,,,2,2,2,2,,,,2,2,,4,2,2,,1,2,1,2,2,1,2,1,,,2,,,,,,,,,2,2,,,,,,,,2,,,,,,4,1,1,,,,,,,,,,,,,,1,,1,2,,1,1,1,2,1,1,2,1,2,2,1,,1,1,2,,1,1,1,2,2,2,2,2,,,,,,,,,,1,2,,,,,,,,,,,,,,
2024,"Pakistan","PAK","South Asia",155833628,205212304,0.311843985350824,2,35,2,3,1,1,0,0,0,0,0,0,2,4,4,4,0,4,3,0,2,,,,,,,,,,2,2,2,1,2,1,1,2,1,,,,,,,,,1,2,1,1,1,2,2,2,,2,,,,2,2,2,,2,,2,,2,2,2,,,2,7,,4,1,1,1,,,,,,,,,2,,2,,2,2,,,,,1,2,2,2,1,,,,,2,2,,,,,,,,2,,,,,,4,1,1,,,,,,,,,,,,,,1,,1,1,,1,1,1,1,1,1,2,1,2,2,1,,1,1,2,,1,1,1,1,2,2,2,2,,,,,,,,,,1,2,,,,,,,,,,,,,,
2024,"Pakistan","PAK","South Asia",155833628,205236679,0.285730633617055,1,28,2,2,2,1,0,0,0,0,0,0,4,4,4,4,0,2,3,0,2,,,,,,,,,,2,2,2,1,1,2,1,1,2,,,,,,,,,2,1,2,1,1,2,2,2,,2,,,,2,2,2,,2,,2,,2,2,2,,,2,5,1,1,2,,,,,,,,,,,2,,2,,2,1,2,3,,1,2,,,,,,,,,2,2,,,,,,,,2,,,,,,4,0,1,,,,,,,,,,,,,,2,2,2,2,,2,,,2,2,,2,1,2,2,2,2,,,,,,,,,,,,,1,1,1,2,2,2,2,2,1,1,2,,,,,,,,,,,,,,
2024,"Pakistan","PAK","South Asia",155833628,205407135,0.285730633617055,1,30,2,5,2,1,0,0,0,0,1,0,4,4,4,4,0,2,2,0,2,,,,,,,,,,2,2,1,2,3,2,2,1,2,,,,,,,,,2,3,2,2,2,2,2,2,,2,,,,2,2,2,,2,,1,,2,2,2,,,,2,3,3,1,2,1,,,,,,,,,2,,1,2,2,1,2,2,,1,2,,,,,,,,,2,2,,,,,,,,2,,,,,,7,0,1,,,,,,,,,,,,,,2,2,2,1,,1,1,1,4,2,,2,2,,2,2,2,,,,,,,,,,,,,2,2,2,2,1,2,2,1,5,1,2,,,,,,,,,,,,,,
2024,"Pakistan","PAK","South Asia",155833628,205774137,2.14345268513706,2,50,1,2,1,2,0,0,0,0,1,0,2,4,4,4,0,4,3,0,2,,,,,,,,,,2,2,2,2,2,2,2,2,2,,,,,,,,,2,2,2,1,1,2,2,2,,2,,,,2,2,2,,2,,1,,2,2,2,,,,2,3,3,2,,,,,,,,,,,2,,2,,2,2,,,,,1,2,2,2,1,,,,,2,2,,,,,,,,2,,,,,,3,1,1,,,,,,,,,,,,,,1,,1,1,,1,1,1,2,1,2,2,2,,2,1,,1,1,3,,1,1,1,1,2,2,2,2,,,,,,,,,,1,2,,,,,,,,,,,,,,
2024,"Pakistan","PAK","South Asia",155833628,205833292,0.285730633617055,1,33,2,5,1,2,0,0,0,0,1,0,4,4,4,4,0,2,3,0,2,,,,,,,,,,2,2,2,2,1,2,2,2,2,,,,,,,,,2,1,2,2,1,2,1,2,,2,,,,2,2,2,,2,,1,,2,1,1,,,,3,1,1,2,,,,,,,,,,,2,,2,,2,1,2,2,,1,2,,,,,,,,,2,2,,,,,,,,2,,,,,,4,1,1,,,,,,,,,,,,,,2,2,2,2,,1,1,2,2,2,,2,2,,2,1,,2,1,3,,1,1,1,2,2,2,2,2,1,1,2,2,2,2,1,2,1,2,,2,2,2,1,1,2,1,1,1,1,1,1,,
2024,"Pakistan","PAK","South Asia",155833628,205952402,1.10528510684481,1,28,1,5,2,1,0,0,0,0,1,0,4,4,4,4,0,4,1,0,3,,,,,,,,,,3,2,3,2,2,2,2,2,2,,,,,,,,,3,3,3,1,3,2,2,2,,2,,,,2,2,2,,2,,1,,1,2,1,,,,2,2,2,2,,,,,,,,,,,1,1,1,2,2,2,,,,,2,,,,,,,,,2,2,,,,,,,,2,,,,,,3,0,2,2,2,2,2,2,2,2,,2,,,,1,,,,,,,,,,,,,,,,2,2,,,,,,,,,,,,,,,,,,,,,,1,2,,,,,,,,,,,,,,
2024,"Pakistan","PAK","South Asia",155833628,206220117,1.38051044769216,2,32,1,2,1,2,0,0,0,0,1,0,4,4,4,4,0,4,3,0,2,,,,,,,,,,2,2,1,2,1,2,2,2,1,,,,,,,,,2,1,2,1,2,2,2,2,,2,,,,2,2,2,,2,,2,,2,2,1,,,2,2,2,3,2,,,,,,,,,,,2,,2,,2,2,,,,,2,,,,,,,,,2,2,,,,,,,,2,,,,,,4,1,1,,,,,,,,,,,,,,1,,1,1,,1,1,1,2,1,1,2,2,,2,1,,1,1,3,,1,1,1,1,2,2,2,2,,,,,,,,,,1,2,,,,,,,,,,,,,,
2024,"Pakistan","PAK","South Asia",155833628,206286025,0.86608520891138,1,35,1,2,1,1,0,0,0,0,0,0,4,4,4,4,0,4,3,0,2,,,,,,,,,,2,2,3,2,2,2,2,2,2,,,,,,,,,2,2,2,2,2,2,2,2,,2,,,,2,2,2,,2,,2,,2,2,2,,,2,5,1,2,2,,,,,,,,,,,2,,2,,2,2,,,,,2,,,,,,,,,2,2,,,,,,,,2,,,,,,4,0,2,1,2,2,2,2,2,2,1,2,,,,2,,,,,,,,,,,,,,,,2,2,,,,,,,,,,,,,,,,,,,,,,1,2,,,,,,,,,,,,,,
2024,"Pakistan","PAK","South Asia",155833628,206291423,1.71138259884262,2,32,1,2,1,1,0,0,0,0,1,1,4,4,4,4,0,2,3,0,2,,,,,,,,,,2,2,1,1,1,2,1,2,2,,,,,,,,,2,1,2,1,1,2,2,2,,1,,,,,2,2,,2,,1,2,2,2,2,,,,7,,1,2,,,,,,,,,,,2,,2,,2,1,2,2,,1,2,,,,,,,,,2,2,,,,,,,,2,,,,,,2,0,1,,,,,,,,,,,,,,2,2,1,1,,2,,,2,2,,2,2,,2,2,2,,,,,,,,,,,,,1,1,1,1,2,2,2,2,1,1,2,,,,,,,,,,,,,,
2024,"Pakistan","PAK","South Asia",155833628,206406537,0.589799863290756,1,45,1,2,2,1,0,1,1,1,1,0,4,4,4,4,0,5,2,1,2,,,,,,,,,,2,2,2,2,2,2,2,2,1,1,2,3,3,2,2,2,,,,,,,,,2,2,2,,,,2,2,2,,2,2,1,,2,2,2,,,,2,2,3,2,,,,2,2,,4,2,2,,2,,1,2,2,4,,,,,2,,,,,,,,,2,2,,,,,,,,2,,,,,,1,0,2,1,2,2,2,1,2,2,1,2,,,,1,,,,,,,,,,,,,,,,2,2,,,,,,,,,,,,,,,,,,,,,,1,2,,,,,,,,,,,,,,
2024,"Pakistan","PAK","South Asia",155833628,206471663,2.2554847076582,1,65,1,4,1,2,1,0,1,0,0,1,4,1,4,4,0,2,3,1,2,,,,,,,,,,,,,,,,,,,,,,,,,,,2,3,2,1,2,2,2,2,,1,,,,,2,2,,2,,2,2,2,2,2,,,2,1,3,2,1,2,2,,,,,,,,,2,,2,,1,1,2,2,,1,2,,,,,,,,,1,2,1,2,,,1,2,1,2,,,,,,7,0,1,,,,,,,,,,,,,,2,2,2,1,,2,,,2,2,,2,2,,2,2,2,,,,,,,,,,,,,2,2,2,1,2,2,1,1,4,1,2,,,,,,,,,,,,,,
2024,"Pakistan","PAK","South Asia",155833628,206585484,0.285730633617055,1,32,1,4,2,1,0,0,0,0,1,0,4,4,4,2,0,4,3,0,2,,,,,,,,,,2,2,2,2,1,2,1,2,2,,,,,,,,,2,1,2,1,2,2,2,2,,2,,,,2,2,2,,2,,2,,1,2,1,,,1,5,2,2,2,,,,,,,,,,,2,,2,,2,2,,,,,2,,,,,,,,,2,2,,,,,,,,1,2,2,1,,2,4,0,1,,,,,,,,,,,,,,2,2,2,1,,1,1,1,4,2,,1,2,,2,2,2,,,,,,,,,,,,,2,8,2,2,1,1,2,2,5,1,2,,,,,,,,,,,,,,
2024,"Pakistan","PAK","South Asia",155833628,206611009,0.38141008424464,2,20,2,1,1,1,0,0,0,0,0,0,4,4,4,4,0,4,3,0,2,,,,,,,,,,2,2,2,1,2,2,1,2,1,,,,,,,,,1,1,1,1,1,2,2,2,,2,,,,2,2,2,,2,,2,,2,2,2,,,2,2,2,1,2,,,,,,,,,,,2,,2,,2,2,,,,,2,,,,,,,,,2,2,,,,,,,,2,,,,,,4,0,1,,,,,,,,,,,,,,2,2,1,1,,2,,,2,2,,2,2,,2,2,2,,,,,,,,,,,,,1,2,1,2,2,2,2,1,8,1,2,,,,,,,,,,,,,,
2024,"Pakistan","PAK","South Asia",155833628,206662337,0.560567987135824,1,24,2,3,1,1,0,0,0,0,1,1,4,4,4,2,0,2,3,0,2,,,,,,,,,,2,2,1,1,2,2,1,2,2,,,,,,,,,2,2,2,1,2,2,2,2,,2,,,,1,2,2,,2,,2,,2,2,1,,,2,3,1,1,2,,,,,,,,,,,2,,2,,2,1,2,2,,1,2,,,,,,,,,2,2,,,,,,,,1,2,2,1,,2,4,1,2,2,8,2,2,1,1,1,5,1,1,2,1,,,,,,,,,,,,,,,,,2,1,2,8,,8,1,1,1,2,2,2,2,2,,,,,,,,,,1,2,,,,,,,,,,,,,,
2024,"Pakistan","PAK","South Asia",155833628,206744830,0.559975791510384,2,21,2,5,1,1,0,1,1,1,1,0,4,4,4,4,0,2,2,1,2,,,,,,,,,,2,2,1,2,2,2,1,2,2,1,2,2,2,1,1,2,,,,,,,,,2,2,2,,,,2,2,2,,2,2,1,,2,2,1,,,,3,2,3,2,,,,2,2,,1,2,1,2,1,2,2,,2,1,2,2,,1,2,,,,,,,,,2,2,,,,,,,,2,,,,,,7,1,1,,,,,,,,,,,,,,1,,1,1,,1,1,1,1,1,1,2,1,2,2,1,,1,1,2,,1,1,1,1,2,2,2,2,,,,,,,,,,1,2,,,,,,,,,,,,,,
2024,"Pakistan","PAK","South Asia",155833628,206764012,0.445314208250731,1,45,2,1,2,2,0,0,0,0,0,0,4,4,4,4,0,4,3,0,2,,,,,,,,,,2,2,1,2,2,1,1,2,1,,,,,,,,,1,1,1,1,2,3,2,2,,2,,,,2,2,2,,2,,2,,2,2,2,,,2,3,2,4,2,,,,,,,,,,,2,,2,,2,2,,,,,2,,,,,,,,,2,2,,,,,,,,2,,,,,,4,0,2,1,1,8,2,2,2,1,1,2,,,,1,,,,,,,,,,,,,,,,2,2,,,,,,,,,,,,,,,,,,,,,,1,2,,,,,,,,,,,,,,
2024,"Pakistan","PAK","South Asia",155833628,206770326,0.764944554334962,1,16,1,1,2,2,0,0,0,0,1,1,4,4,4,4,0,2,3,0,2,,,,,,,,,,2,2,1,1,1,1,1,1,2,,,,,,,,,1,1,1,1,2,2,2,2,,2,,,,1,2,2,,2,,1,,2,2,1,,,,3,2,1,2,,,,,,,,,,,2,,2,,2,1,2,2,,1,2,,,,,,,,,2,2,,,,,,,,2,,,,,,5,1,2,1,8,2,2,1,1,1,1,1,1,2,2,,,,,,,,,,,,,,,,,1,,3,1,3,,1,1,1,2,2,2,1,2,,,,,,,,,,,,,,,,,,,,,,,,,
2024,"Pakistan","PAK","South Asia",155833628,207012445,1.18184980118441,1,35,1,1,1,2,0,0,0,0,1,0,4,4,4,4,0,4,2,0,2,,,,,,,,,,2,2,2,2,1,1,1,2,2,,,,,,,,,2,3,1,1,2,2,2,2,,2,,,,2,2,2,,2,,1,,1,2,2,,,,2,1,1,2,,,,,,,,,,,2,,1,2,2,2,,,,,2,,,,,,,,,2,2,,,,,,,,2,,,,,,4,0,1,,,,,,,,,,,,,,2,2,2,1,,2,,,2,2,,2,2,,2,2,2,,,,,,,,,,,,,1,1,2,1,2,2,2,2,1,1,2,,,,,,,,,,,,,,
2024,"Pakistan","PAK","South Asia",155833628,207102391,0.491544329080602,1,50,1,5,2,2,1,0,1,0,1,0,4,4,4,4,0,2,2,0,2,2,1,2,2,,2,2,2,2,,,,,,,,,,,,,,,,,,2,1,2,1,1,2,2,2,,2,,,,2,2,2,,2,,1,,2,2,2,,,,2,1,1,2,,,,2,2,,1,2,2,,2,,1,2,2,1,2,2,,1,2,,,,,,,,,2,2,,,,,,,,2,,,,,,2,1,2,2,2,2,2,2,2,1,7,1,1,2,2,,,,,,,,,,,,,,,,,1,,2,2,,1,2,2,1,2,2,2,2,2,,,,,,,,,,1,2,,,,,,,,,,,,,,
2024,"Pakistan","PAK","South Asia",155833628,207188696,0.491353857044759,1,40,2,1,2,2,0,0,0,0,1,0,4,4,4,4,0,4,3,0,2,,,,,,,,,,2,2,2,1,1,1,1,1,1,,,,,,,,,1,1,1,1,3,2,2,2,,2,,,,2,2,2,,2,,2,,2,2,1,,,2,1,1,5,1,1,1,,,,,,,,,2,,2,,2,2,,,,,2,,,,,,,,,2,2,,,,,,,,2,,,,,,4,1,2,1,1,1,2,1,1,1,1,1,2,2,2,,,,,,,,,,,,,,,,,2,1,4,1,4,,2,2,2,2,2,2,2,2,,,,,,,,,,2,,2,2,2,1,1,2,1,1,1,1,1,1,,
2024,"Pakistan","PAK","South Asia",155833628,207228517,0.285730633617055,1,30,2,5,2,2,0,0,0,0,1,0,4,4,4,4,0,4,3,0,2,,,,,,,,,,2,2,1,2,2,2,1,1,2,,,,,,,,,1,2,1,1,2,2,2,2,,2,,,,2,2,2,,2,,2,,2,2,1,,,2,2,2,1,1,1,2,,,,,,,,,2,,2,,2,2,,,,,2,,,,,,,,,2,2,,,,,,,,2,,,,,,4,1,1,,,,,,,,,,,,,,1,,1,1,,1,1,1,1,1,2,2,1,2,2,1,,1,1,3,,1,1,1,2,2,2,2,2,,,,,,,,,,1,2,,,,,,,,,,,,,,
2024,"Pakistan","PAK","South Asia",155833628,207276691,0.285730633617055,1,37,1,5,2,2,0,0,0,0,0,0,4,4,4,4,0,4,3,0,2,,,,,,,,,,2,2,2,2,3,2,1,2,2,,,,,,,,,2,1,1,1,2,1,2,2,,2,,,,2,2,1,2,2,,2,,2,2,2,,,2,2,1,3,2,,,,,,,,,,,2,,2,,2,2,,,,,2,,,,,,,,,2,2,,,,,,,,2,,,,,,4,1,1,,,,,,,,,,,,,,1,,1,1,,1,1,1,1,1,1,2,2,,2,1,,1,1,1,,1,1,1,1,2,2,2,2,,,,,,,,,,1,2,,,,,,,,,,,,,,
2024,"Pakistan","PAK","South Asia",155833628,207504819,1.35814540040093,2,21,2,3,1,2,1,0,1,0,1,1,2,2,4,4,0,1,1,1,2,,,,,,,,,,,,,,,,,,,,,,,,,,,,,,,,,,1,2,2,2,2,2,,2,2,,2,2,1,,1,1,1,,,,5,2,2,2,,,,2,2,,1,2,2,,1,1,1,1,1,1,1,2,,,1,1,2,2,1,,,,,1,2,2,2,1,,,,,2,,,,,,4,1,1,,,,,,,,,,,,,,1,,1,1,,1,1,1,1,1,1,1,1,1,1,1,,1,1,1,,1,1,1,1,2,2,1,2,,,,,,,,,,1,2,,,,,,,,,,,,,,
2024,"Pakistan","PAK","South Asia",155833628,207505014,0.560567987135824,1,15,1,3,2,1,0,0,0,0,0,0,4,4,4,4,0,4,3,0,2,,,,,,,,,,2,2,3,1,2,2,1,2,2,,,,,,,,,1,2,2,1,2,2,2,2,,2,,,,2,2,2,,2,,2,,2,2,2,,,2,7,,1,2,,,,,,,,,,,2,,2,,2,2,,,,,2,,,,,,,,,2,2,,,,,,,,2,,,,,,4,0,2,2,1,2,2,2,2,2,2,2,,,,1,,,,,,,,,,,,,,,,2,2,,,,,,,,,,,,,,,,,,,,,,,,,,,,,,,,,,,,,
2024,"Pakistan","PAK","South Asia",155833628,207521944,0.381307717403349,1,38,1,3,2,1,0,0,0,0,1,0,4,4,4,4,0,4,3,0,2,,,,,,,,,,2,2,2,2,1,2,1,2,2,,,,,,,,,2,1,2,1,2,2,2,2,,2,,,,2,2,2,,2,,1,,1,2,1,,,,5,2,2,1,2,1,,,,,,,,,2,,2,,2,2,,,,,2,,,,,,,,,2,2,,,,,,,,2,,,,,,4,0,1,,,,,,,,,,,,,,2,2,2,1,,1,1,1,4,2,,2,2,,2,2,2,,,,,,,,,,,,,1,1,2,2,2,1,2,1,6,1,2,,,,,,,,,,,,,,
2024,"Pakistan","PAK","South Asia",155833628,207547783,1.19161600732836,1,30,1,2,2,2,0,0,0,0,1,0,4,4,4,4,0,2,3,0,2,,,,,,,,,,2,2,2,2,1,2,1,2,2,,,,,,,,,2,1,2,1,2,2,2,2,,2,,,,2,2,2,,2,,2,,2,2,1,,,2,7,,1,2,,,,,,,,,,,2,,2,,2,1,2,2,,1,2,,,,,,,,,2,2,,,,,,,,2,,,,,,4,0,1,,,,,,,,,,,,,,2,2,2,7,1,2,,,2,2,,2,2,,2,2,2,,,,,,,,,,,,,1,1,2,1,2,2,2,1,8,1,2,,,,,,,,,,,,,,
2024,"Pakistan","PAK","South Asia",155833628,207597923,0.503779555551112,2,40,1,1,1,2,1,0,1,0,1,0,1,4,4,4,0,2,3,1,1,2,1,2,2,,2,2,2,2,,,,,,,,,,,,,,,,,,2,2,2,1,2,2,2,2,,2,,,,2,2,2,,2,,1,,2,2,1,,,,2,1,2,2,,,,2,2,,1,2,2,,2,,2,,2,1,2,2,,1,1,2,1,2,,,2,1,,2,2,,,,,,,,2,,,,,,4,0,1,,,,,,,,,,,,,,2,2,1,1,,1,1,1,2,2,,2,2,,2,2,2,,,,,,,,,,,,,1,2,2,2,2,2,2,2,1,1,2,,,,,,,,,,,,,,
2024,"Pakistan","PAK","South Asia",155833628,207632029,0.294899931645378,1,45,1,1,2,1,0,0,0,0,0,0,4,4,4,4,0,4,3,0,2,,,,,,,,,,2,2,2,2,2,2,1,2,2,,,,,,,,,2,2,2,2,2,2,2,2,,2,,,,2,2,2,,2,,2,,2,2,2,,,2,7,,1,2,,,,,,,,,,,2,,2,,2,2,,,,,2,,,,,,,,,2,2,,,,,,,,2,,,,,,4,0,1,,,,,,,,,,,,,,2,1,1,1,,2,,,2,2,,2,2,,2,2,2,,,,,,,,,,,,,1,2,2,1,2,1,2,2,1,1,1,,,,,,,,,,,,,,
2024,"Pakistan","PAK","South Asia",155833628,207635731,0.737191283809983,2,56,2,2,2,1,0,0,0,0,0,0,4,4,4,4,0,4,3,0,2,,,,,,,,,,2,2,2,1,3,3,2,2,2,,,,,,,,,2,2,2,2,2,2,2,2,,2,,,,2,2,2,,2,,2,,2,2,2,,,2,1,3,5,2,,,,,,,,,,,2,,2,,2,2,,,,,2,,,,,,,,,2,2,,,,,,,,2,,,,,,4,0,1,,,,,,,,,,,,,,2,2,1,2,,2,,,3,2,,2,2,,2,2,2,,,,,,,,,,,,,2,1,8,1,2,2,2,1,97,1,2,,,,,,,,,,,,,,
2024,"Pakistan","PAK","South Asia",155833628,207679572,1.8105690531786,2,60,1,1,1,1,0,0,0,0,1,1,3,4,4,2,0,2,3,0,2,,,,,,,,,,2,2,2,1,2,1,1,2,1,,,,,,,,,1,1,1,1,1,2,2,2,,1,,,,,2,2,,2,,1,1,2,1,2,,,,4,2,4,2,,,,,,,,,,,2,,2,,2,1,2,2,,1,1,2,2,2,2,2,,,,2,2,,,,,,,,1,2,2,1,,2,4,0,1,,,,,,,,,,,,,,2,2,1,1,,2,,,2,1,1,1,2,,2,2,2,,,,,,,,,,,,,1,1,1,1,2,1,2,1,1,1,2,,,,,,,,,,,,,,
2024,"Pakistan","PAK","South Asia",155833628,207684379,2.35713519198082,2,40,1,2,2,2,0,0,0,0,0,0,3,3,4,4,0,4,2,0,2,,,,,,,,,,2,2,1,2,2,2,1,2,2,,,,,,,,,2,1,2,1,2,2,2,2,,2,,,,2,2,2,,2,,2,,2,2,2,,,2,3,1,3,2,,,,,,,,,,,2,,1,2,2,2,,,,,1,2,2,2,2,2,,,,1,2,2,2,2,2,,,,2,,,,,,2,1,1,,,,,,,,,,,,,,1,,1,1,,2,,,3,1,1,2,1,2,2,1,,1,1,2,,2,1,1,1,2,2,2,2,,,,,,,,,,1,2,,,,,,,,,,,,,,
2024,"Pakistan","PAK","South Asia",155833628,207706425,1.39053010172245,2,22,1,3,2,1,0,0,0,0,1,1,4,4,4,4,0,4,3,0,2,,,,,,,,,,2,2,2,1,1,2,2,2,2,,,,,,,,,1,1,2,2,1,1,2,2,,1,,,,,2,2,,2,,1,2,2,1,1,,,,3,2,1,1,2,2,,,,,,,,,2,,2,,2,2,,,,,2,,,,,,,,,2,2,,,,,,,,2,,,,,,2,1,1,,,,,,,,,,,,,,1,,1,2,,2,,,1,2,,1,1,2,2,1,,4,1,3,,2,1,1,2,2,2,2,2,,,,,,,,,,1,2,,,,,,,,,,,,,,
2024,"Pakistan","PAK","South Asia",155833628,207787203,1.07954360868094,1,25,1,2,2,2,0,0,0,0,1,0,4,4,4,4,0,4,3,0,2,,,,,,,,,,2,2,2,2,1,1,1,2,2,,,,,,,,,2,1,2,1,2,2,2,2,,2,,,,2,2,2,,2,,1,,1,2,2,,,,8,,2,1,2,1,,,,,,,,,2,,2,,2,2,,,,,2,,,,,,,,,2,2,,,,,,,,2,,,,,,4,0,2,1,1,2,1,2,2,2,1,2,,,,2,,,,,,,,,,,,,,,,2,2,,,,,,,,,,,,,,,,,,,,,,1,2,,,,,,,,,,,,,,
2024,"Pakistan","PAK","South Asia",155833628,207951065,0.628841811134897,2,30,1,2,2,1,1,1,1,1,1,1,2,2,4,1,0,4,2,1,1,1,2,2,2,,1,1,2,1,,,,,,,,,,,,,,,,,,,,,,,,,1,,2,2,2,1,,2,2,,2,,1,,2,2,1,2,,,3,2,5,2,,,,2,2,,1,2,1,2,2,,1,2,1,2,,,,,1,2,2,2,1,,,,,1,2,2,2,1,,,,,1,2,1,,,2,4,0,1,,,,,,,,,,,,,,2,1,1,1,,1,1,1,2,2,,2,2,,2,2,2,,,,,,,,,,,,,1,1,1,1,2,1,2,1,3,2,,1,1,1,1,1,1,2,2,2,2,2,2,,
2024,"Pakistan","PAK","South Asia",155833628,208112597,0.320985609745396,2,35,2,4,1,2,0,0,0,0,1,0,4,4,4,4,0,3,3,0,2,,,,,,,,,,2,2,1,2,1,2,2,2,1,,,,,,,,,2,2,2,2,2,2,2,2,,2,,,,2,2,2,,2,,1,,1,1,2,,,,3,3,3,1,2,2,,,,,,,,,2,,2,,2,1,2,2,,2,2,,,,,,,,,2,2,,,,,,,,2,,,,,,4,0,1,,,,,,,,,,,,,,2,2,1,1,,1,1,1,2,1,1,2,2,,2,2,2,,,,,,,,,,,,,2,1,2,2,2,1,2,2,2,1,2,,,,,,,,,,,,,,
2024,"Pakistan","PAK","South Asia",155833628,208285250,0.465267704912676,2,40,2,3,1,2,0,0,0,0,0,0,2,4,4,4,0,4,2,0,2,,,,,,,,,,2,2,2,2,2,2,2,2,2,,,,,,,,,2,2,2,2,2,2,2,2,,2,,,,2,2,2,,2,,2,,2,2,2,,,2,2,1,2,2,,,,,,,,,,,1,2,2,,2,2,,,,,1,2,2,2,1,,,,,2,2,,,,,,,,2,,,,,,4,0,1,,,,,,,,,,,,,,2,2,1,1,,2,,,2,2,,2,2,,2,2,2,,,,,,,,,,,,,8,2,2,2,2,2,2,2,,1,2,,,,,,,,,,,,,,
2024,"Pakistan","PAK","South Asia",155833628,208293921,0.794577465391362,2,45,2,1,1,2,0,0,0,0,0,0,3,4,4,4,0,4,3,0,2,,,,,,,,,,2,2,2,3,2,2,2,2,2,,,,,,,,,2,2,2,2,2,2,2,2,,2,,,,2,2,2,,2,,2,,2,2,2,,,2,2,2,2,2,,,,,,,,,,,2,,2,,2,2,,,,,1,2,2,2,2,4,,,,2,2,,,,,,,,2,,,,,,4,0,1,,,,,,,,,,,,,,2,2,1,1,,8,,,2,2,,2,2,,2,2,2,,,,,,,,,,,,,8,2,2,2,2,2,2,2,,1,2,,,,,,,,,,,,,,
2024,"Pakistan","PAK","South Asia",155833628,208402347,0.515231820078935,2,28,2,3,1,2,1,1,1,1,1,1,4,4,4,4,0,1,1,1,1,1,1,2,2,,1,1,1,2,,,,,,,,,,,2,2,2,1,2,2,,,,,,,,,1,1,2,3,2,2,,2,2,,2,2,2,,2,2,1,,,1,2,2,3,2,,,,2,2,,1,1,2,,1,1,1,1,2,1,2,1,,,2,,,,,,,,,2,2,,,,,,,,2,,,,,,4,1,1,,,,,,,,,,,,,,1,,1,1,,1,1,1,1,1,1,2,2,,2,2,1,2,1,3,,1,1,1,1,2,2,2,2,,,,,,,,,,1,2,,,,,,,,,,,,,,
2024,"Pakistan","PAK","South Asia",155833628,208454093,0.303141481140531,1,30,1,3,2,1,0,0,0,0,1,0,4,4,4,4,0,4,3,0,2,,,,,,,,,,2,2,2,2,1,2,1,2,2,,,,,,,,,2,1,2,1,2,2,2,2,,2,,,,2,2,2,,2,,1,,1,2,1,,,,7,,1,2,,,,,,,,,,,2,,2,,2,2,,,,,2,,,,,,,,,2,2,,,,,,,,2,,,,,,4,0,1,,,,,,,,,,,,,,2,2,2,1,,1,1,1,4,2,,2,2,,2,2,2,,,,,,,,,,,,,1,1,2,2,1,1,2,1,5,1,2,,,,,,,,,,,,,,
2024,"Pakistan","PAK","South Asia",155833628,208512916,0.604480807557036,2,40,1,2,2,1,0,0,0,0,1,0,3,4,4,4,0,4,3,0,2,,,,,,,,,,2,2,2,1,3,3,2,2,1,,,,,,,,,1,3,1,2,2,2,2,2,,2,,,,2,2,2,,2,,2,,1,2,1,,,1,7,,1,1,1,2,,,,,,,,,2,,2,,2,2,,,,,1,2,2,2,2,2,,,,2,2,,,,,,,,2,,,,,,4,0,1,,,,,,,,,,,,,,2,2,1,1,,2,,,3,2,,2,2,,2,2,2,,,,,,,,,,,,,1,8,2,1,2,2,2,2,1,1,2,,,,,,,,,,,,,,
2024,"Pakistan","PAK","South Asia",155833628,208597490,1.85479010494921,2,22,1,2,1,1,0,0,0,0,1,1,3,4,4,4,0,4,3,0,2,,,,,,,,,,2,2,1,2,1,2,1,2,2,,,,,,,,,1,1,2,1,2,2,2,2,,1,,,,,2,2,,2,,1,1,2,2,1,,,,2,2,4,2,,,,,,,,,,,2,,2,,2,2,,,,,1,2,2,2,2,2,,,,2,2,,,,,,,,2,,,,,,4,1,1,,,,,,,,,,,,,,1,,1,1,,1,1,1,1,1,1,2,2,,2,1,,1,1,4,,1,1,1,2,2,2,2,2,,,,,,,,,,1,2,,,,,,,,,,,,,,
2024,"Pakistan","PAK","South Asia",155833628,208717038,0.369180602456848,2,36,2,4,1,2,1,1,1,1,1,0,1,4,4,1,0,1,1,1,1,1,1,2,2,,1,1,1,1,,,,,,,,,,,2,2,1,1,2,2,,,,,,,,,2,2,2,,,,2,2,1,1,2,2,1,,1,1,2,2,,,5,3,3,2,,,,2,2,,4,1,2,,1,1,2,,2,1,1,1,,,1,2,1,1,,,2,1,,2,2,,,,,,,,1,1,1,,,1,1,1,1,,,,,,,,,,,,,,1,,1,1,,1,1,1,1,1,1,2,2,,1,1,,1,1,4,,1,1,1,1,2,2,1,2,,,,,,,,,,1,2,,,,,,,,,,,,,,
2024,"Pakistan","PAK","South Asia",155833628,208762707,1.38051044769216,2,30,1,2,1,2,0,0,0,0,1,0,4,4,4,4,0,4,3,0,2,,,,,,,,,,2,2,1,2,2,2,2,2,2,,,,,,,,,2,2,2,1,2,2,2,2,,2,,,,2,2,2,,2,,2,,2,2,1,,,1,2,2,4,2,,,,,,,,,,,2,,2,,2,2,,,,,2,,,,,,,,,2,2,,,,,,,,2,,,,,,5,1,1,,,,,,,,,,,,,,1,,1,1,,1,1,1,2,1,1,2,2,,2,1,,1,1,2,,1,1,1,1,2,2,2,2,,,,,,,,,,1,2,,,,,,,,,,,,,,
2024,"Pakistan","PAK","South Asia",155833628,208787394,1.73217041782276,1,35,1,3,2,1,1,0,1,0,1,0,4,1,4,4,0,4,3,1,2,2,1,3,3,1,2,1,2,2,,,,,,,,,,,,,,,,,,2,2,2,1,2,2,2,2,,2,,,,2,2,2,,2,,1,,1,2,1,,,,2,1,1,1,2,1,2,2,2,,1,2,2,,2,,2,,2,2,,,,,2,,,,,,,,,1,2,1,2,,,1,2,1,2,,,,,,4,0,2,1,1,1,1,1,8,1,1,1,2,1,1,,,,,,,,,,,,,,,,,2,2,,,,,,,,,,,,,,,,,,,,,,1,2,,,,,,,,,,,,,,
2024,"Pakistan","PAK","South Asia",155833628,209018552,2.52548585434095,2,22,1,4,1,1,0,1,1,1,1,0,2,4,4,4,0,2,1,1,2,,,,,,,,,,2,2,1,1,1,2,1,2,1,1,3,3,3,2,2,2,,,,,,,,,2,2,2,,,,2,2,2,,2,2,1,,2,2,1,,,,2,1,1,2,,,,2,2,,4,2,2,,1,1,1,1,2,1,2,2,,1,1,2,2,2,1,,,,,2,2,,,,,,,,2,,,,,,2,0,1,,,,,,,,,,,,,,2,2,1,1,,2,,,2,2,,2,2,,2,2,2,,,,,,,,,,,,,1,1,2,2,2,2,2,2,1,1,2,,,,,,,,,,,,,,
2024,"Pakistan","PAK","South Asia",155833628,209073507,0.424371075450139,1,30,1,3,2,2,0,0,0,0,1,0,4,4,4,4,0,2,3,0,2,,,,,,,,,,2,2,2,2,1,2,1,2,1,,,,,,,,,2,1,2,1,2,2,2,2,,2,,,,2,2,2,,2,,1,,1,2,2,,,,2,1,1,2,,,,,,,,,,,2,,2,,2,1,2,2,,1,2,,,,,,,,,2,2,,,,,,,,2,,,,,,4,0,2,1,1,2,2,2,2,1,7,1,2,2,2,,,,,,,,,,,,,,,,,2,2,,,,,,,,,,,,,,,,,,,,,,1,2,,,,,,,,,,,,,,
2024,"Pakistan","PAK","South Asia",155833628,209153911,0.762615434806698,1,35,1,1,2,2,0,0,0,0,1,0,4,4,4,4,0,4,3,0,2,,,,,,,,,,2,2,2,2,1,2,1,2,2,,,,,,,,,1,1,1,1,2,2,2,2,,2,,,,2,2,2,,2,,1,,2,2,1,,,,2,1,5,2,,,,,,,,,,,2,,2,,2,2,,,,,2,,,,,,,,,2,2,,,,,,,,2,,,,,,2,0,2,1,1,2,1,2,2,1,1,1,2,2,2,,,,,,,,,,,,,,,,,2,2,,,,,,,,,,,,,,,,,,,,,,1,2,,,,,,,,,,,,,,
2024,"Pakistan","PAK","South Asia",155833628,209218633,0.405098054706151,2,31,2,2,1,1,0,1,1,1,1,0,4,4,4,4,0,4,3,1,2,,,,,,,,,,2,2,1,1,1,1,1,2,1,1,2,2,2,1,2,2,,,,,,,,,2,2,2,,,,2,2,2,,2,2,2,,2,1,2,,,2,2,2,3,2,,,,2,2,,2,2,2,,2,,2,,2,2,,,,,2,,,,,,,,,2,2,,,,,,,,2,,,,,,4,1,1,,,,,,,,,,,,,,1,,1,1,,1,1,1,2,1,1,1,1,2,2,1,,1,1,3,,1,1,1,1,2,2,1,2,,,,,,,,,,1,2,,,,,,,,,,,,,,
2024,"Pakistan","PAK","South Asia",155833628,209292265,0.455932635132105,1,50,2,5,2,2,1,0,1,0,1,0,4,4,3,4,0,2,3,0,2,2,1,2,2,,2,2,2,2,,,,,,,,,,,,,,,,,,,,,,,,,2,2,2,,,,2,2,2,,2,2,1,,1,2,1,,,,2,1,1,2,,,,2,2,,4,2,2,,2,,2,,2,1,2,2,,1,2,,,,,,,,,2,1,2,2,2,2,,,,2,,,,,,4,0,1,,,,,,,,,,,,,,2,2,1,1,,1,1,1,2,2,,2,2,,2,2,2,,,,,,,,,,,,,1,1,2,2,2,2,2,2,1,1,2,,,,,,,,,,,,,,
2024,"Pakistan","PAK","South Asia",155833628,209403971,0.60947592975509,2,30,1,4,1,1,0,0,0,0,1,0,2,4,4,4,0,3,3,0,2,,,,,,,,,,2,2,1,1,1,2,1,2,1,,,,,,,,,2,1,2,1,2,2,2,2,,2,,,,2,2,2,,2,,1,,2,2,1,,,,7,,1,2,,,,,,,,,,,2,,2,,2,1,2,2,,2,1,2,2,2,1,,,,,2,2,,,,,,,,2,,,,,,4,0,1,,,,,,,,,,,,,,2,2,1,1,,2,,,2,2,,2,2,,2,2,2,,,,,,,,,,,,,1,2,1,1,2,2,2,1,1,1,2,,,,,,,,,,,,,,
2024,"Pakistan","PAK","South Asia",155833628,209693224,0.384458650600365,1,27,1,5,2,2,0,0,0,0,1,0,4,4,4,4,0,4,3,0,2,,,,,,,,,,2,2,2,1,1,2,1,2,2,,,,,,,,,1,2,2,1,2,2,2,2,,2,,,,2,2,2,,2,,1,,1,2,2,,,,5,1,3,2,,,,,,,,,,,2,,2,,2,2,,,,,2,,,,,,,,,2,2,,,,,,,,2,,,,,,4,0,1,,,,,,,,,,,,,,2,2,2,4,1,2,,,2,2,,1,2,,2,2,2,,,,,,,,,,,,,1,1,1,1,2,1,2,1,1,1,2,,,,,,,,,,,,,,
2024,"Pakistan","PAK","South Asia",155833628,209809914,0.460170149230721,2,29,2,3,1,2,0,0,0,0,1,0,4,4,4,4,0,2,3,0,2,,,,,,,,,,2,2,1,1,1,2,2,2,2,,,,,,,,,,,,,,,,2,2,2,,,,2,2,2,,2,2,2,,2,2,1,,,1,2,1,3,2,,,,2,2,,1,1,2,,2,,2,,2,1,2,2,,1,2,,,,,,,,,2,2,,,,,,,,2,,,,,,4,1,1,,,,,,,,,,,,,,1,,1,1,,1,1,1,1,2,,2,2,,2,1,,1,1,2,,1,1,1,2,2,2,2,2,,,,,,,,,,1,2,,,,,,,,,,,,,,
2024,"Pakistan","PAK","South Asia",155833628,209922687,1.60632440304887,2,20,2,4,1,1,0,0,0,0,0,0,4,4,4,4,0,4,3,0,2,,,,,,,,,,2,2,3,2,2,2,1,2,2,,,,,,,,,2,2,2,2,2,2,2,2,,2,,,,2,2,2,,2,,2,,2,2,2,,,2,2,1,1,1,2,2,,,,,,,,,2,,2,,2,2,,,,,2,,,,,,,,,2,2,,,,,,,,2,,,,,,4,1,1,,,,,,,,,,,,,,1,,1,1,,1,1,1,2,1,2,2,2,,2,1,,1,1,3,,1,1,1,1,2,2,2,2,,,,,,,,,,1,2,,,,,,,,,,,,,,
2024,"Pakistan","PAK","South Asia",155833628,209955321,0.314420905567448,2,25,2,5,1,1,1,1,1,1,1,1,1,1,4,4,1,1,1,1,1,1,1,2,2,,1,2,1,2,,,,,,,,,,,2,2,2,1,2,2,,,,,,,,,2,1,2,2,2,2,,2,2,,2,2,1,,2,2,2,,,,2,4,5,1,2,1,1,1,2,,2,1,1,3,1,1,2,,1,1,1,1,,,1,2,1,1,,,2,1,,1,2,1,1,,,1,2,1,2,,,,,,4,1,1,,,,,,,,,,,,,,1,,1,1,,1,1,1,2,1,1,1,2,,2,1,,1,1,3,,1,1,1,2,1,1,2,1,,,,,,,,,,1,2,,,,,,,,,,,,,,
2024,"Pakistan","PAK","South Asia",155833628,210048345,0.480298331682336,2,29,3,5,2,2,0,0,0,0,1,0,4,4,4,4,0,4,3,0,2,,,,,,,,,,2,2,1,2,2,2,2,2,2,,,,,,,,,2,2,2,2,2,2,2,2,,2,,,,2,2,2,,1,,2,,2,2,2,,,,1,1,1,2,,,,,,,,,,,2,,2,,2,2,,,,,2,,,,,,,,,2,2,,,,,,,,2,,,,,,2,1,1,,,,,,,,,,,,,,1,,1,1,,2,,,1,1,2,2,2,,2,1,,1,1,3,,1,1,1,2,2,2,2,2,,,,,,,,,,1,1,,,,,,,,,,,,,,
2024,"Pakistan","PAK","South Asia",155833628,210060219,0.982050102952661,2,48,2,4,1,2,1,1,1,1,1,1,1,4,4,4,1,4,1,1,1,1,1,2,2,,1,1,1,2,,,,,,,,,,,2,2,1,1,1,2,,,,,,,,,1,1,2,2,2,2,,2,1,1,1,1,1,,1,2,2,,,,2,2,3,2,,,,2,1,3,,2,1,1,1,1,1,1,2,2,,,,,1,2,1,1,,,1,2,,2,2,,,,,,,,2,,,,,,1,1,1,,,,,,,,,,,,,,1,,1,1,,1,1,1,2,1,1,1,1,2,2,1,,1,1,3,,1,1,1,2,1,1,2,2,,,,,,,,,,1,2,,,,,,,,,,,,,,
2024,"Pakistan","PAK","South Asia",155833628,210061383,0.311843985350824,2,38,2,3,1,1,1,1,1,1,0,1,2,4,4,4,0,4,3,1,1,1,1,3,3,1,1,2,1,2,,,,,,,,,,,2,3,3,2,2,2,,,,,,,,,1,1,1,3,2,2,,2,2,,2,2,2,2,2,2,2,,,2,1,2,4,1,1,1,1,2,2,,1,2,2,,2,,2,,2,2,,,,,1,2,2,2,1,,,,,2,2,,,,,,,,2,,,,,,3,1,1,,,,,,,,,,,,,,1,,1,1,,1,1,1,1,1,1,2,1,2,2,1,,1,1,3,,1,1,1,2,2,2,2,2,,,,,,,,,,1,2,,,,,,,,,,,,,,
2024,"Pakistan","PAK","South Asia",155833628,210187799,2.19245289714655,1,36,1,5,2,1,0,0,0,0,1,0,4,4,4,4,0,4,3,0,2,,,,,,,,,,2,2,3,1,2,2,3,2,3,,,,,,,,,2,3,3,2,3,2,2,2,,2,,,,2,2,2,,2,,1,,1,2,2,,,,7,,1,1,2,1,,,,,,,,,2,,2,,2,2,,,,,2,,,,,,,,,2,2,,,,,,,,2,,,,,,3,0,2,1,8,2,8,8,8,9,1,1,1,2,2,,,,,,,,,,,,,,,,,2,2,,,,,,,,,,,,,,,,,,,,,,1,2,,,,,,,,,,,,,,
2024,"Pakistan","PAK","South Asia",155833628,210234319,1.39053010172245,2,22,2,5,1,2,1,0,1,0,1,0,1,4,4,4,0,2,3,1,1,2,1,2,2,,2,1,1,2,,,,,,,,,,,,,,,,,,2,2,2,1,2,1,2,2,,2,,,,2,2,2,,2,,1,,2,2,1,,,,2,1,1,2,,,,2,2,,4,2,2,,2,,2,,2,1,2,2,,1,1,2,1,2,,,2,1,,2,2,,,,,,,,2,,,,,,4,1,1,,,,,,,,,,,,,,1,,1,1,,1,1,1,2,1,1,2,2,,2,1,,1,1,3,,1,1,1,1,2,2,2,2,,,,,,,,,,1,2,,,,,,,,,,,,,,
2024,"Pakistan","PAK","South Asia",155833628,210280156,0.314420905567448,2,30,2,5,1,1,1,1,1,1,1,1,2,4,4,4,0,4,3,1,1,1,1,3,2,,2,2,2,2,,,,,,,,,,,3,3,3,2,2,2,,,,,,,,,1,1,1,3,2,2,,2,2,,1,1,2,1,2,2,2,,,,1,1,4,1,1,1,1,1,2,,1,2,2,,2,,2,,2,2,,,,,1,2,2,2,1,,,,,2,2,,,,,,,,2,,,,,,2,1,1,,,,,,,,,,,,,,1,,1,1,,1,1,1,1,1,1,2,2,,2,1,,1,1,2,,1,1,1,1,2,2,2,2,,,,,,,,,,1,2,,,,,,,,,,,,,,
2024,"Pakistan","PAK","South Asia",155833628,210562037,3.36249473672386,2,58,1,1,2,2,0,0,0,0,1,0,4,4,4,4,0,4,3,0,2,,,,,,,,,,2,2,2,2,3,3,2,2,2,,,,,,,,,2,2,3,2,2,2,2,2,,2,,,,2,2,2,,2,,2,,3,2,1,,,2,7,,1,2,,,,,,,,,,,2,,2,,2,2,,,,,2,,,,,,,,,2,2,,,,,,,,2,,,,,,3,0,2,1,2,2,1,2,2,2,1,2,,,,1,,,,,,,,,,,,,,,,2,2,,,,,,,,,,,,,,,,,,,,,,1,2,,,,,,,,,,,,,,
2024,"Pakistan","PAK","South Asia",155833628,210646503,0.528433858168865,1,34,3,5,2,2,0,1,1,1,0,0,4,4,4,4,0,2,3,1,2,,,,,,,,,,2,2,1,2,2,2,2,1,2,1,3,3,3,2,2,2,,,,,,,,,2,2,2,,,,2,2,2,,2,2,2,,2,2,2,,,2,2,2,5,1,2,2,2,2,2,,4,2,2,,2,,2,,2,1,2,2,,1,2,,,,,,,,,2,2,,,,,,,,2,,,,,,7,1,1,,,,,,,,,,,,,,1,,1,1,,1,1,1,4,1,1,2,2,,2,1,,1,1,3,,1,2,1,1,2,2,2,2,,,,,,,,,,1,2,,,,,,,,,,,,,,
2024,"Pakistan","PAK","South Asia",155833628,210771057,1.02369540019042,1,48,1,4,2,1,0,0,0,0,1,0,4,4,4,4,0,4,3,0,2,,,,,,,,,,2,2,2,1,1,1,1,2,2,,,,,,,,,2,1,1,1,2,2,2,2,,2,,,,2,2,2,,2,,2,,2,2,1,,,2,2,1,2,2,,,,,,,,,,,2,,2,,2,2,,,,,2,,,,,,,,,2,2,,,,,,,,2,,,,,,2,0,2,1,1,1,1,2,2,1,4,1,2,2,2,,,,,,,,,,,,,,,,,2,2,,,,,,,,,,,,,,,,,,,,,,1,2,,,,,,,,,,,,,,
2024,"Pakistan","PAK","South Asia",155833628,210786637,1.21883941302195,2,19,2,5,2,1,0,1,1,1,1,0,4,4,4,4,0,1,3,1,2,,,,,,,,,,2,2,1,2,2,1,2,1,2,2,1,1,1,1,2,2,,,,,,,,,2,2,2,,,,2,2,2,,2,2,1,,2,2,2,,,,2,3,3,2,,,,2,2,,4,1,2,,2,,2,,2,1,2,1,,,2,,,,,,,,,2,2,,,,,,,,2,,,,,,2,1,1,,,,,,,,,,,,,,1,,1,1,,1,1,1,1,1,1,2,1,2,2,1,,1,1,2,,1,1,1,1,1,1,2,1,,,,,,,,,,1,2,,,,,,,,,,,,,,
2024,"Pakistan","PAK","South Asia",155833628,210994514,0.54930144917378,2,23,2,3,1,1,0,0,0,0,1,1,4,4,4,4,0,2,3,0,2,,,,,,,,,,2,2,1,1,1,2,1,2,2,,,,,,,,,1,2,2,1,1,1,2,2,,2,,,,1,2,2,,2,,1,,1,2,1,,,,2,1,2,2,,,,,,,,,,,2,,2,,2,1,2,2,,1,2,,,,,,,,,2,2,,,,,,,,2,,,,,,4,1,1,,,,,,,,,,,,,,1,,1,1,,1,1,1,2,1,1,2,2,,2,1,,1,1,2,,1,1,1,2,2,2,2,2,,,,,,,,,,1,2,,,,,,,,,,,,,,
